order_id,code,side,quantity,submit_ts,fill_ts,fill_price,status,phase,ts_event
O000001,000003.SZ,buy,8300,2023-01-09,,0.0,pending,submitted,2023-01-09
O000002,000017.SZ,buy,9500,2023-01-09,,0.0,pending,submitted,2023-01-09
O000003,000020.SZ,buy,8400,2023-01-09,,0.0,pending,submitted,2023-01-09
O000004,000026.SZ,buy,8600,2023-01-09,,0.0,pending,submitted,2023-01-09
O000005,000034.SZ,buy,9100,2023-01-09,,0.0,pending,submitted,2023-01-09
O000006,000036.SZ,buy,9600,2023-01-09,,0.0,pending,submitted,2023-01-09
O000007,000038.SZ,buy,9600,2023-01-09,,0.0,pending,submitted,2023-01-09
O000008,000041.SZ,buy,8200,2023-01-09,,0.0,pending,submitted,2023-01-09
O000009,000046.SZ,buy,8700,2023-01-09,,0.0,pending,submitted,2023-01-09
O000010,000048.SZ,buy,9100,2023-01-09,,0.0,pending,submitted,2023-01-09
O000001,000003.SZ,buy,8300,2023-01-09,2023-01-10,11.408396999999999,filled,filled,2023-01-10
O000002,000017.SZ,buy,9500,2023-01-09,2023-01-10,9.944534599999999,filled,filled,2023-01-10
O000003,000020.SZ,buy,8400,2023-01-09,2023-01-10,11.2099988,filled,filled,2023-01-10
O000004,000026.SZ,buy,8600,2023-01-09,2023-01-10,10.999888899999998,filled,filled,2023-01-10
O000005,000034.SZ,buy,9100,2023-01-09,2023-01-10,10.400590199999998,filled,filled,2023-01-10
O000006,000036.SZ,buy,9600,2023-01-09,2023-01-10,9.856546699999999,filled,filled,2023-01-10
O000007,000038.SZ,buy,9600,2023-01-09,2023-01-10,9.852742899999999,filled,filled,2023-01-10
O000008,000041.SZ,buy,8200,2023-01-09,2023-01-10,11.525814299999999,filled,filled,2023-01-10
O000009,000046.SZ,buy,8700,2023-01-09,2023-01-10,10.818207399999999,filled,filled,2023-01-10
O000010,000048.SZ,buy,9100,2023-01-09,2023-01-10,10.4018915,filled,filled,2023-01-10
O000011,000020.SZ,buy,400,2023-01-10,,0.0,pending,submitted,2023-01-10
O000012,000026.SZ,buy,400,2023-01-10,,0.0,pending,submitted,2023-01-10
O000013,000033.SZ,buy,400,2023-01-10,,0.0,pending,submitted,2023-01-10
O000014,000034.SZ,buy,400,2023-01-10,,0.0,pending,submitted,2023-01-10
O000015,000036.SZ,buy,500,2023-01-10,,0.0,pending,submitted,2023-01-10
O000016,000038.SZ,buy,500,2023-01-10,,0.0,pending,submitted,2023-01-10
O000017,000041.SZ,buy,400,2023-01-10,,0.0,pending,submitted,2023-01-10
O000018,000044.SZ,buy,500,2023-01-10,,0.0,pending,submitted,2023-01-10
O000019,000048.SZ,buy,500,2023-01-10,,0.0,pending,submitted,2023-01-10
O000020,000050.SZ,buy,500,2023-01-10,,0.0,pending,submitted,2023-01-10
O000011,000020.SZ,buy,400,2023-01-10,2023-01-11,11.408196799999999,filled,filled,2023-01-11
O000012,000026.SZ,buy,400,2023-01-10,2023-01-11,10.985874899999999,filled,filled,2023-01-11
O000013,000033.SZ,buy,400,2023-01-10,2023-01-11,10.980669699999998,filled,filled,2023-01-11
O000014,000034.SZ,buy,400,2023-01-10,2023-01-11,10.5609504,filled,filled,2023-01-11
O000015,000036.SZ,buy,500,2023-01-10,2023-01-11,9.588579,filled,filled,2023-01-11
O000016,000038.SZ,buy,500,2023-01-10,2023-01-11,10.083273199999999,filled,filled,2023-01-11
O000017,000041.SZ,buy,400,2023-01-10,2023-01-11,11.664552899999999,filled,filled,2023-01-11
O000018,000044.SZ,buy,500,2023-01-10,2023-01-11,10.298688399999998,filled,filled,2023-01-11
O000019,000048.SZ,buy,500,2023-01-10,2023-01-11,10.2957855,filled,filled,2023-01-11
O000020,000050.SZ,buy,500,2023-01-10,2023-01-11,10.0855755,filled,filled,2023-01-11
O000021,000034.SZ,sell,9500,2023-01-12,,0.0,pending,submitted,2023-01-12
O000021,000034.SZ,sell,9500,2023-01-12,2023-01-13,9.9516384,filled,filled,2023-01-13
O000022,000017.SZ,sell,9500,2023-01-13,,0.0,pending,submitted,2023-01-13
O000023,000003.SZ,buy,800,2023-01-13,,0.0,pending,submitted,2023-01-13
O000024,000004.SZ,buy,800,2023-01-13,,0.0,pending,submitted,2023-01-13
O000025,000012.SZ,buy,900,2023-01-13,,0.0,pending,submitted,2023-01-13
O000026,000027.SZ,buy,800,2023-01-13,,0.0,pending,submitted,2023-01-13
O000027,000032.SZ,buy,900,2023-01-13,,0.0,pending,submitted,2023-01-13
O000028,000033.SZ,buy,800,2023-01-13,,0.0,pending,submitted,2023-01-13
O000029,000038.SZ,buy,900,2023-01-13,,0.0,pending,submitted,2023-01-13
O000030,000039.SZ,buy,900,2023-01-13,,0.0,pending,submitted,2023-01-13
O000031,000041.SZ,buy,800,2023-01-13,,0.0,pending,submitted,2023-01-13
O000032,000047.SZ,buy,900,2023-01-13,,0.0,pending,submitted,2023-01-13
O000022,000017.SZ,sell,9500,2023-01-13,2023-01-16,9.387403200000001,filled,filled,2023-01-16
O000023,000003.SZ,buy,800,2023-01-13,2023-01-16,11.843631799999999,filled,filled,2023-01-16
O000024,000004.SZ,buy,800,2023-01-13,2023-01-16,11.1071961,filled,filled,2023-01-16
O000025,000012.SZ,buy,900,2023-01-13,2023-01-16,10.6757651,filled,filled,2023-01-16
O000026,000027.SZ,buy,800,2023-01-13,2023-01-16,10.8223115,filled,filled,2023-01-16
O000027,000032.SZ,buy,900,2023-01-13,2023-01-16,9.901992099999998,filled,filled,2023-01-16
O000028,000033.SZ,buy,800,2023-01-13,2023-01-16,10.9657548,filled,filled,2023-01-16
O000029,000038.SZ,buy,900,2023-01-13,2023-01-16,10.381471099999999,filled,filled,2023-01-16
O000030,000039.SZ,buy,900,2023-01-13,2023-01-16,9.9478379,filled,filled,2023-01-16
O000031,000041.SZ,buy,800,2023-01-13,2023-01-16,11.342631299999999,filled,filled,2023-01-16
O000032,000047.SZ,buy,900,2023-01-13,2023-01-16,10.2479377,filled,filled,2023-01-16
O000033,000046.SZ,sell,8700,2023-01-16,,0.0,pending,submitted,2023-01-16
O000034,000004.SZ,buy,800,2023-01-16,,0.0,pending,submitted,2023-01-16
O000035,000012.SZ,buy,800,2023-01-16,,0.0,pending,submitted,2023-01-16
O000036,000018.SZ,buy,900,2023-01-16,,0.0,pending,submitted,2023-01-16
O000037,000019.SZ,buy,900,2023-01-16,,0.0,pending,submitted,2023-01-16
O000038,000022.SZ,buy,900,2023-01-16,,0.0,pending,submitted,2023-01-16
O000039,000027.SZ,buy,800,2023-01-16,,0.0,pending,submitted,2023-01-16
O000040,000032.SZ,buy,900,2023-01-16,,0.0,pending,submitted,2023-01-16
O000041,000033.SZ,buy,800,2023-01-16,,0.0,pending,submitted,2023-01-16
O000042,000038.SZ,buy,900,2023-01-16,,0.0,pending,submitted,2023-01-16
O000043,000039.SZ,buy,900,2023-01-16,,0.0,pending,submitted,2023-01-16
O000033,000046.SZ,sell,8700,2023-01-16,2023-01-17,10.3963932,filled,filled,2023-01-17
O000034,000004.SZ,buy,800,2023-01-16,2023-01-17,10.991180199999999,filled,filled,2023-01-17
O000035,000012.SZ,buy,800,2023-01-16,2023-01-17,10.6787681,filled,filled,2023-01-17
O000036,000018.SZ,buy,900,2023-01-16,2023-01-17,10.216506299999999,filled,filled,2023-01-17
O000037,000019.SZ,buy,900,2023-01-16,2023-01-17,10.118208099999999,filled,filled,2023-01-17
O000038,000022.SZ,buy,900,2023-01-16,2023-01-17,10.2018917,filled,filled,2023-01-17
O000039,000027.SZ,buy,800,2023-01-16,2023-01-17,10.758047299999998,filled,filled,2023-01-17
O000040,000032.SZ,buy,900,2023-01-16,2023-01-17,10.0050951,filled,filled,2023-01-17
O000041,000033.SZ,buy,800,2023-01-16,2023-01-17,11.061150099999999,filled,filled,2023-01-17
O000042,000038.SZ,buy,900,2023-01-16,2023-01-17,10.269759499999997,filled,filled,2023-01-17
O000043,000039.SZ,buy,900,2023-01-16,2023-01-17,10.0311211,filled,filled,2023-01-17
O000044,000020.SZ,sell,8800,2023-01-17,,0.0,pending,submitted,2023-01-17
O000045,000048.SZ,sell,9600,2023-01-17,,0.0,pending,submitted,2023-01-17
O000046,000009.SZ,buy,900,2023-01-17,,0.0,pending,submitted,2023-01-17
O000047,000012.SZ,buy,800,2023-01-17,,0.0,pending,submitted,2023-01-17
O000048,000014.SZ,buy,900,2023-01-17,,0.0,pending,submitted,2023-01-17
O000049,000018.SZ,buy,900,2023-01-17,,0.0,pending,submitted,2023-01-17
O000050,000019.SZ,buy,900,2023-01-17,,0.0,pending,submitted,2023-01-17
O000051,000021.SZ,buy,900,2023-01-17,,0.0,pending,submitted,2023-01-17
O000052,000032.SZ,buy,900,2023-01-17,,0.0,pending,submitted,2023-01-17
O000053,000036.SZ,buy,900,2023-01-17,,0.0,pending,submitted,2023-01-17
O000054,000038.SZ,buy,900,2023-01-17,,0.0,pending,submitted,2023-01-17
O000055,000042.SZ,buy,900,2023-01-17,,0.0,pending,submitted,2023-01-17
O000044,000020.SZ,sell,8800,2023-01-17,2023-01-18,10.939349700000001,filled,filled,2023-01-18
O000045,000048.SZ,sell,9600,2023-01-17,2023-01-18,9.7597305,filled,filled,2023-01-18
O000046,000009.SZ,buy,900,2023-01-17,2023-01-18,9.660851199999998,filled,filled,2023-01-18
O000047,000012.SZ,buy,800,2023-01-17,2023-01-18,10.749538799999998,filled,filled,2023-01-18
O000048,000014.SZ,buy,900,2023-01-17,2023-01-18,9.715806099999998,filled,filled,2023-01-18
O000049,000018.SZ,buy,900,2023-01-17,2023-01-18,10.378267899999999,filled,filled,2023-01-18
O000050,000019.SZ,buy,900,2023-01-17,2023-01-18,10.223513299999999,filled,filled,2023-01-18
O000051,000021.SZ,buy,900,2023-01-17,2023-01-18,9.5749654,filled,filled,2023-01-18
O000052,000032.SZ,buy,900,2023-01-17,2023-01-18,10.355445099999999,filled,filled,2023-01-18
O000053,000036.SZ,buy,900,2023-01-17,2023-01-18,10.0562462,filled,filled,2023-01-18
O000054,000038.SZ,buy,900,2023-01-17,2023-01-18,10.454944499999998,filled,filled,2023-01-18
O000055,000042.SZ,buy,900,2023-01-17,2023-01-18,10.492381899999998,filled,filled,2023-01-18
O000056,000022.SZ,sell,900,2023-01-18,,0.0,pending,submitted,2023-01-18
O000057,000009.SZ,buy,1900,2023-01-18,,0.0,pending,submitted,2023-01-18
O000058,000012.SZ,buy,1700,2023-01-18,,0.0,pending,submitted,2023-01-18
O000059,000013.SZ,buy,1800,2023-01-18,,0.0,pending,submitted,2023-01-18
O000060,000018.SZ,buy,1800,2023-01-18,,0.0,pending,submitted,2023-01-18
O000061,000019.SZ,buy,1800,2023-01-18,,0.0,pending,submitted,2023-01-18
O000062,000027.SZ,buy,1700,2023-01-18,,0.0,pending,submitted,2023-01-18
O000063,000032.SZ,buy,1800,2023-01-18,,0.0,pending,submitted,2023-01-18
O000064,000038.SZ,buy,1800,2023-01-18,,0.0,pending,submitted,2023-01-18
O000065,000046.SZ,buy,1700,2023-01-18,,0.0,pending,submitted,2023-01-18
O000066,000048.SZ,buy,1800,2023-01-18,,0.0,pending,submitted,2023-01-18
O000056,000022.SZ,sell,900,2023-01-18,2023-01-19,9.5679225,filled,filled,2023-01-19
O000057,000009.SZ,buy,1900,2023-01-18,2023-01-19,9.866556699999999,filled,filled,2023-01-19
O000058,000012.SZ,buy,1700,2023-01-18,2023-01-19,10.887676799999998,filled,filled,2023-01-19
O000059,000013.SZ,buy,1800,2023-01-18,2023-01-19,10.287977699999999,filled,filled,2023-01-19
O000060,000018.SZ,buy,1800,2023-01-18,2023-01-19,10.2287185,filled,filled,2023-01-19
O000061,000019.SZ,buy,1800,2023-01-18,2023-01-19,10.4759655,filled,filled,2023-01-19
O000062,000027.SZ,buy,1700,2023-01-18,2023-01-19,10.9047939,filled,filled,2023-01-19
O000063,000032.SZ,buy,1800,2023-01-18,2023-01-19,10.1458357,filled,filled,2023-01-19
O000064,000038.SZ,buy,1800,2023-01-18,2023-01-19,10.535424899999999,filled,filled,2023-01-19
O000065,000046.SZ,buy,1700,2023-01-18,2023-01-19,10.8626518,filled,filled,2023-01-19
O000066,000048.SZ,buy,1800,2023-01-18,2023-01-19,10.4088985,filled,filled,2023-01-19
O000067,000009.SZ,buy,200,2023-01-19,,0.0,pending,submitted,2023-01-19
O000068,000013.SZ,buy,100,2023-01-19,,0.0,pending,submitted,2023-01-19
O000069,000018.SZ,buy,200,2023-01-19,,0.0,pending,submitted,2023-01-19
O000070,000021.SZ,buy,200,2023-01-19,,0.0,pending,submitted,2023-01-19
O000071,000032.SZ,buy,200,2023-01-19,,0.0,pending,submitted,2023-01-19
O000072,000036.SZ,buy,200,2023-01-19,,0.0,pending,submitted,2023-01-19
O000073,000041.SZ,buy,100,2023-01-19,,0.0,pending,submitted,2023-01-19
O000074,000042.SZ,buy,200,2023-01-19,,0.0,pending,submitted,2023-01-19
O000075,000044.SZ,buy,200,2023-01-19,,0.0,pending,submitted,2023-01-19
O000076,000048.SZ,buy,200,2023-01-19,,0.0,pending,submitted,2023-01-19
O000067,000009.SZ,buy,200,2023-01-19,2023-01-20,9.936226299999998,filled,filled,2023-01-20
O000068,000013.SZ,buy,100,2023-01-19,2023-01-20,10.687676999999999,filled,filled,2023-01-20
O000069,000018.SZ,buy,200,2023-01-19,2023-01-20,10.309599299999999,filled,filled,2023-01-20
O000070,000021.SZ,buy,200,2023-01-19,2023-01-20,9.480671199999998,filled,filled,2023-01-20
O000071,000032.SZ,buy,200,2023-01-19,2023-01-20,10.378868499999998,filled,filled,2023-01-20
O000072,000036.SZ,buy,200,2023-01-19,2023-01-20,10.17016,filled,filled,2023-01-20
O000073,000041.SZ,buy,100,2023-01-19,2023-01-20,11.8012895,filled,filled,2023-01-20
O000074,000042.SZ,buy,200,2023-01-19,2023-01-20,10.110600499999999,filled,filled,2023-01-20
O000075,000044.SZ,buy,200,2023-01-19,2023-01-20,10.4699595,filled,filled,2023-01-20
O000076,000048.SZ,buy,200,2023-01-19,2023-01-20,10.439729299999998,filled,filled,2023-01-20
O000077,000039.SZ,sell,1800,2023-01-20,,0.0,pending,submitted,2023-01-20
O000078,000047.SZ,sell,900,2023-01-20,,0.0,pending,submitted,2023-01-20
O000077,000039.SZ,sell,1800,2023-01-20,2023-01-23,9.5825079,filled,filled,2023-01-23
O000078,000047.SZ,sell,900,2023-01-20,2023-01-23,9.5980923,filled,filled,2023-01-23
O000079,000026.SZ,sell,9000,2023-01-23,,0.0,pending,submitted,2023-01-23
O000080,000009.SZ,buy,200,2023-01-23,,0.0,pending,submitted,2023-01-23
O000081,000013.SZ,buy,200,2023-01-23,,0.0,pending,submitted,2023-01-23
O000082,000017.SZ,buy,200,2023-01-23,,0.0,pending,submitted,2023-01-23
O000083,000019.SZ,buy,200,2023-01-23,,0.0,pending,submitted,2023-01-23
O000084,000021.SZ,buy,200,2023-01-23,,0.0,pending,submitted,2023-01-23
O000085,000027.SZ,buy,200,2023-01-23,,0.0,pending,submitted,2023-01-23
O000086,000036.SZ,buy,200,2023-01-23,,0.0,pending,submitted,2023-01-23
O000087,000041.SZ,buy,200,2023-01-23,,0.0,pending,submitted,2023-01-23
O000088,000046.SZ,buy,200,2023-01-23,,0.0,pending,submitted,2023-01-23
O000089,000049.SZ,buy,200,2023-01-23,,0.0,pending,submitted,2023-01-23
O000079,000026.SZ,sell,9000,2023-01-23,2023-01-24,10.6909983,filled,filled,2023-01-24
O000080,000009.SZ,buy,200,2023-01-23,2023-01-24,9.932322399999999,filled,filled,2023-01-24
O000081,000013.SZ,buy,200,2023-01-23,2023-01-24,10.561951399999998,filled,filled,2023-01-24
O000082,000017.SZ,buy,200,2023-01-23,2023-01-24,9.580070499999998,filled,filled,2023-01-24
O000083,000019.SZ,buy,200,2023-01-23,2023-01-24,10.577166599999998,filled,filled,2023-01-24
O000084,000021.SZ,buy,200,2023-01-23,2023-01-24,9.86986,filled,filled,2023-01-24
O000085,000027.SZ,buy,200,2023-01-23,2023-01-24,11.1129018,filled,filled,2023-01-24
O000086,000036.SZ,buy,200,2023-01-23,2023-01-24,10.284073799999998,filled,filled,2023-01-24
O000087,000041.SZ,buy,200,2023-01-23,2023-01-24,12.217305099999999,filled,filled,2023-01-24
O000088,000046.SZ,buy,200,2023-01-23,2023-01-24,10.714103399999999,filled,filled,2023-01-24
O000089,000049.SZ,buy,200,2023-01-23,2023-01-24,10.391481099999998,filled,filled,2023-01-24
O000090,000042.SZ,sell,1100,2023-01-24,,0.0,pending,submitted,2023-01-24
O000091,000050.SZ,sell,500,2023-01-24,,0.0,pending,submitted,2023-01-24
O000092,000005.SZ,buy,1000,2023-01-24,,0.0,pending,submitted,2023-01-24
O000093,000013.SZ,buy,900,2023-01-24,,0.0,pending,submitted,2023-01-24
O000094,000017.SZ,buy,1000,2023-01-24,,0.0,pending,submitted,2023-01-24
O000095,000021.SZ,buy,900,2023-01-24,,0.0,pending,submitted,2023-01-24
O000096,000027.SZ,buy,800,2023-01-24,,0.0,pending,submitted,2023-01-24
O000097,000032.SZ,buy,900,2023-01-24,,0.0,pending,submitted,2023-01-24
O000098,000036.SZ,buy,900,2023-01-24,,0.0,pending,submitted,2023-01-24
O000099,000041.SZ,buy,800,2023-01-24,,0.0,pending,submitted,2023-01-24
O000100,000045.SZ,buy,900,2023-01-24,,0.0,pending,submitted,2023-01-24
O000101,000049.SZ,buy,900,2023-01-24,,0.0,pending,submitted,2023-01-24
O000090,000042.SZ,sell,1100,2023-01-24,2023-01-25,10.0293606,filled,filled,2023-01-25
O000091,000050.SZ,sell,500,2023-01-24,2023-01-25,9.680509800000001,filled,filled,2023-01-25
O000092,000005.SZ,buy,1000,2023-01-24,2023-01-25,9.460951499999998,filled,filled,2023-01-25
O000093,000013.SZ,buy,900,2023-01-24,2023-01-25,10.807997199999999,filled,filled,2023-01-25
O000094,000017.SZ,buy,1000,2023-01-24,2023-01-25,9.622512899999998,filled,filled,2023-01-25
O000095,000021.SZ,buy,900,2023-01-24,2023-01-25,10.1303202,filled,filled,2023-01-25
O000096,000027.SZ,buy,800,2023-01-24,2023-01-25,11.074062999999999,filled,filled,2023-01-25
O000097,000032.SZ,buy,900,2023-01-24,2023-01-25,10.6880774,filled,filled,2023-01-25
O000098,000036.SZ,buy,900,2023-01-24,2023-01-25,10.569959399999998,filled,filled,2023-01-25
O000099,000041.SZ,buy,800,2023-01-24,2023-01-25,11.975363399999999,filled,filled,2023-01-25
O000100,000045.SZ,buy,900,2023-01-24,2023-01-25,10.1447346,filled,filled,2023-01-25
O000101,000049.SZ,buy,900,2023-01-24,2023-01-25,10.4094991,filled,filled,2023-01-25
O000102,000003.SZ,buy,200,2023-01-25,,0.0,pending,submitted,2023-01-25
O000103,000005.SZ,buy,200,2023-01-25,,0.0,pending,submitted,2023-01-25
O000104,000007.SZ,buy,200,2023-01-25,,0.0,pending,submitted,2023-01-25
O000105,000018.SZ,buy,200,2023-01-25,,0.0,pending,submitted,2023-01-25
O000106,000021.SZ,buy,200,2023-01-25,,0.0,pending,submitted,2023-01-25
O000107,000025.SZ,buy,200,2023-01-25,,0.0,pending,submitted,2023-01-25
O000108,000032.SZ,buy,200,2023-01-25,,0.0,pending,submitted,2023-01-25
O000109,000036.SZ,buy,200,2023-01-25,,0.0,pending,submitted,2023-01-25
O000110,000045.SZ,buy,200,2023-01-25,,0.0,pending,submitted,2023-01-25
O000111,000049.SZ,buy,200,2023-01-25,,0.0,pending,submitted,2023-01-25
O000102,000003.SZ,buy,200,2023-01-25,2023-01-26,12.089677599999998,filled,filled,2023-01-26
O000103,000005.SZ,buy,200,2023-01-25,2023-01-26,9.853043199999998,filled,filled,2023-01-26
O000104,000007.SZ,buy,200,2023-01-25,2023-01-26,9.473063599999998,filled,filled,2023-01-26
O000105,000018.SZ,buy,200,2023-01-25,2023-01-26,10.660950299999998,filled,filled,2023-01-26
O000106,000021.SZ,buy,200,2023-01-25,2023-01-26,10.4778674,filled,filled,2023-01-26
O000107,000025.SZ,buy,200,2023-01-25,2023-01-26,10.1990889,filled,filled,2023-01-26
O000108,000032.SZ,buy,200,2023-01-25,2023-01-26,10.714103399999999,filled,filled,2023-01-26
O000109,000036.SZ,buy,200,2023-01-25,2023-01-26,11.071460399999998,filled,filled,2023-01-26
O000110,000045.SZ,buy,200,2023-01-25,2023-01-26,10.489378899999998,filled,filled,2023-01-26
O000111,000049.SZ,buy,200,2023-01-25,2023-01-26,10.395485099999998,filled,filled,2023-01-26
O000112,000014.SZ,sell,900,2023-01-30,,0.0,pending,submitted,2023-01-30
O000113,000041.SZ,sell,10500,2023-01-30,,0.0,pending,submitted,2023-01-30
O000112,000014.SZ,sell,900,2023-01-30,2023-01-31,9.1743165,filled,filled,2023-01-31
O000113,000041.SZ,sell,10500,2023-01-30,2023-01-31,11.6394489,filled,filled,2023-01-31
O000114,000007.SZ,sell,200,2023-01-31,,0.0,pending,submitted,2023-01-31
O000115,000009.SZ,buy,1200,2023-01-31,,0.0,pending,submitted,2023-01-31
O000116,000011.SZ,buy,1300,2023-01-31,,0.0,pending,submitted,2023-01-31
O000117,000018.SZ,buy,1100,2023-01-31,,0.0,pending,submitted,2023-01-31
O000118,000029.SZ,buy,1100,2023-01-31,,0.0,pending,submitted,2023-01-31
O000119,000031.SZ,buy,1200,2023-01-31,,0.0,pending,submitted,2023-01-31
O000120,000036.SZ,buy,1000,2023-01-31,,0.0,pending,submitted,2023-01-31
O000121,000044.SZ,buy,1100,2023-01-31,,0.0,pending,submitted,2023-01-31
O000122,000045.SZ,buy,1100,2023-01-31,,0.0,pending,submitted,2023-01-31
O000123,000046.SZ,buy,1100,2023-01-31,,0.0,pending,submitted,2023-01-31
O000124,000048.SZ,buy,1200,2023-01-31,,0.0,pending,submitted,2023-01-31
O000114,000007.SZ,sell,200,2023-01-31,2023-02-01,9.0531378,filled,filled,2023-02-01
O000115,000009.SZ,buy,1200,2023-01-31,2023-02-01,10.5987882,filled,filled,2023-02-01
O000116,000011.SZ,buy,1300,2023-01-31,2023-02-01,9.3078986,filled,filled,2023-02-01
O000117,000018.SZ,buy,1100,2023-01-31,2023-02-01,11.116805699999999,filled,filled,2023-02-01
O000118,000029.SZ,buy,1100,2023-01-31,2023-02-01,10.732321599999999,filled,filled,2023-02-01
O000119,000031.SZ,buy,1200,2023-01-31,2023-02-01,9.9685586,filled,filled,2023-02-01
O000120,000036.SZ,buy,1000,2023-01-31,2023-02-01,12.1880759,filled,filled,2023-02-01
O000121,000044.SZ,buy,1100,2023-01-31,2023-02-01,10.760950199999998,filled,filled,2023-02-01
O000122,000045.SZ,buy,1100,2023-01-31,2023-02-01,10.9735626,filled,filled,2023-02-01
O000123,000046.SZ,buy,1100,2023-01-31,2023-02-01,11.4341227,filled,filled,2023-02-01
O000124,000048.SZ,buy,1200,2023-01-31,2023-02-01,10.6622516,filled,filled,2023-02-01
O000125,000004.SZ,sell,1600,2023-02-01,,0.0,pending,submitted,2023-02-01
O000126,000025.SZ,sell,200,2023-02-01,,0.0,pending,submitted,2023-02-01
O000127,000009.SZ,buy,100,2023-02-01,,0.0,pending,submitted,2023-02-01
O000128,000018.SZ,buy,100,2023-02-01,,0.0,pending,submitted,2023-02-01
O000129,000022.SZ,buy,100,2023-02-01,,0.0,pending,submitted,2023-02-01
O000130,000031.SZ,buy,100,2023-02-01,,0.0,pending,submitted,2023-02-01
O000131,000036.SZ,buy,100,2023-02-01,,0.0,pending,submitted,2023-02-01
O000132,000038.SZ,buy,100,2023-02-01,,0.0,pending,submitted,2023-02-01
O000133,000043.SZ,buy,100,2023-02-01,,0.0,pending,submitted,2023-02-01
O000134,000044.SZ,buy,100,2023-02-01,,0.0,pending,submitted,2023-02-01
O000135,000047.SZ,buy,100,2023-02-01,,0.0,pending,submitted,2023-02-01
O000136,000049.SZ,buy,100,2023-02-01,,0.0,pending,submitted,2023-02-01
O000125,000004.SZ,sell,1600,2023-02-01,2023-02-02,10.8562329,filled,filled,2023-02-02
O000126,000025.SZ,sell,200,2023-02-01,2023-02-02,9.8763138,filled,filled,2023-02-02
O000127,000009.SZ,buy,100,2023-02-01,2023-02-02,10.478468,filled,filled,2023-02-02
O000128,000018.SZ,buy,100,2023-02-01,2023-02-02,11.543331799999999,filled,filled,2023-02-02
O000129,000022.SZ,buy,100,2023-02-01,2023-02-02,9.743233499999999,filled,filled,2023-02-02
O000130,000031.SZ,buy,100,2023-02-01,2023-02-02,9.993183199999999,filled,filled,2023-02-02
O000131,000036.SZ,buy,100,2023-02-01,2023-02-02,12.183170999999998,filled,filled,2023-02-02
O000132,000038.SZ,buy,100,2023-02-01,2023-02-02,11.1224113,filled,filled,2023-02-02
O000133,000043.SZ,buy,100,2023-02-01,2023-02-02,12.158546399999999,filled,filled,2023-02-02
O000134,000044.SZ,buy,100,2023-02-01,2023-02-02,10.791480699999997,filled,filled,2023-02-02
O000135,000047.SZ,buy,100,2023-02-01,2023-02-02,10.1943842,filled,filled,2023-02-02
O000136,000049.SZ,buy,100,2023-02-01,2023-02-02,10.878667799999999,filled,filled,2023-02-02
O000137,000027.SZ,sell,4300,2023-02-02,,0.0,pending,submitted,2023-02-02
O000138,000032.SZ,sell,5800,2023-02-02,,0.0,pending,submitted,2023-02-02
O000139,000003.SZ,buy,100,2023-02-02,,0.0,pending,submitted,2023-02-02
O000140,000016.SZ,buy,200,2023-02-02,,0.0,pending,submitted,2023-02-02
O000141,000018.SZ,buy,100,2023-02-02,,0.0,pending,submitted,2023-02-02
O000142,000022.SZ,buy,200,2023-02-02,,0.0,pending,submitted,2023-02-02
O000143,000031.SZ,buy,200,2023-02-02,,0.0,pending,submitted,2023-02-02
O000144,000036.SZ,buy,100,2023-02-02,,0.0,pending,submitted,2023-02-02
O000145,000038.SZ,buy,100,2023-02-02,,0.0,pending,submitted,2023-02-02
O000146,000043.SZ,buy,100,2023-02-02,,0.0,pending,submitted,2023-02-02
O000147,000045.SZ,buy,200,2023-02-02,,0.0,pending,submitted,2023-02-02
O000148,000046.SZ,buy,100,2023-02-02,,0.0,pending,submitted,2023-02-02
O000137,000027.SZ,sell,4300,2023-02-02,2023-02-03,11.0909979,filled,filled,2023-02-03
O000138,000032.SZ,sell,5800,2023-02-02,2023-02-03,10.7796096,filled,filled,2023-02-03
O000139,000003.SZ,buy,100,2023-02-02,2023-02-03,12.5298173,filled,filled,2023-02-03
O000140,000016.SZ,buy,200,2023-02-02,2023-02-03,8.6561475,filled,filled,2023-02-03
O000141,000018.SZ,buy,100,2023-02-02,2023-02-03,11.5379264,filled,filled,2023-02-03
O000142,000022.SZ,buy,200,2023-02-02,2023-02-03,9.6283187,filled,filled,2023-02-03
O000143,000031.SZ,buy,200,2023-02-02,2023-02-03,10.228217999999998,filled,filled,2023-02-03
O000144,000036.SZ,buy,100,2023-02-02,2023-02-03,12.013501499999999,filled,filled,2023-02-03
O000145,000038.SZ,buy,100,2023-02-02,2023-02-03,11.302290999999999,filled,filled,2023-02-03
O000146,000043.SZ,buy,100,2023-02-02,2023-02-03,12.417004599999999,filled,filled,2023-02-03
O000147,000045.SZ,buy,200,2023-02-02,2023-02-03,11.061450399999998,filled,filled,2023-02-03
O000148,000046.SZ,buy,100,2023-02-02,2023-02-03,11.659047399999999,filled,filled,2023-02-03
O000149,000011.SZ,sell,1300,2023-02-03,,0.0,pending,submitted,2023-02-03
O000150,000049.SZ,sell,1400,2023-02-03,,0.0,pending,submitted,2023-02-03
O000151,000003.SZ,buy,800,2023-02-03,,0.0,pending,submitted,2023-02-03
O000152,000005.SZ,buy,1000,2023-02-03,,0.0,pending,submitted,2023-02-03
O000153,000013.SZ,buy,1000,2023-02-03,,0.0,pending,submitted,2023-02-03
O000154,000018.SZ,buy,900,2023-02-03,,0.0,pending,submitted,2023-02-03
O000155,000019.SZ,buy,1000,2023-02-03,,0.0,pending,submitted,2023-02-03
O000156,000021.SZ,buy,1000,2023-02-03,,0.0,pending,submitted,2023-02-03
O000157,000022.SZ,buy,1100,2023-02-03,,0.0,pending,submitted,2023-02-03
O000158,000035.SZ,buy,1200,2023-02-03,,0.0,pending,submitted,2023-02-03
O000159,000043.SZ,buy,800,2023-02-03,,0.0,pending,submitted,2023-02-03
O000160,000046.SZ,buy,900,2023-02-03,,0.0,pending,submitted,2023-02-03
O000149,000011.SZ,sell,1300,2023-02-03,2023-02-06,8.5759155,filled,filled,2023-02-06
O000150,000049.SZ,sell,1400,2023-02-03,2023-02-06,10.2808089,filled,filled,2023-02-06
O000151,000003.SZ,buy,800,2023-02-03,2023-02-06,12.764451699999999,filled,filled,2023-02-06
O000152,000005.SZ,buy,1000,2023-02-03,2023-02-06,10.610499899999999,filled,filled,2023-02-06
O000153,000013.SZ,buy,1000,2023-02-03,2023-02-06,11.149137999999999,filled,filled,2023-02-06
O000154,000018.SZ,buy,900,2023-02-03,2023-02-06,11.7655538,filled,filled,2023-02-06
O000155,000019.SZ,buy,1000,2023-02-03,2023-02-06,11.147236099999999,filled,filled,2023-02-06
O000156,000021.SZ,buy,1000,2023-02-03,2023-02-06,10.690479799999999,filled,filled,2023-02-06
O000157,000022.SZ,buy,1100,2023-02-03,2023-02-06,10.0861761,filled,filled,2023-02-06
O000158,000035.SZ,buy,1200,2023-02-03,2023-02-06,8.822914099999998,filled,filled,2023-02-06
O000159,000043.SZ,buy,800,2023-02-03,2023-02-06,12.6330204,filled,filled,2023-02-06
O000160,000046.SZ,buy,900,2023-02-03,2023-02-06,12.442429999999998,filled,filled,2023-02-06
O000161,000005.SZ,buy,300,2023-02-06,,0.0,pending,submitted,2023-02-06
O000162,000013.SZ,buy,300,2023-02-06,,0.0,pending,submitted,2023-02-06
O000163,000014.SZ,buy,300,2023-02-06,,0.0,pending,submitted,2023-02-06
O000164,000018.SZ,buy,200,2023-02-06,,0.0,pending,submitted,2023-02-06
O000165,000022.SZ,buy,300,2023-02-06,,0.0,pending,submitted,2023-02-06
O000166,000035.SZ,buy,300,2023-02-06,,0.0,pending,submitted,2023-02-06
O000167,000036.SZ,buy,200,2023-02-06,,0.0,pending,submitted,2023-02-06
O000168,000037.SZ,buy,300,2023-02-06,,0.0,pending,submitted,2023-02-06
O000169,000043.SZ,buy,200,2023-02-06,,0.0,pending,submitted,2023-02-06
O000170,000046.SZ,buy,200,2023-02-06,,0.0,pending,submitted,2023-02-06
O000161,000005.SZ,buy,300,2023-02-06,2023-02-07,10.671060399999998,filled,filled,2023-02-07
O000162,000013.SZ,buy,300,2023-02-06,2023-02-07,11.322611299999998,filled,filled,2023-02-07
O000163,000014.SZ,buy,300,2023-02-06,2023-02-07,9.985875899999998,filled,filled,2023-02-07
O000164,000018.SZ,buy,200,2023-02-06,2023-02-07,12.153140999999998,filled,filled,2023-02-07
O000165,000022.SZ,buy,300,2023-02-06,2023-02-07,10.2583481,filled,filled,2023-02-07
O000166,000035.SZ,buy,300,2023-02-06,2023-02-07,9.2844752,filled,filled,2023-02-07
O000167,000036.SZ,buy,200,2023-02-06,2023-02-07,12.580467899999999,filled,filled,2023-02-07
O000168,000037.SZ,buy,300,2023-02-06,2023-02-07,8.965456499999998,filled,filled,2023-02-07
O000169,000043.SZ,buy,200,2023-02-06,2023-02-07,12.524612099999999,filled,filled,2023-02-07
O000170,000046.SZ,buy,200,2023-02-06,2023-02-07,12.170958799999998,filled,filled,2023-02-07
O000171,000033.SZ,sell,2000,2023-02-07,,0.0,pending,submitted,2023-02-07
O000172,000044.SZ,sell,1900,2023-02-07,,0.0,pending,submitted,2023-02-07
O000171,000033.SZ,sell,2000,2023-02-07,2023-02-08,10.6722171,filled,filled,2023-02-08
O000172,000044.SZ,sell,1900,2023-02-07,2023-02-08,10.1262636,filled,filled,2023-02-08
O000173,000005.SZ,buy,400,2023-02-08,,0.0,pending,submitted,2023-02-08
O000174,000012.SZ,buy,300,2023-02-08,,0.0,pending,submitted,2023-02-08
O000175,000013.SZ,buy,400,2023-02-08,,0.0,pending,submitted,2023-02-08
O000176,000014.SZ,buy,400,2023-02-08,,0.0,pending,submitted,2023-02-08
O000177,000018.SZ,buy,300,2023-02-08,,0.0,pending,submitted,2023-02-08
O000178,000022.SZ,buy,400,2023-02-08,,0.0,pending,submitted,2023-02-08
O000179,000025.SZ,buy,400,2023-02-08,,0.0,pending,submitted,2023-02-08
O000180,000035.SZ,buy,500,2023-02-08,,0.0,pending,submitted,2023-02-08
O000181,000043.SZ,buy,300,2023-02-08,,0.0,pending,submitted,2023-02-08
O000182,000048.SZ,buy,400,2023-02-08,,0.0,pending,submitted,2023-02-08
O000173,000005.SZ,buy,400,2023-02-08,2023-02-09,10.8872764,filled,filled,2023-02-09
O000174,000012.SZ,buy,300,2023-02-08,2023-02-09,11.8332214,filled,filled,2023-02-09
O000175,000013.SZ,buy,400,2023-02-08,2023-02-09,11.552040499999999,filled,filled,2023-02-09
O000176,000014.SZ,buy,400,2023-02-08,2023-02-09,10.0478378,filled,filled,2023-02-09
O000177,000018.SZ,buy,300,2023-02-08,2023-02-09,12.336023699999998,filled,filled,2023-02-09
O000178,000022.SZ,buy,400,2023-02-08,2023-02-09,10.445134699999999,filled,filled,2023-02-09
O000179,000025.SZ,buy,400,2023-02-08,2023-02-09,10.529919399999997,filled,filled,2023-02-09
O000180,000035.SZ,buy,500,2023-02-08,2023-02-09,9.1095004,filled,filled,2023-02-09
O000181,000043.SZ,buy,300,2023-02-08,2023-02-09,13.334521199999998,filled,filled,2023-02-09
O000182,000048.SZ,buy,400,2023-02-08,2023-02-09,11.1596485,filled,filled,2023-02-09
O000183,000009.SZ,sell,4500,2023-02-10,,0.0,pending,submitted,2023-02-10
O000184,000046.SZ,sell,4200,2023-02-10,,0.0,pending,submitted,2023-02-10
O000183,000009.SZ,sell,4500,2023-02-10,2023-02-13,10.011478499999999,filled,filled,2023-02-13
O000184,000046.SZ,sell,4200,2023-02-10,2023-02-13,11.7994887,filled,filled,2023-02-13
O000185,000043.SZ,sell,1500,2023-02-13,,0.0,pending,submitted,2023-02-13
O000186,000002.SZ,buy,1000,2023-02-13,,0.0,pending,submitted,2023-02-13
O000187,000004.SZ,buy,800,2023-02-13,,0.0,pending,submitted,2023-02-13
O000188,000012.SZ,buy,700,2023-02-13,,0.0,pending,submitted,2023-02-13
O000189,000013.SZ,buy,700,2023-02-13,,0.0,pending,submitted,2023-02-13
O000190,000016.SZ,buy,1000,2023-02-13,,0.0,pending,submitted,2023-02-13
O000191,000017.SZ,buy,900,2023-02-13,,0.0,pending,submitted,2023-02-13
O000192,000021.SZ,buy,800,2023-02-13,,0.0,pending,submitted,2023-02-13
O000193,000034.SZ,buy,900,2023-02-13,,0.0,pending,submitted,2023-02-13
O000194,000044.SZ,buy,800,2023-02-13,,0.0,pending,submitted,2023-02-13
O000195,000049.SZ,buy,800,2023-02-13,,0.0,pending,submitted,2023-02-13
O000185,000043.SZ,sell,1500,2023-02-13,2023-02-14,11.8006875,filled,filled,2023-02-14
O000186,000002.SZ,buy,1000,2023-02-13,2023-02-14,8.7914827,filled,filled,2023-02-14
O000187,000004.SZ,buy,800,2023-02-13,2023-02-14,11.5624509,filled,filled,2023-02-14
O000188,000012.SZ,buy,700,2023-02-13,2023-02-14,12.2965843,filled,filled,2023-02-14
O000189,000013.SZ,buy,700,2023-02-13,2023-02-14,12.299086799999998,filled,filled,2023-02-14
O000190,000016.SZ,buy,1000,2023-02-13,2023-02-14,9.323514199999998,filled,filled,2023-02-14
O000191,000017.SZ,buy,900,2023-02-13,2023-02-14,10.696385699999999,filled,filled,2023-02-14
O000192,000021.SZ,buy,800,2023-02-13,2023-02-14,10.842331499999998,filled,filled,2023-02-14
O000193,000034.SZ,buy,900,2023-02-13,2023-02-14,9.6887791,filled,filled,2023-02-14
O000194,000044.SZ,buy,800,2023-02-13,2023-02-14,11.0659549,filled,filled,2023-02-14
O000195,000049.SZ,buy,800,2023-02-13,2023-02-14,10.982971999999998,filled,filled,2023-02-14
O000196,000037.SZ,sell,300,2023-02-14,,0.0,pending,submitted,2023-02-14
O000197,000002.SZ,buy,300,2023-02-14,,0.0,pending,submitted,2023-02-14
O000198,000011.SZ,buy,300,2023-02-14,,0.0,pending,submitted,2023-02-14
O000199,000012.SZ,buy,200,2023-02-14,,0.0,pending,submitted,2023-02-14
O000200,000013.SZ,buy,200,2023-02-14,,0.0,pending,submitted,2023-02-14
O000201,000016.SZ,buy,300,2023-02-14,,0.0,pending,submitted,2023-02-14
O000202,000017.SZ,buy,200,2023-02-14,,0.0,pending,submitted,2023-02-14
O000203,000018.SZ,buy,200,2023-02-14,,0.0,pending,submitted,2023-02-14
O000204,000031.SZ,buy,200,2023-02-14,,0.0,pending,submitted,2023-02-14
O000205,000044.SZ,buy,200,2023-02-14,,0.0,pending,submitted,2023-02-14
O000206,000049.SZ,buy,200,2023-02-14,,0.0,pending,submitted,2023-02-14
O000196,000037.SZ,sell,300,2023-02-14,2023-02-15,8.4806109,filled,filled,2023-02-15
O000197,000002.SZ,buy,300,2023-02-14,2023-02-15,8.703795099999999,filled,filled,2023-02-15
O000198,000011.SZ,buy,300,2023-02-14,2023-02-15,9.1875784,filled,filled,2023-02-15
O000199,000012.SZ,buy,200,2023-02-14,2023-02-15,12.198486299999997,filled,filled,2023-02-15
O000200,000013.SZ,buy,200,2023-02-14,2023-02-15,11.9495376,filled,filled,2023-02-15
O000201,000016.SZ,buy,300,2023-02-14,2023-02-15,9.232523299999999,filled,filled,2023-02-15
O000202,000017.SZ,buy,200,2023-02-14,2023-02-15,10.717706999999999,filled,filled,2023-02-15
O000203,000018.SZ,buy,200,2023-02-14,2023-02-15,12.4572448,filled,filled,2023-02-15
O000204,000031.SZ,buy,200,2023-02-14,2023-02-15,10.8787679,filled,filled,2023-02-15
O000205,000044.SZ,buy,200,2023-02-14,2023-02-15,11.069658599999999,filled,filled,2023-02-15
O000206,000049.SZ,buy,200,2023-02-14,2023-02-15,11.040028999999999,filled,filled,2023-02-15
O000207,000036.SZ,sell,13900,2023-02-15,,0.0,pending,submitted,2023-02-15
O000207,000036.SZ,sell,13900,2023-02-15,2023-02-16,12.1080798,filled,filled,2023-02-16
O000208,000016.SZ,sell,1500,2023-02-16,,0.0,pending,submitted,2023-02-16
O000209,000019.SZ,sell,4800,2023-02-16,,0.0,pending,submitted,2023-02-16
O000210,000007.SZ,buy,1700,2023-02-16,,0.0,pending,submitted,2023-02-16
O000211,000011.SZ,buy,1800,2023-02-16,,0.0,pending,submitted,2023-02-16
O000212,000013.SZ,buy,1300,2023-02-16,,0.0,pending,submitted,2023-02-16
O000213,000018.SZ,buy,1300,2023-02-16,,0.0,pending,submitted,2023-02-16
O000214,000020.SZ,buy,1600,2023-02-16,,0.0,pending,submitted,2023-02-16
O000215,000022.SZ,buy,1500,2023-02-16,,0.0,pending,submitted,2023-02-16
O000216,000031.SZ,buy,1500,2023-02-16,,0.0,pending,submitted,2023-02-16
O000217,000038.SZ,buy,1400,2023-02-16,,0.0,pending,submitted,2023-02-16
O000218,000044.SZ,buy,1400,2023-02-16,,0.0,pending,submitted,2023-02-16
O000219,000047.SZ,buy,1500,2023-02-16,,0.0,pending,submitted,2023-02-16
O000208,000016.SZ,sell,1500,2023-02-16,2023-02-17,8.735256,filled,filled,2023-02-17
O000209,000019.SZ,sell,4800,2023-02-16,2023-02-17,10.587501900000001,filled,filled,2023-02-17
O000210,000007.SZ,buy,1700,2023-02-16,2023-02-17,9.5030936,filled,filled,2023-02-17
O000211,000011.SZ,buy,1800,2023-02-16,2023-02-17,8.9967878,filled,filled,2023-02-17
O000212,000013.SZ,buy,1300,2023-02-16,2023-02-17,12.100388299999999,filled,filled,2023-02-17
O000213,000018.SZ,buy,1300,2023-02-16,2023-02-17,12.3752629,filled,filled,2023-02-17
O000214,000020.SZ,buy,1600,2023-02-16,2023-02-17,10.113102999999999,filled,filled,2023-02-17
O000215,000022.SZ,buy,1500,2023-02-16,2023-02-17,10.820910099999999,filled,filled,2023-02-17
O000216,000031.SZ,buy,1500,2023-02-16,2023-02-17,11.121910799999998,filled,filled,2023-02-17
O000217,000038.SZ,buy,1400,2023-02-16,2023-02-17,11.645734099999999,filled,filled,2023-02-17
O000218,000044.SZ,buy,1400,2023-02-16,2023-02-17,11.434422999999999,filled,filled,2023-02-17
O000219,000047.SZ,buy,1500,2023-02-16,2023-02-17,10.9293184,filled,filled,2023-02-17
O000220,000002.SZ,sell,1300,2023-02-17,,0.0,pending,submitted,2023-02-17
O000221,000035.SZ,sell,2000,2023-02-17,,0.0,pending,submitted,2023-02-17
O000222,000007.SZ,buy,700,2023-02-17,,0.0,pending,submitted,2023-02-17
O000223,000013.SZ,buy,500,2023-02-17,,0.0,pending,submitted,2023-02-17
O000224,000014.SZ,buy,700,2023-02-17,,0.0,pending,submitted,2023-02-17
O000225,000018.SZ,buy,500,2023-02-17,,0.0,pending,submitted,2023-02-17
O000226,000025.SZ,buy,600,2023-02-17,,0.0,pending,submitted,2023-02-17
O000227,000026.SZ,buy,600,2023-02-17,,0.0,pending,submitted,2023-02-17
O000228,000031.SZ,buy,600,2023-02-17,,0.0,pending,submitted,2023-02-17
O000229,000038.SZ,buy,600,2023-02-17,,0.0,pending,submitted,2023-02-17
O000230,000044.SZ,buy,600,2023-02-17,,0.0,pending,submitted,2023-02-17
O000231,000047.SZ,buy,600,2023-02-17,,0.0,pending,submitted,2023-02-17
O000220,000002.SZ,sell,1300,2023-02-17,2023-02-20,8.2803114,filled,filled,2023-02-20
O000221,000035.SZ,sell,2000,2023-02-17,2023-02-20,8.7784128,filled,filled,2023-02-20
O000222,000007.SZ,buy,700,2023-02-17,2023-02-20,9.917107199999998,filled,filled,2023-02-20
O000223,000013.SZ,buy,500,2023-02-17,2023-02-20,12.816804,filled,filled,2023-02-20
O000224,000014.SZ,buy,700,2023-02-17,2023-02-20,10.036126099999999,filled,filled,2023-02-20
O000225,000018.SZ,buy,500,2023-02-17,2023-02-20,12.5549424,filled,filled,2023-02-20
O000226,000025.SZ,buy,600,2023-02-17,2023-02-20,10.847836999999998,filled,filled,2023-02-20
O000227,000026.SZ,buy,600,2023-02-17,2023-02-20,11.5937822,filled,filled,2023-02-20
O000228,000031.SZ,buy,600,2023-02-17,2023-02-20,11.677265599999998,filled,filled,2023-02-20
O000229,000038.SZ,buy,600,2023-02-17,2023-02-20,11.510599099999999,filled,filled,2023-02-20
O000230,000044.SZ,buy,600,2023-02-17,2023-02-20,11.367556199999997,filled,filled,2023-02-20
O000231,000047.SZ,buy,600,2023-02-17,2023-02-20,11.1716605,filled,filled,2023-02-20
O000232,000004.SZ,sell,800,2023-02-20,,0.0,pending,submitted,2023-02-20
O000233,000017.SZ,sell,2300,2023-02-20,,0.0,pending,submitted,2023-02-20
O000234,000005.SZ,buy,300,2023-02-20,,0.0,pending,submitted,2023-02-20
O000235,000007.SZ,buy,300,2023-02-20,,0.0,pending,submitted,2023-02-20
O000236,000012.SZ,buy,200,2023-02-20,,0.0,pending,submitted,2023-02-20
O000237,000018.SZ,buy,200,2023-02-20,,0.0,pending,submitted,2023-02-20
O000238,000020.SZ,buy,300,2023-02-20,,0.0,pending,submitted,2023-02-20
O000239,000031.SZ,buy,300,2023-02-20,,0.0,pending,submitted,2023-02-20
O000240,000038.SZ,buy,300,2023-02-20,,0.0,pending,submitted,2023-02-20
O000241,000041.SZ,buy,200,2023-02-20,,0.0,pending,submitted,2023-02-20
O000242,000044.SZ,buy,300,2023-02-20,,0.0,pending,submitted,2023-02-20
O000243,000047.SZ,buy,300,2023-02-20,,0.0,pending,submitted,2023-02-20
O000232,000004.SZ,sell,800,2023-02-20,2023-02-21,10.8233658,filled,filled,2023-02-21
O000233,000017.SZ,sell,2300,2023-02-20,2023-02-21,10.0440459,filled,filled,2023-02-21
O000234,000005.SZ,buy,300,2023-02-20,2023-02-21,11.023212199999998,filled,filled,2023-02-21
O000235,000007.SZ,buy,300,2023-02-20,2023-02-21,9.5781686,filled,filled,2023-02-21
O000236,000012.SZ,buy,200,2023-02-20,2023-02-21,12.866553699999999,filled,filled,2023-02-21
O000237,000018.SZ,buy,200,2023-02-20,2023-02-21,12.7512385,filled,filled,2023-02-21
O000238,000020.SZ,buy,300,2023-02-20,2023-02-21,9.949339399999998,filled,filled,2023-02-21
O000239,000031.SZ,buy,300,2023-02-20,2023-02-21,11.3579466,filled,filled,2023-02-21
O000240,000038.SZ,buy,300,2023-02-20,2023-02-21,11.677265599999998,filled,filled,2023-02-21
O000241,000041.SZ,buy,200,2023-02-20,2023-02-21,12.476664199999998,filled,filled,2023-02-21
O000242,000044.SZ,buy,300,2023-02-20,2023-02-21,11.726114399999998,filled,filled,2023-02-21
O000243,000047.SZ,buy,300,2023-02-20,2023-02-21,11.184173,filled,filled,2023-02-21
O000244,000029.SZ,sell,1100,2023-02-21,,0.0,pending,submitted,2023-02-21
O000245,000048.SZ,sell,3600,2023-02-21,,0.0,pending,submitted,2023-02-21
O000246,000007.SZ,buy,300,2023-02-21,,0.0,pending,submitted,2023-02-21
O000247,000010.SZ,buy,400,2023-02-21,,0.0,pending,submitted,2023-02-21
O000248,000012.SZ,buy,200,2023-02-21,,0.0,pending,submitted,2023-02-21
O000249,000014.SZ,buy,300,2023-02-21,,0.0,pending,submitted,2023-02-21
O000250,000020.SZ,buy,300,2023-02-21,,0.0,pending,submitted,2023-02-21
O000251,000026.SZ,buy,300,2023-02-21,,0.0,pending,submitted,2023-02-21
O000252,000041.SZ,buy,200,2023-02-21,,0.0,pending,submitted,2023-02-21
O000253,000046.SZ,buy,300,2023-02-21,,0.0,pending,submitted,2023-02-21
O000254,000047.SZ,buy,300,2023-02-21,,0.0,pending,submitted,2023-02-21
O000255,000050.SZ,buy,300,2023-02-21,,0.0,pending,submitted,2023-02-21
O000244,000029.SZ,sell,1100,2023-02-21,2023-02-22,9.791199,filled,filled,2023-02-22
O000245,000048.SZ,sell,3600,2023-02-21,2023-02-22,10.542347099999999,filled,filled,2023-02-22
O000246,000007.SZ,buy,300,2023-02-21,2023-02-22,9.717607899999999,filled,filled,2023-02-22
O000247,000010.SZ,buy,400,2023-02-21,2023-02-22,9.245035799999998,filled,filled,2023-02-22
O000248,000012.SZ,buy,200,2023-02-21,2023-02-22,12.962449499999998,filled,filled,2023-02-22
O000249,000014.SZ,buy,300,2023-02-21,2023-02-22,10.512602099999999,filled,filled,2023-02-22
O000250,000020.SZ,buy,300,2023-02-21,2023-02-22,10.172061899999997,filled,filled,2023-02-22
O000251,000026.SZ,buy,300,2023-02-21,2023-02-22,11.8499381,filled,filled,2023-02-22
O000252,000041.SZ,buy,200,2023-02-21,2023-02-22,12.833620799999998,filled,filled,2023-02-22
O000253,000046.SZ,buy,300,2023-02-21,2023-02-22,12.208896699999999,filled,filled,2023-02-22
O000254,000047.SZ,buy,300,2023-02-21,2023-02-22,11.413802399999998,filled,filled,2023-02-22
O000255,000050.SZ,buy,300,2023-02-21,2023-02-22,9.550140599999999,filled,filled,2023-02-22
O000256,000022.SZ,sell,3600,2023-02-22,,0.0,pending,submitted,2023-02-22
O000257,000006.SZ,buy,600,2023-02-22,,0.0,pending,submitted,2023-02-22
O000258,000010.SZ,buy,500,2023-02-22,,0.0,pending,submitted,2023-02-22
O000259,000012.SZ,buy,400,2023-02-22,,0.0,pending,submitted,2023-02-22
O000260,000014.SZ,buy,400,2023-02-22,,0.0,pending,submitted,2023-02-22
O000261,000020.SZ,buy,500,2023-02-22,,0.0,pending,submitted,2023-02-22
O000262,000026.SZ,buy,400,2023-02-22,,0.0,pending,submitted,2023-02-22
O000263,000041.SZ,buy,400,2023-02-22,,0.0,pending,submitted,2023-02-22
O000264,000046.SZ,buy,400,2023-02-22,,0.0,pending,submitted,2023-02-22
O000265,000047.SZ,buy,400,2023-02-22,,0.0,pending,submitted,2023-02-22
O000266,000050.SZ,buy,500,2023-02-22,,0.0,pending,submitted,2023-02-22
O000256,000022.SZ,sell,3600,2023-02-22,2023-02-23,9.8753148,filled,filled,2023-02-23
O000257,000006.SZ,buy,600,2023-02-22,2023-02-23,8.7995908,filled,filled,2023-02-23
O000258,000010.SZ,buy,500,2023-02-22,2023-02-23,9.601391799999998,filled,filled,2023-02-23
O000259,000012.SZ,buy,400,2023-02-22,2023-02-23,13.0249119,filled,filled,2023-02-23
O000260,000014.SZ,buy,400,2023-02-22,2023-02-23,11.0285175,filled,filled,2023-02-23
O000261,000020.SZ,buy,500,2023-02-22,2023-02-23,10.4197093,filled,filled,2023-02-23
O000262,000026.SZ,buy,400,2023-02-22,2023-02-23,12.105893799999999,filled,filled,2023-02-23
O000263,000041.SZ,buy,400,2023-02-22,2023-02-23,13.2854722,filled,filled,2023-02-23
O000264,000046.SZ,buy,400,2023-02-22,2023-02-23,11.884772899999998,filled,filled,2023-02-23
O000265,000047.SZ,buy,400,2023-02-22,2023-02-23,11.153642499999998,filled,filled,2023-02-23
O000266,000050.SZ,buy,500,2023-02-22,2023-02-23,9.5428333,filled,filled,2023-02-23
O000267,000005.SZ,sell,3200,2023-02-23,,0.0,pending,submitted,2023-02-23
O000268,000021.SZ,sell,4200,2023-02-23,,0.0,pending,submitted,2023-02-23
O000269,000003.SZ,buy,300,2023-02-23,,0.0,pending,submitted,2023-02-23
O000270,000004.SZ,buy,300,2023-02-23,,0.0,pending,submitted,2023-02-23
O000271,000007.SZ,buy,400,2023-02-23,,0.0,pending,submitted,2023-02-23
O000272,000010.SZ,buy,400,2023-02-23,,0.0,pending,submitted,2023-02-23
O000273,000012.SZ,buy,300,2023-02-23,,0.0,pending,submitted,2023-02-23
O000274,000014.SZ,buy,300,2023-02-23,,0.0,pending,submitted,2023-02-23
O000275,000026.SZ,buy,300,2023-02-23,,0.0,pending,submitted,2023-02-23
O000276,000033.SZ,buy,300,2023-02-23,,0.0,pending,submitted,2023-02-23
O000277,000041.SZ,buy,300,2023-02-23,,0.0,pending,submitted,2023-02-23
O000278,000050.SZ,buy,400,2023-02-23,,0.0,pending,submitted,2023-02-23
O000267,000005.SZ,sell,3200,2023-02-23,2023-02-24,10.611378,filled,filled,2023-02-24
O000268,000021.SZ,sell,4200,2023-02-23,2023-02-24,10.255833899999999,filled,filled,2023-02-24
O000269,000003.SZ,buy,300,2023-02-23,2023-02-24,13.004491499999999,filled,filled,2023-02-24
O000270,000004.SZ,buy,300,2023-02-23,2023-02-24,11.393181799999999,filled,filled,2023-02-24
O000271,000007.SZ,buy,400,2023-02-23,2023-02-24,9.859950099999999,filled,filled,2023-02-24
O000272,000010.SZ,buy,400,2023-02-23,2023-02-24,9.854244399999999,filled,filled,2023-02-24
O000273,000012.SZ,buy,300,2023-02-23,2023-02-24,12.929416499999999,filled,filled,2023-02-24
O000274,000014.SZ,buy,300,2023-02-23,2023-02-24,11.000489499999999,filled,filled,2023-02-24
O000275,000026.SZ,buy,300,2023-02-23,2023-02-24,12.1888767,filled,filled,2023-02-24
O000276,000033.SZ,buy,300,2023-02-23,2023-02-24,10.711600899999999,filled,filled,2023-02-24
O000277,000041.SZ,buy,300,2023-02-23,2023-02-24,13.561648099999998,filled,filled,2023-02-24
O000278,000050.SZ,buy,400,2023-02-23,2023-02-24,9.525015499999999,filled,filled,2023-02-24
O000279,000025.SZ,sell,1000,2023-02-24,,0.0,pending,submitted,2023-02-24
O000280,000004.SZ,buy,600,2023-02-24,,0.0,pending,submitted,2023-02-24
O000281,000006.SZ,buy,800,2023-02-24,,0.0,pending,submitted,2023-02-24
O000282,000010.SZ,buy,800,2023-02-24,,0.0,pending,submitted,2023-02-24
O000283,000012.SZ,buy,600,2023-02-24,,0.0,pending,submitted,2023-02-24
O000284,000014.SZ,buy,700,2023-02-24,,0.0,pending,submitted,2023-02-24
O000285,000027.SZ,buy,700,2023-02-24,,0.0,pending,submitted,2023-02-24
O000286,000030.SZ,buy,900,2023-02-24,,0.0,pending,submitted,2023-02-24
O000287,000033.SZ,buy,700,2023-02-24,,0.0,pending,submitted,2023-02-24
O000288,000039.SZ,buy,700,2023-02-24,,0.0,pending,submitted,2023-02-24
O000289,000041.SZ,buy,500,2023-02-24,,0.0,pending,submitted,2023-02-24
O000279,000025.SZ,sell,1000,2023-02-24,2023-02-27,9.994995000000001,filled,filled,2023-02-27
O000280,000004.SZ,buy,600,2023-02-24,2023-02-27,11.514503,filled,filled,2023-02-27
O000281,000006.SZ,buy,800,2023-02-24,2023-02-27,8.9296207,filled,filled,2023-02-27
O000282,000010.SZ,buy,800,2023-02-24,2023-02-27,9.8389291,filled,filled,2023-02-27
O000283,000012.SZ,buy,600,2023-02-24,2023-02-27,12.9365236,filled,filled,2023-02-27
O000284,000014.SZ,buy,700,2023-02-24,2023-02-27,10.923112199999998,filled,filled,2023-02-27
O000285,000027.SZ,buy,700,2023-02-24,2023-02-27,10.113303199999999,filled,filled,2023-02-27
O000286,000030.SZ,buy,900,2023-02-24,2023-02-27,8.494085599999998,filled,filled,2023-02-27
O000287,000033.SZ,buy,700,2023-02-24,2023-02-27,10.686876199999999,filled,filled,2023-02-27
O000288,000039.SZ,buy,700,2023-02-24,2023-02-27,10.7017911,filled,filled,2023-02-27
O000289,000041.SZ,buy,500,2023-02-24,2023-02-27,13.952438499999998,filled,filled,2023-02-27
O000290,000034.SZ,sell,900,2023-02-27,,0.0,pending,submitted,2023-02-27
O000291,000049.SZ,sell,1000,2023-02-27,,0.0,pending,submitted,2023-02-27
O000292,000004.SZ,buy,100,2023-02-27,,0.0,pending,submitted,2023-02-27
O000293,000006.SZ,buy,200,2023-02-27,,0.0,pending,submitted,2023-02-27
O000294,000010.SZ,buy,100,2023-02-27,,0.0,pending,submitted,2023-02-27
O000295,000014.SZ,buy,100,2023-02-27,,0.0,pending,submitted,2023-02-27
O000296,000017.SZ,buy,100,2023-02-27,,0.0,pending,submitted,2023-02-27
O000297,000019.SZ,buy,100,2023-02-27,,0.0,pending,submitted,2023-02-27
O000298,000030.SZ,buy,200,2023-02-27,,0.0,pending,submitted,2023-02-27
O000299,000033.SZ,buy,100,2023-02-27,,0.0,pending,submitted,2023-02-27
O000300,000041.SZ,buy,100,2023-02-27,,0.0,pending,submitted,2023-02-27
O000301,000047.SZ,buy,100,2023-02-27,,0.0,pending,submitted,2023-02-27
O000290,000034.SZ,sell,900,2023-02-27,2023-02-28,9.2080827,filled,filled,2023-02-28
O000291,000049.SZ,sell,1000,2023-02-27,2023-02-28,10.550039400000001,filled,filled,2023-02-28
O000292,000004.SZ,buy,100,2023-02-27,2023-02-28,11.489678199999998,filled,filled,2023-02-28
O000293,000006.SZ,buy,200,2023-02-27,2023-02-28,9.042133099999997,filled,filled,2023-02-28
O000294,000010.SZ,buy,100,2023-02-27,2023-02-28,9.4673579,filled,filled,2023-02-28
O000295,000014.SZ,buy,100,2023-02-27,2023-02-28,10.898888,filled,filled,2023-02-28
O000296,000017.SZ,buy,100,2023-02-27,2023-02-28,10.4385281,filled,filled,2023-02-28
O000297,000019.SZ,buy,100,2023-02-27,2023-02-28,10.945334399999998,filled,filled,2023-02-28
O000298,000030.SZ,buy,200,2023-02-27,2023-02-28,8.673164499999999,filled,filled,2023-02-28
O000299,000033.SZ,buy,100,2023-02-27,2023-02-28,10.67066,filled,filled,2023-02-28
O000300,000041.SZ,buy,100,2023-02-27,2023-02-28,13.886172299999998,filled,filled,2023-02-28
O000301,000047.SZ,buy,100,2023-02-27,2023-02-28,11.600589,filled,filled,2023-02-28
O000302,000013.SZ,sell,7400,2023-02-28,,0.0,pending,submitted,2023-02-28
O000303,000004.SZ,buy,200,2023-02-28,,0.0,pending,submitted,2023-02-28
O000304,000006.SZ,buy,200,2023-02-28,,0.0,pending,submitted,2023-02-28
O000305,000010.SZ,buy,200,2023-02-28,,0.0,pending,submitted,2023-02-28
O000306,000012.SZ,buy,100,2023-02-28,,0.0,pending,submitted,2023-02-28
O000307,000019.SZ,buy,200,2023-02-28,,0.0,pending,submitted,2023-02-28
O000308,000029.SZ,buy,200,2023-02-28,,0.0,pending,submitted,2023-02-28
O000309,000030.SZ,buy,200,2023-02-28,,0.0,pending,submitted,2023-02-28
O000310,000038.SZ,buy,200,2023-02-28,,0.0,pending,submitted,2023-02-28
O000311,000039.SZ,buy,200,2023-02-28,,0.0,pending,submitted,2023-02-28
O000312,000041.SZ,buy,100,2023-02-28,,0.0,pending,submitted,2023-02-28
O000302,000013.SZ,sell,7400,2023-02-28,2023-03-01,11.7840042,filled,filled,2023-03-01
O000303,000004.SZ,buy,200,2023-02-28,2023-03-01,11.5221106,filled,filled,2023-03-01
O000304,000006.SZ,buy,200,2023-02-28,2023-03-01,9.234925699999998,filled,filled,2023-03-01
O000305,000010.SZ,buy,200,2023-02-28,2023-03-01,9.668659,filled,filled,2023-03-01
O000306,000012.SZ,buy,100,2023-02-28,2023-03-01,13.638725099999998,filled,filled,2023-03-01
O000307,000019.SZ,buy,200,2023-02-28,2023-03-01,10.9481372,filled,filled,2023-03-01
O000308,000029.SZ,buy,200,2023-02-28,2023-03-01,10.2211109,filled,filled,2023-03-01
O000309,000030.SZ,buy,200,2023-02-28,2023-03-01,8.835226399999998,filled,filled,2023-03-01
O000310,000038.SZ,buy,200,2023-02-28,2023-03-01,11.975863899999998,filled,filled,2023-03-01
O000311,000039.SZ,buy,200,2023-02-28,2023-03-01,10.649638999999999,filled,filled,2023-03-01
O000312,000041.SZ,buy,100,2023-02-28,2023-03-01,13.924110199999998,filled,filled,2023-03-01
O000313,000027.SZ,sell,700,2023-03-01,,0.0,pending,submitted,2023-03-01
O000314,000050.SZ,sell,1200,2023-03-01,,0.0,pending,submitted,2023-03-01
O000315,000003.SZ,buy,600,2023-03-01,,0.0,pending,submitted,2023-03-01
O000316,000008.SZ,buy,900,2023-03-01,,0.0,pending,submitted,2023-03-01
O000317,000012.SZ,buy,600,2023-03-01,,0.0,pending,submitted,2023-03-01
O000318,000016.SZ,buy,900,2023-03-01,,0.0,pending,submitted,2023-03-01
O000319,000029.SZ,buy,800,2023-03-01,,0.0,pending,submitted,2023-03-01
O000320,000037.SZ,buy,1000,2023-03-01,,0.0,pending,submitted,2023-03-01
O000321,000038.SZ,buy,700,2023-03-01,,0.0,pending,submitted,2023-03-01
O000322,000039.SZ,buy,800,2023-03-01,,0.0,pending,submitted,2023-03-01
O000323,000041.SZ,buy,600,2023-03-01,,0.0,pending,submitted,2023-03-01
O000324,000047.SZ,buy,700,2023-03-01,,0.0,pending,submitted,2023-03-01
O000313,000027.SZ,sell,700,2023-03-01,2023-03-02,9.2750157,filled,filled,2023-03-02
O000314,000050.SZ,sell,1200,2023-03-01,2023-03-02,9.2384523,filled,filled,2023-03-02
O000315,000003.SZ,buy,600,2023-03-01,2023-03-02,13.644230599999998,filled,filled,2023-03-02
O000316,000008.SZ,buy,900,2023-03-01,2023-03-02,9.579970399999999,filled,filled,2023-03-02
O000317,000012.SZ,buy,600,2023-03-01,2023-03-02,14.004390399999998,filled,filled,2023-03-02
O000318,000016.SZ,buy,900,2023-03-01,2023-03-02,9.3086994,filled,filled,2023-03-02
O000319,000029.SZ,buy,800,2023-03-01,2023-03-02,10.531821299999999,filled,filled,2023-03-02
O000320,000037.SZ,buy,1000,2023-03-01,2023-03-02,8.838129299999999,filled,filled,2023-03-02
O000321,000038.SZ,buy,700,2023-03-01,2023-03-02,12.130118,filled,filled,2023-03-02
O000322,000039.SZ,buy,800,2023-03-01,2023-03-02,10.775564799999998,filled,filled,2023-03-02
O000323,000041.SZ,buy,600,2023-03-01,2023-03-02,13.936122199999998,filled,filled,2023-03-02
O000324,000047.SZ,buy,700,2023-03-01,2023-03-02,11.707695999999999,filled,filled,2023-03-02
O000325,000007.SZ,sell,3400,2023-03-02,,0.0,pending,submitted,2023-03-02
O000326,000010.SZ,sell,2400,2023-03-02,,0.0,pending,submitted,2023-03-02
O000327,000003.SZ,buy,100,2023-03-02,,0.0,pending,submitted,2023-03-02
O000328,000008.SZ,buy,200,2023-03-02,,0.0,pending,submitted,2023-03-02
O000329,000011.SZ,buy,200,2023-03-02,,0.0,pending,submitted,2023-03-02
O000330,000012.SZ,buy,100,2023-03-02,,0.0,pending,submitted,2023-03-02
O000331,000016.SZ,buy,200,2023-03-02,,0.0,pending,submitted,2023-03-02
O000332,000029.SZ,buy,200,2023-03-02,,0.0,pending,submitted,2023-03-02
O000333,000035.SZ,buy,200,2023-03-02,,0.0,pending,submitted,2023-03-02
O000334,000037.SZ,buy,200,2023-03-02,,0.0,pending,submitted,2023-03-02
O000335,000038.SZ,buy,200,2023-03-02,,0.0,pending,submitted,2023-03-02
O000336,000041.SZ,buy,100,2023-03-02,,0.0,pending,submitted,2023-03-02
O000325,000007.SZ,sell,3400,2023-03-02,2023-03-03,9.2967939,filled,filled,2023-03-03
O000326,000010.SZ,sell,2400,2023-03-02,2023-03-03,9.2301606,filled,filled,2023-03-03
O000327,000003.SZ,buy,100,2023-03-02,2023-03-03,13.5726591,filled,filled,2023-03-03
O000328,000008.SZ,buy,200,2023-03-02,2023-03-03,9.651742099999998,filled,filled,2023-03-03
O000329,000011.SZ,buy,200,2023-03-02,2023-03-03,9.151942799999999,filled,filled,2023-03-03
O000330,000012.SZ,buy,100,2023-03-02,2023-03-03,14.230716499999998,filled,filled,2023-03-03
O000331,000016.SZ,buy,200,2023-03-02,2023-03-03,8.881072199999998,filled,filled,2023-03-03
O000332,000029.SZ,buy,200,2023-03-02,2023-03-03,10.750439699999998,filled,filled,2023-03-03
O000333,000035.SZ,buy,200,2023-03-02,2023-03-03,8.4719635,filled,filled,2023-03-03
O000334,000037.SZ,buy,200,2023-03-02,2023-03-03,8.979370399999999,filled,filled,2023-03-03
O000335,000038.SZ,buy,200,2023-03-02,2023-03-03,12.208996799999998,filled,filled,2023-03-03
O000336,000041.SZ,buy,100,2023-03-02,2023-03-03,14.7012866,filled,filled,2023-03-03
O000337,000030.SZ,sell,1300,2023-03-03,,0.0,pending,submitted,2023-03-03
O000338,000031.SZ,sell,4100,2023-03-03,,0.0,pending,submitted,2023-03-03
O000339,000001.SZ,buy,600,2023-03-03,,0.0,pending,submitted,2023-03-03
O000340,000003.SZ,buy,400,2023-03-03,,0.0,pending,submitted,2023-03-03
O000341,000012.SZ,buy,400,2023-03-03,,0.0,pending,submitted,2023-03-03
O000342,000014.SZ,buy,500,2023-03-03,,0.0,pending,submitted,2023-03-03
O000343,000019.SZ,buy,500,2023-03-03,,0.0,pending,submitted,2023-03-03
O000344,000025.SZ,buy,500,2023-03-03,,0.0,pending,submitted,2023-03-03
O000345,000026.SZ,buy,400,2023-03-03,,0.0,pending,submitted,2023-03-03
O000346,000037.SZ,buy,600,2023-03-03,,0.0,pending,submitted,2023-03-03
O000347,000038.SZ,buy,400,2023-03-03,,0.0,pending,submitted,2023-03-03
O000348,000041.SZ,buy,300,2023-03-03,,0.0,pending,submitted,2023-03-03
O000337,000030.SZ,sell,1300,2023-03-03,2023-03-06,8.2500417,filled,filled,2023-03-06
O000338,000031.SZ,sell,4100,2023-03-03,2023-03-06,10.6169724,filled,filled,2023-03-06
O000339,000001.SZ,buy,600,2023-03-03,2023-03-06,9.306897599999997,filled,filled,2023-03-06
O000340,000003.SZ,buy,400,2023-03-03,2023-03-06,13.732518799999998,filled,filled,2023-03-06
O000341,000012.SZ,buy,400,2023-03-03,2023-03-06,14.2341199,filled,filled,2023-03-06
O000342,000014.SZ,buy,500,2023-03-03,2023-03-06,11.311099799999997,filled,filled,2023-03-06
O000343,000019.SZ,buy,500,2023-03-03,2023-03-06,11.254242999999999,filled,filled,2023-03-06
O000344,000025.SZ,buy,500,2023-03-03,2023-03-06,10.2698596,filled,filled,2023-03-06
O000345,000026.SZ,buy,400,2023-03-03,2023-03-06,12.087074999999999,filled,filled,2023-03-06
O000346,000037.SZ,buy,600,2023-03-03,2023-03-06,9.0896806,filled,filled,2023-03-06
O000347,000038.SZ,buy,400,2023-03-03,2023-03-06,12.460648199999998,filled,filled,2023-03-06
O000348,000041.SZ,buy,300,2023-03-03,2023-03-06,14.800185399999998,filled,filled,2023-03-06
O000349,000006.SZ,sell,1800,2023-03-06,,0.0,pending,submitted,2023-03-06
O000350,000016.SZ,sell,1100,2023-03-06,,0.0,pending,submitted,2023-03-06
O000351,000011.SZ,buy,600,2023-03-06,,0.0,pending,submitted,2023-03-06
O000352,000012.SZ,buy,400,2023-03-06,,0.0,pending,submitted,2023-03-06
O000353,000015.SZ,buy,600,2023-03-06,,0.0,pending,submitted,2023-03-06
O000354,000018.SZ,buy,400,2023-03-06,,0.0,pending,submitted,2023-03-06
O000355,000021.SZ,buy,500,2023-03-06,,0.0,pending,submitted,2023-03-06
O000356,000032.SZ,buy,500,2023-03-06,,0.0,pending,submitted,2023-03-06
O000357,000037.SZ,buy,600,2023-03-06,,0.0,pending,submitted,2023-03-06
O000358,000038.SZ,buy,400,2023-03-06,,0.0,pending,submitted,2023-03-06
O000359,000041.SZ,buy,400,2023-03-06,,0.0,pending,submitted,2023-03-06
O000360,000045.SZ,buy,500,2023-03-06,,0.0,pending,submitted,2023-03-06
O000349,000006.SZ,sell,1800,2023-03-06,2023-03-07,8.5293621,filled,filled,2023-03-07
O000350,000016.SZ,sell,1100,2023-03-06,2023-03-07,8.3519397,filled,filled,2023-03-07
O000351,000011.SZ,buy,600,2023-03-06,2023-03-07,9.4572478,filled,filled,2023-03-07
O000352,000012.SZ,buy,400,2023-03-06,2023-03-07,14.466051599999998,filled,filled,2023-03-07
O000353,000015.SZ,buy,600,2023-03-06,2023-03-07,9.541732199999998,filled,filled,2023-03-07
O000354,000018.SZ,buy,400,2023-03-06,2023-03-07,12.8044917,filled,filled,2023-03-07
O000355,000021.SZ,buy,500,2023-03-06,2023-03-07,10.590980399999998,filled,filled,2023-03-07
O000356,000032.SZ,buy,500,2023-03-06,2023-03-07,10.311601299999998,filled,filled,2023-03-07
O000357,000037.SZ,buy,600,2023-03-06,2023-03-07,9.033023999999997,filled,filled,2023-03-07
O000358,000038.SZ,buy,400,2023-03-06,2023-03-07,12.462449999999999,filled,filled,2023-03-07
O000359,000041.SZ,buy,400,2023-03-06,2023-03-07,14.620605999999999,filled,filled,2023-03-07
O000360,000045.SZ,buy,500,2023-03-06,2023-03-07,11.660749099999999,filled,filled,2023-03-07
O000361,000019.SZ,sell,800,2023-03-07,,0.0,pending,submitted,2023-03-07
O000362,000020.SZ,sell,2700,2023-03-07,,0.0,pending,submitted,2023-03-07
O000363,000026.SZ,sell,2000,2023-03-07,,0.0,pending,submitted,2023-03-07
O000364,000011.SZ,buy,300,2023-03-07,,0.0,pending,submitted,2023-03-07
O000365,000012.SZ,buy,200,2023-03-07,,0.0,pending,submitted,2023-03-07
O000366,000015.SZ,buy,300,2023-03-07,,0.0,pending,submitted,2023-03-07
O000367,000021.SZ,buy,200,2023-03-07,,0.0,pending,submitted,2023-03-07
O000368,000029.SZ,buy,200,2023-03-07,,0.0,pending,submitted,2023-03-07
O000369,000032.SZ,buy,200,2023-03-07,,0.0,pending,submitted,2023-03-07
O000370,000037.SZ,buy,300,2023-03-07,,0.0,pending,submitted,2023-03-07
O000371,000038.SZ,buy,200,2023-03-07,,0.0,pending,submitted,2023-03-07
O000372,000040.SZ,buy,200,2023-03-07,,0.0,pending,submitted,2023-03-07
O000373,000041.SZ,buy,200,2023-03-07,,0.0,pending,submitted,2023-03-07
O000361,000019.SZ,sell,800,2023-03-07,2023-03-08,10.422566999999999,filled,filled,2023-03-08
O000362,000020.SZ,sell,2700,2023-03-07,2023-03-08,9.6760143,filled,filled,2023-03-08
O000363,000026.SZ,sell,2000,2023-03-07,2023-03-08,11.2980906,filled,filled,2023-03-08
O000364,000011.SZ,buy,300,2023-03-07,2023-03-08,9.544835299999999,filled,filled,2023-03-08
O000365,000012.SZ,buy,200,2023-03-07,2023-03-08,14.629915299999999,filled,filled,2023-03-08
O000366,000015.SZ,buy,300,2023-03-07,2023-03-08,9.796286499999999,filled,filled,2023-03-08
O000367,000021.SZ,buy,200,2023-03-07,2023-03-08,10.8703595,filled,filled,2023-03-08
O000368,000029.SZ,buy,200,2023-03-07,2023-03-08,10.7231124,filled,filled,2023-03-08
O000369,000032.SZ,buy,200,2023-03-07,2023-03-08,10.588377799999998,filled,filled,2023-03-08
O000370,000037.SZ,buy,300,2023-03-07,2023-03-08,9.332723399999999,filled,filled,2023-03-08
O000371,000038.SZ,buy,200,2023-03-07,2023-03-08,12.477565099999998,filled,filled,2023-03-08
O000372,000040.SZ,buy,200,2023-03-07,2023-03-08,10.740830099999998,filled,filled,2023-03-08
O000373,000041.SZ,buy,200,2023-03-07,2023-03-08,15.006791799999998,filled,filled,2023-03-08
O000374,000035.SZ,sell,200,2023-03-08,,0.0,pending,submitted,2023-03-08
O000375,000012.SZ,buy,400,2023-03-08,,0.0,pending,submitted,2023-03-08
O000376,000015.SZ,buy,600,2023-03-08,,0.0,pending,submitted,2023-03-08
O000377,000021.SZ,buy,500,2023-03-08,,0.0,pending,submitted,2023-03-08
O000378,000032.SZ,buy,500,2023-03-08,,0.0,pending,submitted,2023-03-08
O000379,000033.SZ,buy,500,2023-03-08,,0.0,pending,submitted,2023-03-08
O000380,000036.SZ,buy,400,2023-03-08,,0.0,pending,submitted,2023-03-08
O000381,000037.SZ,buy,600,2023-03-08,,0.0,pending,submitted,2023-03-08
O000382,000038.SZ,buy,400,2023-03-08,,0.0,pending,submitted,2023-03-08
O000383,000040.SZ,buy,500,2023-03-08,,0.0,pending,submitted,2023-03-08
O000384,000050.SZ,buy,600,2023-03-08,,0.0,pending,submitted,2023-03-08
O000374,000035.SZ,sell,200,2023-03-08,2023-03-09,7.8726195,filled,filled,2023-03-09
O000375,000012.SZ,buy,400,2023-03-08,2023-03-09,14.714299599999999,filled,filled,2023-03-09
O000376,000015.SZ,buy,600,2023-03-08,2023-03-09,9.729319599999998,filled,filled,2023-03-09
O000377,000021.SZ,buy,500,2023-03-08,2023-03-09,10.979568599999999,filled,filled,2023-03-09
O000378,000032.SZ,buy,500,2023-03-08,2023-03-09,10.567857299999998,filled,filled,2023-03-09
O000379,000033.SZ,buy,500,2023-03-08,2023-03-09,10.670760099999999,filled,filled,2023-03-09
O000380,000036.SZ,buy,400,2023-03-08,2023-03-09,12.557044499999998,filled,filled,2023-03-09
O000381,000037.SZ,buy,600,2023-03-08,2023-03-09,9.2993901,filled,filled,2023-03-09
O000382,000038.SZ,buy,400,2023-03-08,2023-03-09,12.452940499999999,filled,filled,2023-03-09
O000383,000040.SZ,buy,500,2023-03-08,2023-03-09,10.954643699999998,filled,filled,2023-03-09
O000384,000050.SZ,buy,600,2023-03-08,2023-03-09,9.688278599999999,filled,filled,2023-03-09
O000385,000014.SZ,sell,3700,2023-03-09,,0.0,pending,submitted,2023-03-09
O000386,000010.SZ,buy,100,2023-03-09,,0.0,pending,submitted,2023-03-09
O000387,000015.SZ,buy,100,2023-03-09,,0.0,pending,submitted,2023-03-09
O000388,000024.SZ,buy,100,2023-03-09,,0.0,pending,submitted,2023-03-09
O000389,000027.SZ,buy,100,2023-03-09,,0.0,pending,submitted,2023-03-09
O000390,000037.SZ,buy,100,2023-03-09,,0.0,pending,submitted,2023-03-09
O000391,000042.SZ,buy,100,2023-03-09,,0.0,pending,submitted,2023-03-09
O000385,000014.SZ,sell,3700,2023-03-09,2023-03-10,10.4667228,filled,filled,2023-03-10
O000386,000010.SZ,buy,100,2023-03-09,2023-03-10,9.650040399999998,filled,filled,2023-03-10
O000387,000015.SZ,buy,100,2023-03-09,2023-03-10,9.7642545,filled,filled,2023-03-10
O000388,000024.SZ,buy,100,2023-03-09,2023-03-10,8.7310223,filled,filled,2023-03-10
O000389,000027.SZ,buy,100,2023-03-09,2023-03-10,9.498188699999998,filled,filled,2023-03-10
O000390,000037.SZ,buy,100,2023-03-09,2023-03-10,9.3331238,filled,filled,2023-03-10
O000391,000042.SZ,buy,100,2023-03-09,2023-03-10,9.4153059,filled,filled,2023-03-10
O000392,000025.SZ,sell,500,2023-03-10,,0.0,pending,submitted,2023-03-10
O000393,000041.SZ,sell,3400,2023-03-10,,0.0,pending,submitted,2023-03-10
O000394,000010.SZ,buy,400,2023-03-10,,0.0,pending,submitted,2023-03-10
O000395,000012.SZ,buy,200,2023-03-10,,0.0,pending,submitted,2023-03-10
O000396,000015.SZ,buy,400,2023-03-10,,0.0,pending,submitted,2023-03-10
O000397,000021.SZ,buy,300,2023-03-10,,0.0,pending,submitted,2023-03-10
O000398,000027.SZ,buy,400,2023-03-10,,0.0,pending,submitted,2023-03-10
O000399,000032.SZ,buy,300,2023-03-10,,0.0,pending,submitted,2023-03-10
O000400,000036.SZ,buy,300,2023-03-10,,0.0,pending,submitted,2023-03-10
O000401,000037.SZ,buy,400,2023-03-10,,0.0,pending,submitted,2023-03-10
O000402,000040.SZ,buy,300,2023-03-10,,0.0,pending,submitted,2023-03-10
O000403,000042.SZ,buy,400,2023-03-10,,0.0,pending,submitted,2023-03-10
O000392,000025.SZ,sell,500,2023-03-10,2023-03-13,9.7745157,filled,filled,2023-03-13
O000393,000041.SZ,sell,3400,2023-03-10,2023-03-13,13.8392469,filled,filled,2023-03-13
O000394,000010.SZ,buy,400,2023-03-10,2023-03-13,9.932322399999999,filled,filled,2023-03-13
O000395,000012.SZ,buy,200,2023-03-10,2023-03-13,14.717602899999997,filled,filled,2023-03-13
O000396,000015.SZ,buy,400,2023-03-10,2023-03-13,9.719609899999998,filled,filled,2023-03-13
O000397,000021.SZ,buy,300,2023-03-10,2023-03-13,11.340128799999999,filled,filled,2023-03-13
O000398,000027.SZ,buy,400,2023-03-10,2023-03-13,9.466056599999998,filled,filled,2023-03-13
O000399,000032.SZ,buy,300,2023-03-10,2023-03-13,10.526115599999997,filled,filled,2023-03-13
O000400,000036.SZ,buy,300,2023-03-10,2023-03-13,13.299886599999999,filled,filled,2023-03-13
O000401,000037.SZ,buy,400,2023-03-10,2023-03-13,9.2858766,filled,filled,2023-03-13
O000402,000040.SZ,buy,300,2023-03-10,2023-03-13,10.7008902,filled,filled,2023-03-13
O000403,000042.SZ,buy,400,2023-03-10,2023-03-13,9.390781399999998,filled,filled,2023-03-13
O000404,000039.SZ,sell,1700,2023-03-13,,0.0,pending,submitted,2023-03-13
O000405,000045.SZ,sell,2900,2023-03-13,,0.0,pending,submitted,2023-03-13
O000406,000002.SZ,buy,600,2023-03-13,,0.0,pending,submitted,2023-03-13
O000407,000010.SZ,buy,500,2023-03-13,,0.0,pending,submitted,2023-03-13
O000408,000012.SZ,buy,300,2023-03-13,,0.0,pending,submitted,2023-03-13
O000409,000015.SZ,buy,500,2023-03-13,,0.0,pending,submitted,2023-03-13
O000410,000021.SZ,buy,500,2023-03-13,,0.0,pending,submitted,2023-03-13
O000411,000030.SZ,buy,600,2023-03-13,,0.0,pending,submitted,2023-03-13
O000412,000036.SZ,buy,400,2023-03-13,,0.0,pending,submitted,2023-03-13
O000413,000037.SZ,buy,500,2023-03-13,,0.0,pending,submitted,2023-03-13
O000414,000040.SZ,buy,500,2023-03-13,,0.0,pending,submitted,2023-03-13
O000415,000042.SZ,buy,600,2023-03-13,,0.0,pending,submitted,2023-03-13
O000404,000039.SZ,sell,1700,2023-03-13,2023-03-14,9.9282618,filled,filled,2023-03-14
O000405,000045.SZ,sell,2900,2023-03-13,2023-03-14,11.1939948,filled,filled,2023-03-14
O000406,000002.SZ,buy,600,2023-03-13,2023-03-14,8.799290499999998,filled,filled,2023-03-14
O000407,000010.SZ,buy,500,2023-03-13,2023-03-14,10.1738637,filled,filled,2023-03-14
O000408,000012.SZ,buy,300,2023-03-13,2023-03-14,15.237121899999998,filled,filled,2023-03-14
O000409,000015.SZ,buy,500,2023-03-13,2023-03-14,9.852542699999999,filled,filled,2023-03-14
O000410,000021.SZ,buy,500,2023-03-13,2023-03-14,11.208997799999999,filled,filled,2023-03-14
O000411,000030.SZ,buy,600,2023-03-13,2023-03-14,8.5793708,filled,filled,2023-03-14
O000412,000036.SZ,buy,400,2023-03-13,2023-03-14,13.4835701,filled,filled,2023-03-14
O000413,000037.SZ,buy,500,2023-03-13,2023-03-14,9.597988399999998,filled,filled,2023-03-14
O000414,000040.SZ,buy,500,2023-03-13,2023-03-14,10.557647099999999,filled,filled,2023-03-14
O000415,000042.SZ,buy,600,2023-03-13,2023-03-14,9.241632399999999,filled,filled,2023-03-14
O000416,000018.SZ,sell,9300,2023-03-14,,0.0,pending,submitted,2023-03-14
O000417,000001.SZ,buy,500,2023-03-14,,0.0,pending,submitted,2023-03-14
O000418,000002.SZ,buy,600,2023-03-14,,0.0,pending,submitted,2023-03-14
O000419,000007.SZ,buy,500,2023-03-14,,0.0,pending,submitted,2023-03-14
O000420,000010.SZ,buy,500,2023-03-14,,0.0,pending,submitted,2023-03-14
O000421,000021.SZ,buy,400,2023-03-14,,0.0,pending,submitted,2023-03-14
O000422,000024.SZ,buy,600,2023-03-14,,0.0,pending,submitted,2023-03-14
O000423,000028.SZ,buy,600,2023-03-14,,0.0,pending,submitted,2023-03-14
O000424,000030.SZ,buy,600,2023-03-14,,0.0,pending,submitted,2023-03-14
O000425,000033.SZ,buy,400,2023-03-14,,0.0,pending,submitted,2023-03-14
O000426,000036.SZ,buy,300,2023-03-14,,0.0,pending,submitted,2023-03-14
O000416,000018.SZ,sell,9300,2023-03-14,2023-03-15,12.2998878,filled,filled,2023-03-15
O000417,000001.SZ,buy,500,2023-03-14,2023-03-15,9.360351,filled,filled,2023-03-15
O000418,000002.SZ,buy,600,2023-03-14,2023-03-15,8.635727099999999,filled,filled,2023-03-15
O000419,000007.SZ,buy,500,2023-03-14,2023-03-15,9.3280187,filled,filled,2023-03-15
O000420,000010.SZ,buy,500,2023-03-14,2023-03-15,10.1633532,filled,filled,2023-03-15
O000421,000021.SZ,buy,400,2023-03-14,2023-03-15,11.182571399999999,filled,filled,2023-03-15
O000422,000024.SZ,buy,600,2023-03-14,2023-03-15,8.437829399999998,filled,filled,2023-03-15
O000423,000028.SZ,buy,600,2023-03-14,2023-03-15,9.072063,filled,filled,2023-03-15
O000424,000030.SZ,buy,600,2023-03-14,2023-03-15,8.859750899999998,filled,filled,2023-03-15
O000425,000033.SZ,buy,400,2023-03-14,2023-03-15,11.2155043,filled,filled,2023-03-15
O000426,000036.SZ,buy,300,2023-03-14,2023-03-15,13.8870732,filled,filled,2023-03-15
O000427,000017.SZ,sell,100,2023-03-15,,0.0,pending,submitted,2023-03-15
O000428,000038.SZ,sell,19600,2023-03-15,,0.0,pending,submitted,2023-03-15
O000429,000001.SZ,buy,1200,2023-03-15,,0.0,pending,submitted,2023-03-15
O000430,000002.SZ,buy,1300,2023-03-15,,0.0,pending,submitted,2023-03-15
O000431,000003.SZ,buy,800,2023-03-15,,0.0,pending,submitted,2023-03-15
O000432,000005.SZ,buy,1100,2023-03-15,,0.0,pending,submitted,2023-03-15
O000433,000010.SZ,buy,1100,2023-03-15,,0.0,pending,submitted,2023-03-15
O000434,000028.SZ,buy,1200,2023-03-15,,0.0,pending,submitted,2023-03-15
O000435,000030.SZ,buy,1200,2023-03-15,,0.0,pending,submitted,2023-03-15
O000436,000033.SZ,buy,1000,2023-03-15,,0.0,pending,submitted,2023-03-15
O000437,000036.SZ,buy,800,2023-03-15,,0.0,pending,submitted,2023-03-15
O000438,000045.SZ,buy,900,2023-03-15,,0.0,pending,submitted,2023-03-15
O000427,000017.SZ,sell,100,2023-03-15,2023-03-16,9.9107793,filled,filled,2023-03-16
O000428,000038.SZ,sell,19600,2023-03-15,2023-03-16,12.109878,filled,filled,2023-03-16
O000429,000001.SZ,buy,1200,2023-03-15,2023-03-16,9.608599,filled,filled,2023-03-16
O000430,000002.SZ,buy,1300,2023-03-15,2023-03-16,8.6493407,filled,filled,2023-03-16
O000431,000003.SZ,buy,800,2023-03-15,2023-03-16,13.745932199999999,filled,filled,2023-03-16
O000432,000005.SZ,buy,1100,2023-03-15,2023-03-16,10.584573999999998,filled,filled,2023-03-16
O000433,000010.SZ,buy,1100,2023-03-15,2023-03-16,10.302792499999999,filled,filled,2023-03-16
O000434,000028.SZ,buy,1200,2023-03-15,2023-03-16,9.223213999999999,filled,filled,2023-03-16
O000435,000030.SZ,buy,1200,2023-03-15,2023-03-16,9.0576486,filled,filled,2023-03-16
O000436,000033.SZ,buy,1000,2023-03-15,2023-03-16,11.121810699999997,filled,filled,2023-03-16
O000437,000036.SZ,buy,800,2023-03-15,2023-03-16,13.275061799999998,filled,filled,2023-03-16
O000438,000045.SZ,buy,900,2023-03-15,2023-03-16,11.936524599999998,filled,filled,2023-03-16
O000439,000027.SZ,sell,500,2023-03-16,,0.0,pending,submitted,2023-03-16
O000440,000001.SZ,buy,2400,2023-03-16,,0.0,pending,submitted,2023-03-16
O000441,000007.SZ,buy,2400,2023-03-16,,0.0,pending,submitted,2023-03-16
O000442,000010.SZ,buy,2200,2023-03-16,,0.0,pending,submitted,2023-03-16
O000443,000029.SZ,buy,2100,2023-03-16,,0.0,pending,submitted,2023-03-16
O000444,000030.SZ,buy,2500,2023-03-16,,0.0,pending,submitted,2023-03-16
O000445,000033.SZ,buy,2000,2023-03-16,,0.0,pending,submitted,2023-03-16
O000446,000037.SZ,buy,2400,2023-03-16,,0.0,pending,submitted,2023-03-16
O000447,000043.SZ,buy,2100,2023-03-16,,0.0,pending,submitted,2023-03-16
O000448,000045.SZ,buy,1900,2023-03-16,,0.0,pending,submitted,2023-03-16
O000449,000050.SZ,buy,2400,2023-03-16,,0.0,pending,submitted,2023-03-16
O000439,000027.SZ,sell,500,2023-03-16,2023-03-17,9.0068841,filled,filled,2023-03-17
O000440,000001.SZ,buy,2400,2023-03-16,2023-03-17,9.892882999999998,filled,filled,2023-03-17
O000441,000007.SZ,buy,2400,2023-03-16,2023-03-17,9.6732636,filled,filled,2023-03-17
O000442,000010.SZ,buy,2200,2023-03-16,2023-03-17,10.5311206,filled,filled,2023-03-17
O000443,000029.SZ,buy,2100,2023-03-16,2023-03-17,11.110199099999999,filled,filled,2023-03-17
O000444,000030.SZ,buy,2500,2023-03-16,2023-03-17,9.154945799999998,filled,filled,2023-03-17
O000445,000033.SZ,buy,2000,2023-03-16,2023-03-17,11.371059699999998,filled,filled,2023-03-17
O000446,000037.SZ,buy,2400,2023-03-16,2023-03-17,9.793183399999998,filled,filled,2023-03-17
O000447,000043.SZ,buy,2100,2023-03-16,2023-03-17,11.259247999999998,filled,filled,2023-03-17
O000448,000045.SZ,buy,1900,2023-03-16,2023-03-17,12.000088099999997,filled,filled,2023-03-17
O000449,000050.SZ,buy,2400,2023-03-16,2023-03-17,9.8587489,filled,filled,2023-03-17
O000450,000002.SZ,sell,2500,2023-03-17,,0.0,pending,submitted,2023-03-17
O000451,000011.SZ,sell,3200,2023-03-17,,0.0,pending,submitted,2023-03-17
O000452,000028.SZ,sell,1800,2023-03-17,,0.0,pending,submitted,2023-03-17
O000453,000001.SZ,buy,200,2023-03-17,,0.0,pending,submitted,2023-03-17
O000454,000004.SZ,buy,100,2023-03-17,,0.0,pending,submitted,2023-03-17
O000455,000009.SZ,buy,200,2023-03-17,,0.0,pending,submitted,2023-03-17
O000456,000019.SZ,buy,100,2023-03-17,,0.0,pending,submitted,2023-03-17
O000457,000024.SZ,buy,200,2023-03-17,,0.0,pending,submitted,2023-03-17
O000458,000029.SZ,buy,100,2023-03-17,,0.0,pending,submitted,2023-03-17
O000459,000030.SZ,buy,200,2023-03-17,,0.0,pending,submitted,2023-03-17
O000460,000033.SZ,buy,100,2023-03-17,,0.0,pending,submitted,2023-03-17
O000461,000037.SZ,buy,200,2023-03-17,,0.0,pending,submitted,2023-03-17
O000462,000045.SZ,buy,100,2023-03-17,,0.0,pending,submitted,2023-03-17
O000450,000002.SZ,sell,2500,2023-03-17,2023-03-20,8.5162752,filled,filled,2023-03-20
O000451,000011.SZ,sell,3200,2023-03-17,2023-03-20,9.119171699999999,filled,filled,2023-03-20
O000452,000028.SZ,sell,1800,2023-03-17,2023-03-20,8.8320591,filled,filled,2023-03-20
O000453,000001.SZ,buy,200,2023-03-17,2023-03-20,10.248338099999998,filled,filled,2023-03-20
O000454,000004.SZ,buy,100,2023-03-17,2023-03-20,11.890378499999999,filled,filled,2023-03-20
O000455,000009.SZ,buy,200,2023-03-17,2023-03-20,8.5638553,filled,filled,2023-03-20
O000456,000019.SZ,buy,100,2023-03-17,2023-03-20,10.982271299999999,filled,filled,2023-03-20
O000457,000024.SZ,buy,200,2023-03-17,2023-03-20,9.0008919,filled,filled,2023-03-20
O000458,000029.SZ,buy,100,2023-03-17,2023-03-20,10.933422499999999,filled,filled,2023-03-20
O000459,000030.SZ,buy,200,2023-03-17,2023-03-20,9.1118027,filled,filled,2023-03-20
O000460,000033.SZ,buy,100,2023-03-17,2023-03-20,11.143932799999998,filled,filled,2023-03-20
O000461,000037.SZ,buy,200,2023-03-17,2023-03-20,10.1890789,filled,filled,2023-03-20
O000462,000045.SZ,buy,100,2023-03-17,2023-03-20,12.1574453,filled,filled,2023-03-20
O000463,000043.SZ,sell,2100,2023-03-20,,0.0,pending,submitted,2023-03-20
O000464,000047.SZ,sell,4000,2023-03-20,,0.0,pending,submitted,2023-03-20
O000465,000001.SZ,buy,600,2023-03-20,,0.0,pending,submitted,2023-03-20
O000466,000008.SZ,buy,600,2023-03-20,,0.0,pending,submitted,2023-03-20
O000467,000009.SZ,buy,700,2023-03-20,,0.0,pending,submitted,2023-03-20
O000468,000014.SZ,buy,600,2023-03-20,,0.0,pending,submitted,2023-03-20
O000469,000024.SZ,buy,700,2023-03-20,,0.0,pending,submitted,2023-03-20
O000470,000033.SZ,buy,600,2023-03-20,,0.0,pending,submitted,2023-03-20
O000471,000037.SZ,buy,600,2023-03-20,,0.0,pending,submitted,2023-03-20
O000472,000038.SZ,buy,500,2023-03-20,,0.0,pending,submitted,2023-03-20
O000473,000039.SZ,buy,600,2023-03-20,,0.0,pending,submitted,2023-03-20
O000474,000045.SZ,buy,500,2023-03-20,,0.0,pending,submitted,2023-03-20
O000463,000043.SZ,sell,2100,2023-03-20,2023-03-21,10.5668226,filled,filled,2023-03-21
O000464,000047.SZ,sell,4000,2023-03-20,2023-03-21,10.6817076,filled,filled,2023-03-21
O000465,000001.SZ,buy,600,2023-03-20,2023-03-21,10.540930399999999,filled,filled,2023-03-21
O000466,000008.SZ,buy,600,2023-03-20,2023-03-21,10.049639599999999,filled,filled,2023-03-21
O000467,000009.SZ,buy,700,2023-03-20,2023-03-21,8.6501415,filled,filled,2023-03-21
O000468,000014.SZ,buy,600,2023-03-20,2023-03-21,11.040129099999998,filled,filled,2023-03-21
O000469,000024.SZ,buy,700,2023-03-20,2023-03-21,8.939430499999999,filled,filled,2023-03-21
O000470,000033.SZ,buy,600,2023-03-20,2023-03-21,11.2260148,filled,filled,2023-03-21
O000471,000037.SZ,buy,600,2023-03-20,2023-03-21,10.219309099999998,filled,filled,2023-03-21
O000472,000038.SZ,buy,500,2023-03-20,2023-03-21,12.719506799999998,filled,filled,2023-03-21
O000473,000039.SZ,buy,600,2023-03-20,2023-03-21,10.556145599999999,filled,filled,2023-03-21
O000474,000045.SZ,buy,500,2023-03-20,2023-03-21,11.717705999999998,filled,filled,2023-03-21
O000475,000015.SZ,sell,2500,2023-03-21,,0.0,pending,submitted,2023-03-21
O000476,000030.SZ,sell,5100,2023-03-21,,0.0,pending,submitted,2023-03-21
O000477,000036.SZ,sell,2200,2023-03-21,,0.0,pending,submitted,2023-03-21
O000478,000042.SZ,sell,1100,2023-03-21,,0.0,pending,submitted,2023-03-21
O000479,000001.SZ,buy,600,2023-03-21,,0.0,pending,submitted,2023-03-21
O000480,000008.SZ,buy,700,2023-03-21,,0.0,pending,submitted,2023-03-21
O000481,000009.SZ,buy,800,2023-03-21,,0.0,pending,submitted,2023-03-21
O000482,000019.SZ,buy,600,2023-03-21,,0.0,pending,submitted,2023-03-21
O000483,000024.SZ,buy,700,2023-03-21,,0.0,pending,submitted,2023-03-21
O000484,000025.SZ,buy,600,2023-03-21,,0.0,pending,submitted,2023-03-21
O000485,000037.SZ,buy,600,2023-03-21,,0.0,pending,submitted,2023-03-21
O000486,000039.SZ,buy,600,2023-03-21,,0.0,pending,submitted,2023-03-21
O000487,000040.SZ,buy,600,2023-03-21,,0.0,pending,submitted,2023-03-21
O000488,000046.SZ,buy,500,2023-03-21,,0.0,pending,submitted,2023-03-21
O000475,000015.SZ,sell,2500,2023-03-21,2023-03-22,9.6871032,filled,filled,2023-03-22
O000476,000030.SZ,sell,5100,2023-03-21,2023-03-22,8.628063299999999,filled,filled,2023-03-22
O000477,000036.SZ,sell,2200,2023-03-21,2023-03-22,13.0831038,filled,filled,2023-03-22
O000478,000042.SZ,sell,1100,2023-03-21,2023-03-22,9.019971,filled,filled,2023-03-22
O000479,000001.SZ,buy,600,2023-03-21,2023-03-22,10.404794399999998,filled,filled,2023-03-22
O000480,000008.SZ,buy,700,2023-03-21,2023-03-22,10.064854799999999,filled,filled,2023-03-22
O000481,000009.SZ,buy,800,2023-03-21,2023-03-22,8.8103015,filled,filled,2023-03-22
O000482,000019.SZ,buy,600,2023-03-21,2023-03-22,10.9261152,filled,filled,2023-03-22
O000483,000024.SZ,buy,700,2023-03-21,2023-03-22,9.2227135,filled,filled,2023-03-22
O000484,000025.SZ,buy,600,2023-03-21,2023-03-22,10.497787299999999,filled,filled,2023-03-22
O000485,000037.SZ,buy,600,2023-03-21,2023-03-22,10.255144899999998,filled,filled,2023-03-22
O000486,000039.SZ,buy,600,2023-03-21,2023-03-22,10.5683578,filled,filled,2023-03-22
O000487,000040.SZ,buy,600,2023-03-21,2023-03-22,11.0995885,filled,filled,2023-03-22
O000488,000046.SZ,buy,500,2023-03-21,2023-03-22,12.393280899999999,filled,filled,2023-03-22
O000489,000007.SZ,sell,2900,2023-03-22,,0.0,pending,submitted,2023-03-22
O000490,000001.SZ,buy,1000,2023-03-22,,0.0,pending,submitted,2023-03-22
O000491,000004.SZ,buy,900,2023-03-22,,0.0,pending,submitted,2023-03-22
O000492,000008.SZ,buy,1000,2023-03-22,,0.0,pending,submitted,2023-03-22
O000493,000009.SZ,buy,1200,2023-03-22,,0.0,pending,submitted,2023-03-22
O000494,000017.SZ,buy,1000,2023-03-22,,0.0,pending,submitted,2023-03-22
O000495,000024.SZ,buy,1200,2023-03-22,,0.0,pending,submitted,2023-03-22
O000496,000025.SZ,buy,1000,2023-03-22,,0.0,pending,submitted,2023-03-22
O000497,000037.SZ,buy,1000,2023-03-22,,0.0,pending,submitted,2023-03-22
O000498,000039.SZ,buy,1000,2023-03-22,,0.0,pending,submitted,2023-03-22
O000499,000046.SZ,buy,800,2023-03-22,,0.0,pending,submitted,2023-03-22
O000489,000007.SZ,sell,2900,2023-03-22,2023-03-23,9.0740169,filled,filled,2023-03-23
O000490,000001.SZ,buy,1000,2023-03-22,2023-03-23,10.474964499999999,filled,filled,2023-03-23
O000491,000004.SZ,buy,900,2023-03-22,2023-03-23,12.090077999999998,filled,filled,2023-03-23
O000492,000008.SZ,buy,1000,2023-03-22,2023-03-23,10.139128999999999,filled,filled,2023-03-23
O000493,000009.SZ,buy,1200,2023-03-22,2023-03-23,9.142633499999999,filled,filled,2023-03-23
O000494,000017.SZ,buy,1000,2023-03-22,2023-03-23,10.562351799999998,filled,filled,2023-03-23
O000495,000024.SZ,buy,1200,2023-03-22,2023-03-23,9.159550399999999,filled,filled,2023-03-23
O000496,000025.SZ,buy,1000,2023-03-22,2023-03-23,10.4782678,filled,filled,2023-03-23
O000497,000037.SZ,buy,1000,2023-03-22,2023-03-23,10.3110007,filled,filled,2023-03-23
O000498,000039.SZ,buy,1000,2023-03-22,2023-03-23,10.709698999999999,filled,filled,2023-03-23
O000499,000046.SZ,buy,800,2023-03-22,2023-03-23,12.5052928,filled,filled,2023-03-23
O000500,000010.SZ,sell,4800,2023-03-23,,0.0,pending,submitted,2023-03-23
O000501,000029.SZ,sell,3600,2023-03-23,,0.0,pending,submitted,2023-03-23
O000502,000006.SZ,buy,400,2023-03-23,,0.0,pending,submitted,2023-03-23
O000503,000009.SZ,buy,300,2023-03-23,,0.0,pending,submitted,2023-03-23
O000504,000015.SZ,buy,300,2023-03-23,,0.0,pending,submitted,2023-03-23
O000505,000019.SZ,buy,300,2023-03-23,,0.0,pending,submitted,2023-03-23
O000506,000034.SZ,buy,400,2023-03-23,,0.0,pending,submitted,2023-03-23
O000507,000038.SZ,buy,200,2023-03-23,,0.0,pending,submitted,2023-03-23
O000508,000039.SZ,buy,300,2023-03-23,,0.0,pending,submitted,2023-03-23
O000509,000040.SZ,buy,300,2023-03-23,,0.0,pending,submitted,2023-03-23
O000510,000046.SZ,buy,200,2023-03-23,,0.0,pending,submitted,2023-03-23
O000511,000049.SZ,buy,300,2023-03-23,,0.0,pending,submitted,2023-03-23
O000500,000010.SZ,sell,4800,2023-03-23,2023-03-24,9.6983919,filled,filled,2023-03-24
O000501,000029.SZ,sell,3600,2023-03-23,2023-03-24,10.4749146,filled,filled,2023-03-24
O000502,000006.SZ,buy,400,2023-03-23,2023-03-24,8.391382999999998,filled,filled,2023-03-24
O000503,000009.SZ,buy,300,2023-03-23,2023-03-24,9.110701599999999,filled,filled,2023-03-24
O000504,000015.SZ,buy,300,2023-03-23,2023-03-24,10.215205,filled,filled,2023-03-24
O000505,000019.SZ,buy,300,2023-03-23,2023-03-24,11.393181799999999,filled,filled,2023-03-24
O000506,000034.SZ,buy,400,2023-03-23,2023-03-24,8.7019933,filled,filled,2023-03-24
O000507,000038.SZ,buy,200,2023-03-23,2023-03-24,12.995682699999998,filled,filled,2023-03-24
O000508,000039.SZ,buy,300,2023-03-23,2023-03-24,10.886475599999999,filled,filled,2023-03-24
O000509,000040.SZ,buy,300,2023-03-23,2023-03-24,11.072361299999997,filled,filled,2023-03-24
O000510,000046.SZ,buy,200,2023-03-23,2023-03-24,12.3191068,filled,filled,2023-03-24
O000511,000049.SZ,buy,300,2023-03-23,2023-03-24,9.7260163,filled,filled,2023-03-24
O000512,000003.SZ,sell,12400,2023-03-24,,0.0,pending,submitted,2023-03-24
O000513,000004.SZ,sell,2200,2023-03-24,,0.0,pending,submitted,2023-03-24
O000514,000037.SZ,sell,9100,2023-03-24,,0.0,pending,submitted,2023-03-24
O000515,000006.SZ,buy,1000,2023-03-24,,0.0,pending,submitted,2023-03-24
O000516,000008.SZ,buy,800,2023-03-24,,0.0,pending,submitted,2023-03-24
O000517,000009.SZ,buy,900,2023-03-24,,0.0,pending,submitted,2023-03-24
O000518,000015.SZ,buy,800,2023-03-24,,0.0,pending,submitted,2023-03-24
O000519,000017.SZ,buy,800,2023-03-24,,0.0,pending,submitted,2023-03-24
O000520,000019.SZ,buy,700,2023-03-24,,0.0,pending,submitted,2023-03-24
O000521,000028.SZ,buy,900,2023-03-24,,0.0,pending,submitted,2023-03-24
O000522,000034.SZ,buy,900,2023-03-24,,0.0,pending,submitted,2023-03-24
O000523,000038.SZ,buy,600,2023-03-24,,0.0,pending,submitted,2023-03-24
O000524,000049.SZ,buy,800,2023-03-24,,0.0,pending,submitted,2023-03-24
O000512,000003.SZ,sell,12400,2023-03-24,2023-03-27,13.2348519,filled,filled,2023-03-27
O000513,000004.SZ,sell,2200,2023-03-24,2023-03-27,11.3210676,filled,filled,2023-03-27
O000514,000037.SZ,sell,9100,2023-03-24,2023-03-27,9.535155300000001,filled,filled,2023-03-27
O000515,000006.SZ,buy,1000,2023-03-24,2023-03-27,8.373665299999999,filled,filled,2023-03-27
O000516,000008.SZ,buy,800,2023-03-24,2023-03-27,10.183373199999998,filled,filled,2023-03-27
O000517,000009.SZ,buy,900,2023-03-24,2023-03-27,9.1159068,filled,filled,2023-03-27
O000518,000015.SZ,buy,800,2023-03-24,2023-03-27,10.1686585,filled,filled,2023-03-27
O000519,000017.SZ,buy,800,2023-03-24,2023-03-27,10.599088499999999,filled,filled,2023-03-27
O000520,000019.SZ,buy,700,2023-03-24,2023-03-27,11.468156699999998,filled,filled,2023-03-27
O000521,000028.SZ,buy,900,2023-03-24,2023-03-27,9.3461368,filled,filled,2023-03-27
O000522,000034.SZ,buy,900,2023-03-24,2023-03-27,9.0524434,filled,filled,2023-03-27
O000523,000038.SZ,buy,600,2023-03-24,2023-03-27,13.210196999999997,filled,filled,2023-03-27
O000524,000049.SZ,buy,800,2023-03-24,2023-03-27,9.9020922,filled,filled,2023-03-27
O000525,000014.SZ,sell,600,2023-03-27,,0.0,pending,submitted,2023-03-27
O000526,000032.SZ,sell,1500,2023-03-27,,0.0,pending,submitted,2023-03-27
O000527,000006.SZ,buy,3000,2023-03-27,,0.0,pending,submitted,2023-03-27
O000528,000009.SZ,buy,2800,2023-03-27,,0.0,pending,submitted,2023-03-27
O000529,000015.SZ,buy,2600,2023-03-27,,0.0,pending,submitted,2023-03-27
O000530,000017.SZ,buy,2500,2023-03-27,,0.0,pending,submitted,2023-03-27
O000531,000028.SZ,buy,2900,2023-03-27,,0.0,pending,submitted,2023-03-27
O000532,000034.SZ,buy,2900,2023-03-27,,0.0,pending,submitted,2023-03-27
O000533,000039.SZ,buy,2400,2023-03-27,,0.0,pending,submitted,2023-03-27
O000534,000044.SZ,buy,2200,2023-03-27,,0.0,pending,submitted,2023-03-27
O000535,000047.SZ,buy,2300,2023-03-27,,0.0,pending,submitted,2023-03-27
O000536,000049.SZ,buy,2600,2023-03-27,,0.0,pending,submitted,2023-03-27
O000525,000014.SZ,sell,600,2023-03-27,2023-03-28,10.5726168,filled,filled,2023-03-28
O000526,000032.SZ,sell,1500,2023-03-27,2023-03-28,9.8645256,filled,filled,2023-03-28
O000527,000006.SZ,buy,3000,2023-03-27,2023-03-28,8.72872,filled,filled,2023-03-28
O000528,000009.SZ,buy,2800,2023-03-27,2023-03-28,9.3871778,filled,filled,2023-03-28
O000529,000015.SZ,buy,2600,2023-03-27,2023-03-28,10.148238099999999,filled,filled,2023-03-28
O000530,000017.SZ,buy,2500,2023-03-27,2023-03-28,10.604193599999999,filled,filled,2023-03-28
O000531,000028.SZ,buy,2900,2023-03-27,2023-03-28,9.056947899999999,filled,filled,2023-03-28
O000532,000034.SZ,buy,2900,2023-03-27,2023-03-28,9.039730699999998,filled,filled,2023-03-28
O000533,000039.SZ,buy,2400,2023-03-27,2023-03-28,11.0976866,filled,filled,2023-03-28
O000534,000044.SZ,buy,2200,2023-03-27,2023-03-28,12.241529299999998,filled,filled,2023-03-28
O000535,000047.SZ,buy,2300,2023-03-27,2023-03-28,11.317205899999998,filled,filled,2023-03-28
O000536,000049.SZ,buy,2600,2023-03-27,2023-03-28,10.0483383,filled,filled,2023-03-28
O000537,000024.SZ,sell,3500,2023-03-28,,0.0,pending,submitted,2023-03-28
O000538,000046.SZ,sell,2200,2023-03-28,,0.0,pending,submitted,2023-03-28
O000539,000006.SZ,buy,400,2023-03-28,,0.0,pending,submitted,2023-03-28
O000540,000009.SZ,buy,400,2023-03-28,,0.0,pending,submitted,2023-03-28
O000541,000012.SZ,buy,200,2023-03-28,,0.0,pending,submitted,2023-03-28
O000542,000019.SZ,buy,300,2023-03-28,,0.0,pending,submitted,2023-03-28
O000543,000025.SZ,buy,300,2023-03-28,,0.0,pending,submitted,2023-03-28
O000544,000033.SZ,buy,300,2023-03-28,,0.0,pending,submitted,2023-03-28
O000545,000034.SZ,buy,400,2023-03-28,,0.0,pending,submitted,2023-03-28
O000546,000039.SZ,buy,300,2023-03-28,,0.0,pending,submitted,2023-03-28
O000547,000047.SZ,buy,300,2023-03-28,,0.0,pending,submitted,2023-03-28
O000548,000049.SZ,buy,300,2023-03-28,,0.0,pending,submitted,2023-03-28
O000537,000024.SZ,sell,3500,2023-03-28,2023-03-29,8.852538599999999,filled,filled,2023-03-29
O000538,000046.SZ,sell,2200,2023-03-28,2023-03-29,11.7036846,filled,filled,2023-03-29
O000539,000006.SZ,buy,400,2023-03-28,2023-03-29,8.976867899999998,filled,filled,2023-03-29
O000540,000009.SZ,buy,400,2023-03-28,2023-03-29,9.7740643,filled,filled,2023-03-29
O000541,000012.SZ,buy,200,2023-03-28,2023-03-29,15.228913699999998,filled,filled,2023-03-29
O000542,000019.SZ,buy,300,2023-03-28,2023-03-29,11.595784199999997,filled,filled,2023-03-29
O000543,000025.SZ,buy,300,2023-03-28,2023-03-29,10.939528599999997,filled,filled,2023-03-29
O000544,000033.SZ,buy,300,2023-03-28,2023-03-29,11.7110994,filled,filled,2023-03-29
O000545,000034.SZ,buy,400,2023-03-28,2023-03-29,9.148339199999999,filled,filled,2023-03-29
O000546,000039.SZ,buy,300,2023-03-28,2023-03-29,11.0841731,filled,filled,2023-03-29
O000547,000047.SZ,buy,300,2023-03-28,2023-03-29,11.6638522,filled,filled,2023-03-29
O000548,000049.SZ,buy,300,2023-03-28,2023-03-29,10.258648399999998,filled,filled,2023-03-29
O000549,000006.SZ,buy,600,2023-03-29,,0.0,pending,submitted,2023-03-29
O000550,000009.SZ,buy,600,2023-03-29,,0.0,pending,submitted,2023-03-29
O000551,000019.SZ,buy,500,2023-03-29,,0.0,pending,submitted,2023-03-29
O000552,000023.SZ,buy,600,2023-03-29,,0.0,pending,submitted,2023-03-29
O000553,000025.SZ,buy,500,2023-03-29,,0.0,pending,submitted,2023-03-29
O000554,000033.SZ,buy,500,2023-03-29,,0.0,pending,submitted,2023-03-29
O000555,000034.SZ,buy,600,2023-03-29,,0.0,pending,submitted,2023-03-29
O000556,000042.SZ,buy,600,2023-03-29,,0.0,pending,submitted,2023-03-29
O000557,000047.SZ,buy,500,2023-03-29,,0.0,pending,submitted,2023-03-29
O000558,000049.SZ,buy,500,2023-03-29,,0.0,pending,submitted,2023-03-29
O000549,000006.SZ,buy,600,2023-03-29,2023-03-30,8.8289201,filled,filled,2023-03-30
O000550,000009.SZ,buy,600,2023-03-29,2023-03-30,9.807397599999998,filled,filled,2023-03-30
O000551,000019.SZ,buy,500,2023-03-29,2023-03-30,11.612701099999999,filled,filled,2023-03-30
O000552,000023.SZ,buy,600,2023-03-29,2023-03-30,9.8092995,filled,filled,2023-03-30
O000553,000025.SZ,buy,500,2023-03-29,2023-03-30,10.883872999999998,filled,filled,2023-03-30
O000554,000033.SZ,buy,500,2023-03-29,2023-03-30,11.792680899999999,filled,filled,2023-03-30
O000555,000034.SZ,buy,600,2023-03-29,2023-03-30,9.099390299999998,filled,filled,2023-03-30
O000556,000042.SZ,buy,600,2023-03-29,2023-03-30,9.6016921,filled,filled,2023-03-30
O000557,000047.SZ,buy,500,2023-03-29,2023-03-30,11.744532799999998,filled,filled,2023-03-30
O000558,000049.SZ,buy,500,2023-03-29,2023-03-30,10.220009799999998,filled,filled,2023-03-30
O000559,000028.SZ,sell,3800,2023-03-30,,0.0,pending,submitted,2023-03-30
O000560,000045.SZ,sell,3400,2023-03-30,,0.0,pending,submitted,2023-03-30
O000559,000028.SZ,sell,3800,2023-03-30,2023-03-31,8.7861051,filled,filled,2023-03-31
O000560,000045.SZ,sell,3400,2023-03-30,2023-03-31,11.3774112,filled,filled,2023-03-31
O000561,000006.SZ,buy,800,2023-03-31,,0.0,pending,submitted,2023-03-31
O000562,000009.SZ,buy,700,2023-03-31,,0.0,pending,submitted,2023-03-31
O000563,000014.SZ,buy,600,2023-03-31,,0.0,pending,submitted,2023-03-31
O000564,000023.SZ,buy,700,2023-03-31,,0.0,pending,submitted,2023-03-31
O000565,000025.SZ,buy,600,2023-03-31,,0.0,pending,submitted,2023-03-31
O000566,000026.SZ,buy,700,2023-03-31,,0.0,pending,submitted,2023-03-31
O000567,000033.SZ,buy,600,2023-03-31,,0.0,pending,submitted,2023-03-31
O000568,000035.SZ,buy,900,2023-03-31,,0.0,pending,submitted,2023-03-31
O000569,000039.SZ,buy,600,2023-03-31,,0.0,pending,submitted,2023-03-31
O000570,000047.SZ,buy,600,2023-03-31,,0.0,pending,submitted,2023-03-31
O000561,000006.SZ,buy,800,2023-03-31,2023-04-03,8.728119399999999,filled,filled,2023-04-03
O000562,000009.SZ,buy,700,2023-03-31,2023-04-03,10.216706499999999,filled,filled,2023-04-03
O000563,000014.SZ,buy,600,2023-03-31,2023-04-03,10.845234399999999,filled,filled,2023-04-03
O000564,000023.SZ,buy,700,2023-03-31,2023-04-03,10.413703299999998,filled,filled,2023-04-03
O000565,000025.SZ,buy,600,2023-03-31,2023-04-03,11.4426312,filled,filled,2023-04-03
O000566,000026.SZ,buy,700,2023-03-31,2023-04-03,10.1066966,filled,filled,2023-04-03
O000567,000033.SZ,buy,600,2023-03-31,2023-04-03,12.5968843,filled,filled,2023-04-03
O000568,000035.SZ,buy,900,2023-03-31,2023-04-03,8.291182899999999,filled,filled,2023-04-03
O000569,000039.SZ,buy,600,2023-03-31,2023-04-03,11.5692577,filled,filled,2023-04-03
O000570,000047.SZ,buy,600,2023-03-31,2023-04-03,12.102490399999999,filled,filled,2023-04-03
O000571,000012.SZ,sell,10000,2023-04-03,,0.0,pending,submitted,2023-04-03
O000572,000044.SZ,sell,5500,2023-04-03,,0.0,pending,submitted,2023-04-03
O000571,000012.SZ,sell,10000,2023-04-03,2023-04-04,14.4883971,filled,filled,2023-04-04
O000572,000044.SZ,sell,5500,2023-04-03,2023-04-04,11.5766118,filled,filled,2023-04-04
O000573,000001.SZ,sell,7100,2023-04-04,,0.0,pending,submitted,2023-04-04
O000574,000006.SZ,sell,6200,2023-04-04,,0.0,pending,submitted,2023-04-04
O000575,000005.SZ,buy,1800,2023-04-04,,0.0,pending,submitted,2023-04-04
O000576,000009.SZ,buy,1900,2023-04-04,,0.0,pending,submitted,2023-04-04
O000577,000014.SZ,buy,1800,2023-04-04,,0.0,pending,submitted,2023-04-04
O000578,000017.SZ,buy,1800,2023-04-04,,0.0,pending,submitted,2023-04-04
O000579,000023.SZ,buy,1900,2023-04-04,,0.0,pending,submitted,2023-04-04
O000580,000025.SZ,buy,1700,2023-04-04,,0.0,pending,submitted,2023-04-04
O000581,000026.SZ,buy,1900,2023-04-04,,0.0,pending,submitted,2023-04-04
O000582,000030.SZ,buy,2300,2023-04-04,,0.0,pending,submitted,2023-04-04
O000583,000033.SZ,buy,1600,2023-04-04,,0.0,pending,submitted,2023-04-04
O000584,000047.SZ,buy,1700,2023-04-04,,0.0,pending,submitted,2023-04-04
O000573,000001.SZ,sell,7100,2023-04-04,2023-04-05,9.6500403,filled,filled,2023-04-05
O000574,000006.SZ,sell,6200,2023-04-04,2023-04-05,8.4380535,filled,filled,2023-04-05
O000575,000005.SZ,buy,1800,2023-04-04,2023-04-05,11.1746635,filled,filled,2023-04-05
O000576,000009.SZ,buy,1900,2023-04-04,2023-04-05,10.3129026,filled,filled,2023-04-05
O000577,000014.SZ,buy,1800,2023-04-04,2023-04-05,11.439428,filled,filled,2023-04-05
O000578,000017.SZ,buy,1800,2023-04-04,2023-04-05,10.941730799999998,filled,filled,2023-04-05
O000579,000023.SZ,buy,1900,2023-04-04,2023-04-05,10.374964599999998,filled,filled,2023-04-05
O000580,000025.SZ,buy,1700,2023-04-04,2023-04-05,11.740228499999999,filled,filled,2023-04-05
O000581,000026.SZ,buy,1900,2023-04-04,2023-04-05,10.542131599999998,filled,filled,2023-04-05
O000582,000030.SZ,buy,2300,2023-04-04,2023-04-05,8.891882999999998,filled,filled,2023-04-05
O000583,000033.SZ,buy,1600,2023-04-04,2023-04-05,12.562650099999999,filled,filled,2023-04-05
O000584,000047.SZ,buy,1700,2023-04-04,2023-04-05,12.107395299999999,filled,filled,2023-04-05
O000585,000009.SZ,buy,1200,2023-04-05,,0.0,pending,submitted,2023-04-05
O000586,000014.SZ,buy,1100,2023-04-05,,0.0,pending,submitted,2023-04-05
O000587,000015.SZ,buy,1200,2023-04-05,,0.0,pending,submitted,2023-04-05
O000588,000025.SZ,buy,1100,2023-04-05,,0.0,pending,submitted,2023-04-05
O000589,000026.SZ,buy,1200,2023-04-05,,0.0,pending,submitted,2023-04-05
O000590,000030.SZ,buy,1400,2023-04-05,,0.0,pending,submitted,2023-04-05
O000591,000031.SZ,buy,1200,2023-04-05,,0.0,pending,submitted,2023-04-05
O000592,000033.SZ,buy,900,2023-04-05,,0.0,pending,submitted,2023-04-05
O000593,000038.SZ,buy,900,2023-04-05,,0.0,pending,submitted,2023-04-05
O000594,000045.SZ,buy,1000,2023-04-05,,0.0,pending,submitted,2023-04-05
O000585,000009.SZ,buy,1200,2023-04-05,2023-04-06,10.365154799999997,filled,filled,2023-04-06
O000586,000014.SZ,buy,1100,2023-04-05,2023-04-06,11.645734099999999,filled,filled,2023-04-06
O000587,000015.SZ,buy,1200,2023-04-05,2023-04-06,10.3401298,filled,filled,2023-04-06
O000588,000025.SZ,buy,1100,2023-04-05,2023-04-06,11.557145599999998,filled,filled,2023-04-06
O000589,000026.SZ,buy,1200,2023-04-05,2023-04-06,10.3766663,filled,filled,2023-04-06
O000590,000030.SZ,buy,1400,2023-04-05,2023-04-06,8.7311224,filled,filled,2023-04-06
O000591,000031.SZ,buy,1200,2023-04-05,2023-04-06,10.745034299999999,filled,filled,2023-04-06
O000592,000033.SZ,buy,900,2023-04-05,2023-04-06,12.999386399999999,filled,filled,2023-04-06
O000593,000038.SZ,buy,900,2023-04-05,2023-04-06,13.572158599999998,filled,filled,2023-04-06
O000594,000045.SZ,buy,1000,2023-04-05,2023-04-06,12.278966699999998,filled,filled,2023-04-06
O000595,000047.SZ,sell,5400,2023-04-06,,0.0,pending,submitted,2023-04-06
O000596,000009.SZ,buy,100,2023-04-06,,0.0,pending,submitted,2023-04-06
O000597,000014.SZ,buy,100,2023-04-06,,0.0,pending,submitted,2023-04-06
O000598,000026.SZ,buy,100,2023-04-06,,0.0,pending,submitted,2023-04-06
O000599,000028.SZ,buy,100,2023-04-06,,0.0,pending,submitted,2023-04-06
O000600,000030.SZ,buy,100,2023-04-06,,0.0,pending,submitted,2023-04-06
O000601,000034.SZ,buy,100,2023-04-06,,0.0,pending,submitted,2023-04-06
O000595,000047.SZ,sell,5400,2023-04-06,2023-04-07,11.285503199999999,filled,filled,2023-04-07
O000596,000009.SZ,buy,100,2023-04-06,2023-04-07,10.644133499999999,filled,filled,2023-04-07
O000597,000014.SZ,buy,100,2023-04-06,2023-04-07,11.641730099999998,filled,filled,2023-04-07
O000598,000026.SZ,buy,100,2023-04-06,2023-04-07,10.4048945,filled,filled,2023-04-07
O000599,000028.SZ,buy,100,2023-04-06,2023-04-07,9.199990799999998,filled,filled,2023-04-07
O000600,000030.SZ,buy,100,2023-04-06,2023-04-07,8.9108019,filled,filled,2023-04-07
O000601,000034.SZ,buy,100,2023-04-06,2023-04-07,9.6765669,filled,filled,2023-04-07
O000602,000015.SZ,sell,4900,2023-04-07,,0.0,pending,submitted,2023-04-07
O000603,000050.SZ,sell,3000,2023-04-07,,0.0,pending,submitted,2023-04-07
O000604,000007.SZ,buy,600,2023-04-07,,0.0,pending,submitted,2023-04-07
O000605,000009.SZ,buy,500,2023-04-07,,0.0,pending,submitted,2023-04-07
O000606,000014.SZ,buy,500,2023-04-07,,0.0,pending,submitted,2023-04-07
O000607,000025.SZ,buy,500,2023-04-07,,0.0,pending,submitted,2023-04-07
O000608,000026.SZ,buy,600,2023-04-07,,0.0,pending,submitted,2023-04-07
O000609,000033.SZ,buy,400,2023-04-07,,0.0,pending,submitted,2023-04-07
O000610,000034.SZ,buy,600,2023-04-07,,0.0,pending,submitted,2023-04-07
O000611,000036.SZ,buy,400,2023-04-07,,0.0,pending,submitted,2023-04-07
O000612,000038.SZ,buy,400,2023-04-07,,0.0,pending,submitted,2023-04-07
O000613,000042.SZ,buy,600,2023-04-07,,0.0,pending,submitted,2023-04-07
O000602,000015.SZ,sell,4900,2023-04-07,2023-04-10,9.497493,filled,filled,2023-04-10
O000603,000050.SZ,sell,3000,2023-04-07,2023-04-10,9.4921983,filled,filled,2023-04-10
O000604,000007.SZ,buy,600,2023-04-07,2023-04-10,10.0455355,filled,filled,2023-04-10
O000605,000009.SZ,buy,500,2023-04-07,2023-04-10,10.7950843,filled,filled,2023-04-10
O000606,000014.SZ,buy,500,2023-04-07,2023-04-10,11.5829714,filled,filled,2023-04-10
O000607,000025.SZ,buy,500,2023-04-07,2023-04-10,12.429517099999998,filled,filled,2023-04-10
O000608,000026.SZ,buy,600,2023-04-07,2023-04-10,10.583072499999998,filled,filled,2023-04-10
O000609,000033.SZ,buy,400,2023-04-07,2023-04-10,13.843129299999998,filled,filled,2023-04-10
O000610,000034.SZ,buy,600,2023-04-07,2023-04-10,9.6754658,filled,filled,2023-04-10
O000611,000036.SZ,buy,400,2023-04-07,2023-04-10,12.992779799999997,filled,filled,2023-04-10
O000612,000038.SZ,buy,400,2023-04-07,2023-04-10,13.988474499999999,filled,filled,2023-04-10
O000613,000042.SZ,buy,600,2023-04-07,2023-04-10,9.837527699999999,filled,filled,2023-04-10
O000614,000017.SZ,sell,6100,2023-04-10,,0.0,pending,submitted,2023-04-10
O000615,000031.SZ,sell,1200,2023-04-10,,0.0,pending,submitted,2023-04-10
O000616,000035.SZ,sell,900,2023-04-10,,0.0,pending,submitted,2023-04-10
O000617,000004.SZ,buy,700,2023-04-10,,0.0,pending,submitted,2023-04-10
O000618,000007.SZ,buy,800,2023-04-10,,0.0,pending,submitted,2023-04-10
O000619,000025.SZ,buy,600,2023-04-10,,0.0,pending,submitted,2023-04-10
O000620,000026.SZ,buy,700,2023-04-10,,0.0,pending,submitted,2023-04-10
O000621,000033.SZ,buy,500,2023-04-10,,0.0,pending,submitted,2023-04-10
O000622,000034.SZ,buy,800,2023-04-10,,0.0,pending,submitted,2023-04-10
O000623,000036.SZ,buy,500,2023-04-10,,0.0,pending,submitted,2023-04-10
O000624,000038.SZ,buy,500,2023-04-10,,0.0,pending,submitted,2023-04-10
O000625,000040.SZ,buy,700,2023-04-10,,0.0,pending,submitted,2023-04-10
O000626,000043.SZ,buy,700,2023-04-10,,0.0,pending,submitted,2023-04-10
O000614,000017.SZ,sell,6100,2023-04-10,2023-04-11,10.7235657,filled,filled,2023-04-11
O000615,000031.SZ,sell,1200,2023-04-10,2023-04-11,9.913476600000001,filled,filled,2023-04-11
O000616,000035.SZ,sell,900,2023-04-10,2023-04-11,7.9284636,filled,filled,2023-04-11
O000617,000004.SZ,buy,700,2023-04-10,2023-04-11,10.466556099999998,filled,filled,2023-04-11
O000618,000007.SZ,buy,800,2023-04-10,2023-04-11,9.804194399999998,filled,filled,2023-04-11
O000619,000025.SZ,buy,600,2023-04-10,2023-04-11,12.769857099999998,filled,filled,2023-04-11
O000620,000026.SZ,buy,700,2023-04-10,2023-04-11,10.7413306,filled,filled,2023-04-11
O000621,000033.SZ,buy,500,2023-04-10,2023-04-11,13.527614099999997,filled,filled,2023-04-11
O000622,000034.SZ,buy,800,2023-04-10,2023-04-11,9.724815099999999,filled,filled,2023-04-11
O000623,000036.SZ,buy,500,2023-04-10,2023-04-11,13.423510099999998,filled,filled,2023-04-11
O000624,000038.SZ,buy,500,2023-04-10,2023-04-11,14.045031,filled,filled,2023-04-11
O000625,000040.SZ,buy,700,2023-04-10,2023-04-11,11.174563399999998,filled,filled,2023-04-11
O000626,000043.SZ,buy,700,2023-04-10,2023-04-11,10.65064,filled,filled,2023-04-11
O000627,000007.SZ,buy,800,2023-04-11,,0.0,pending,submitted,2023-04-11
O000628,000019.SZ,buy,700,2023-04-11,,0.0,pending,submitted,2023-04-11
O000629,000021.SZ,buy,700,2023-04-11,,0.0,pending,submitted,2023-04-11
O000630,000025.SZ,buy,600,2023-04-11,,0.0,pending,submitted,2023-04-11
O000631,000028.SZ,buy,900,2023-04-11,,0.0,pending,submitted,2023-04-11
O000632,000033.SZ,buy,600,2023-04-11,,0.0,pending,submitted,2023-04-11
O000633,000034.SZ,buy,800,2023-04-11,,0.0,pending,submitted,2023-04-11
O000634,000036.SZ,buy,600,2023-04-11,,0.0,pending,submitted,2023-04-11
O000635,000038.SZ,buy,600,2023-04-11,,0.0,pending,submitted,2023-04-11
O000636,000043.SZ,buy,800,2023-04-11,,0.0,pending,submitted,2023-04-11
O000627,000007.SZ,buy,800,2023-04-11,2023-04-12,10.3915812,filled,filled,2023-04-12
O000628,000019.SZ,buy,700,2023-04-11,2023-04-12,12.0996876,filled,filled,2023-04-12
O000629,000021.SZ,buy,700,2023-04-11,2023-04-12,11.719207499999998,filled,filled,2023-04-12
O000630,000025.SZ,buy,600,2023-04-11,2023-04-12,13.0098969,filled,filled,2023-04-12
O000631,000028.SZ,buy,900,2023-04-11,2023-04-12,9.330521199999998,filled,filled,2023-04-12
O000632,000033.SZ,buy,600,2023-04-11,2023-04-12,13.802688899999998,filled,filled,2023-04-12
O000633,000034.SZ,buy,800,2023-04-11,2023-04-12,10.015205199999999,filled,filled,2023-04-12
O000634,000036.SZ,buy,600,2023-04-11,2023-04-12,13.631918299999999,filled,filled,2023-04-12
O000635,000038.SZ,buy,600,2023-04-11,2023-04-12,14.177963799999999,filled,filled,2023-04-12
O000636,000043.SZ,buy,800,2023-04-11,2023-04-12,10.550339799999998,filled,filled,2023-04-12
O000637,000039.SZ,sell,5800,2023-04-12,,0.0,pending,submitted,2023-04-12
O000638,000005.SZ,buy,100,2023-04-12,,0.0,pending,submitted,2023-04-12
O000639,000007.SZ,buy,100,2023-04-12,,0.0,pending,submitted,2023-04-12
O000640,000034.SZ,buy,100,2023-04-12,,0.0,pending,submitted,2023-04-12
O000641,000043.SZ,buy,100,2023-04-12,,0.0,pending,submitted,2023-04-12
O000637,000039.SZ,sell,5800,2023-04-12,2023-04-13,10.6759134,filled,filled,2023-04-13
O000638,000005.SZ,buy,100,2023-04-12,2023-04-13,11.318707399999997,filled,filled,2023-04-13
O000639,000007.SZ,buy,100,2023-04-12,2023-04-13,10.1686585,filled,filled,2023-04-13
O000640,000034.SZ,buy,100,2023-04-12,2023-04-13,10.099589499999999,filled,filled,2023-04-13
O000641,000043.SZ,buy,100,2023-04-12,2023-04-13,10.546836299999999,filled,filled,2023-04-13
O000642,000014.SZ,sell,4100,2023-04-13,,0.0,pending,submitted,2023-04-13
O000643,000042.SZ,sell,1200,2023-04-13,,0.0,pending,submitted,2023-04-13
O000644,000007.SZ,buy,600,2023-04-13,,0.0,pending,submitted,2023-04-13
O000645,000011.SZ,buy,700,2023-04-13,,0.0,pending,submitted,2023-04-13
O000646,000017.SZ,buy,500,2023-04-13,,0.0,pending,submitted,2023-04-13
O000647,000019.SZ,buy,500,2023-04-13,,0.0,pending,submitted,2023-04-13
O000648,000021.SZ,buy,500,2023-04-13,,0.0,pending,submitted,2023-04-13
O000649,000025.SZ,buy,500,2023-04-13,,0.0,pending,submitted,2023-04-13
O000650,000028.SZ,buy,600,2023-04-13,,0.0,pending,submitted,2023-04-13
O000651,000030.SZ,buy,700,2023-04-13,,0.0,pending,submitted,2023-04-13
O000652,000038.SZ,buy,400,2023-04-13,,0.0,pending,submitted,2023-04-13
O000653,000048.SZ,buy,700,2023-04-13,,0.0,pending,submitted,2023-04-13
O000642,000014.SZ,sell,4100,2023-04-13,2023-04-14,10.9788102,filled,filled,2023-04-14
O000643,000042.SZ,sell,1200,2023-04-13,2023-04-14,9.2180727,filled,filled,2023-04-14
O000644,000007.SZ,buy,600,2023-04-13,2023-04-14,10.505294799999998,filled,filled,2023-04-14
O000645,000011.SZ,buy,700,2023-04-13,2023-04-14,9.388779399999999,filled,filled,2023-04-14
O000646,000017.SZ,buy,500,2023-04-13,2023-04-14,11.574062499999998,filled,filled,2023-04-14
O000647,000019.SZ,buy,500,2023-04-13,2023-04-14,12.211799599999999,filled,filled,2023-04-14
O000648,000021.SZ,buy,500,2023-04-13,2023-04-14,11.621409799999999,filled,filled,2023-04-14
O000649,000025.SZ,buy,500,2023-04-13,2023-04-14,13.0678548,filled,filled,2023-04-14
O000650,000028.SZ,buy,600,2023-04-13,2023-04-14,9.603894299999999,filled,filled,2023-04-14
O000651,000030.SZ,buy,700,2023-04-13,2023-04-14,9.233424199999998,filled,filled,2023-04-14
O000652,000038.SZ,buy,400,2023-04-13,2023-04-14,14.569554999999998,filled,filled,2023-04-14
O000653,000048.SZ,buy,700,2023-04-13,2023-04-14,8.901592699999998,filled,filled,2023-04-14
O000654,000008.SZ,sell,4200,2023-04-14,,0.0,pending,submitted,2023-04-14
O000655,000026.SZ,sell,5200,2023-04-14,,0.0,pending,submitted,2023-04-14
O000656,000033.SZ,sell,11100,2023-04-14,,0.0,pending,submitted,2023-04-14
O000657,000005.SZ,buy,500,2023-04-14,,0.0,pending,submitted,2023-04-14
O000658,000007.SZ,buy,500,2023-04-14,,0.0,pending,submitted,2023-04-14
O000659,000011.SZ,buy,600,2023-04-14,,0.0,pending,submitted,2023-04-14
O000660,000019.SZ,buy,500,2023-04-14,,0.0,pending,submitted,2023-04-14
O000661,000025.SZ,buy,400,2023-04-14,,0.0,pending,submitted,2023-04-14
O000662,000028.SZ,buy,600,2023-04-14,,0.0,pending,submitted,2023-04-14
O000663,000030.SZ,buy,600,2023-04-14,,0.0,pending,submitted,2023-04-14
O000664,000038.SZ,buy,400,2023-04-14,,0.0,pending,submitted,2023-04-14
O000665,000045.SZ,buy,400,2023-04-14,,0.0,pending,submitted,2023-04-14
O000666,000048.SZ,buy,600,2023-04-14,,0.0,pending,submitted,2023-04-14
O000654,000008.SZ,sell,4200,2023-04-14,2023-04-17,9.888301799999999,filled,filled,2023-04-17
O000655,000026.SZ,sell,5200,2023-04-14,2023-04-17,9.9932967,filled,filled,2023-04-17
O000656,000033.SZ,sell,11100,2023-04-14,2023-04-17,13.1223645,filled,filled,2023-04-17
O000657,000005.SZ,buy,500,2023-04-14,2023-04-17,11.615103499999998,filled,filled,2023-04-17
O000658,000007.SZ,buy,500,2023-04-14,2023-04-17,10.971060099999999,filled,filled,2023-04-17
O000659,000011.SZ,buy,600,2023-04-14,2023-04-17,9.4798704,filled,filled,2023-04-17
O000660,000019.SZ,buy,500,2023-04-14,2023-04-17,12.075063,filled,filled,2023-04-17
O000661,000025.SZ,buy,400,2023-04-14,2023-04-17,13.377364,filled,filled,2023-04-17
O000662,000028.SZ,buy,600,2023-04-14,2023-04-17,9.678368699999998,filled,filled,2023-04-17
O000663,000030.SZ,buy,600,2023-04-14,2023-04-17,9.1345254,filled,filled,2023-04-17
O000664,000038.SZ,buy,400,2023-04-14,2023-04-17,14.664649999999998,filled,filled,2023-04-17
O000665,000045.SZ,buy,400,2023-04-14,2023-04-17,12.2344222,filled,filled,2023-04-17
O000666,000048.SZ,buy,600,2023-04-14,2023-04-17,9.109900799999998,filled,filled,2023-04-17
O000667,000023.SZ,sell,3200,2023-04-17,,0.0,pending,submitted,2023-04-17
O000668,000049.SZ,sell,4500,2023-04-17,,0.0,pending,submitted,2023-04-17
O000669,000004.SZ,buy,2100,2023-04-17,,0.0,pending,submitted,2023-04-17
O000670,000007.SZ,buy,2100,2023-04-17,,0.0,pending,submitted,2023-04-17
O000671,000018.SZ,buy,1800,2023-04-17,,0.0,pending,submitted,2023-04-17
O000672,000025.SZ,buy,1700,2023-04-17,,0.0,pending,submitted,2023-04-17
O000673,000028.SZ,buy,2400,2023-04-17,,0.0,pending,submitted,2023-04-17
O000674,000030.SZ,buy,2500,2023-04-17,,0.0,pending,submitted,2023-04-17
O000675,000031.SZ,buy,2200,2023-04-17,,0.0,pending,submitted,2023-04-17
O000676,000045.SZ,buy,1800,2023-04-17,,0.0,pending,submitted,2023-04-17
O000677,000046.SZ,buy,1800,2023-04-17,,0.0,pending,submitted,2023-04-17
O000678,000048.SZ,buy,2600,2023-04-17,,0.0,pending,submitted,2023-04-17
O000667,000023.SZ,sell,3200,2023-04-17,2023-04-18,9.5019885,filled,filled,2023-04-18
O000668,000049.SZ,sell,4500,2023-04-17,2023-04-18,9.5257647,filled,filled,2023-04-18
O000669,000004.SZ,buy,2100,2023-04-17,2023-04-18,11.113102,filled,filled,2023-04-18
O000670,000007.SZ,buy,2100,2023-04-17,2023-04-18,10.806695899999998,filled,filled,2023-04-18
O000671,000018.SZ,buy,1800,2023-04-17,2023-04-18,12.940928,filled,filled,2023-04-18
O000672,000025.SZ,buy,1700,2023-04-17,2023-04-18,13.191878699999998,filled,filled,2023-04-18
O000673,000028.SZ,buy,2400,2023-04-17,2023-04-18,9.521812299999999,filled,filled,2023-04-18
O000674,000030.SZ,buy,2500,2023-04-17,2023-04-18,9.328819499999998,filled,filled,2023-04-18
O000675,000031.SZ,buy,2200,2023-04-17,2023-04-18,10.5002898,filled,filled,2023-04-18
O000676,000045.SZ,buy,1800,2023-04-17,2023-04-18,12.3717594,filled,filled,2023-04-18
O000677,000046.SZ,buy,1800,2023-04-17,2023-04-18,12.8966838,filled,filled,2023-04-18
O000678,000048.SZ,buy,2600,2023-04-17,2023-04-18,8.9625536,filled,filled,2023-04-18
O000679,000034.SZ,sell,7600,2023-04-18,,0.0,pending,submitted,2023-04-18
O000680,000004.SZ,buy,700,2023-04-18,,0.0,pending,submitted,2023-04-18
O000681,000010.SZ,buy,800,2023-04-18,,0.0,pending,submitted,2023-04-18
O000682,000018.SZ,buy,600,2023-04-18,,0.0,pending,submitted,2023-04-18
O000683,000020.SZ,buy,900,2023-04-18,,0.0,pending,submitted,2023-04-18
O000684,000027.SZ,buy,900,2023-04-18,,0.0,pending,submitted,2023-04-18
O000685,000030.SZ,buy,900,2023-04-18,,0.0,pending,submitted,2023-04-18
O000686,000031.SZ,buy,800,2023-04-18,,0.0,pending,submitted,2023-04-18
O000687,000040.SZ,buy,700,2023-04-18,,0.0,pending,submitted,2023-04-18
O000688,000045.SZ,buy,600,2023-04-18,,0.0,pending,submitted,2023-04-18
O000689,000046.SZ,buy,600,2023-04-18,,0.0,pending,submitted,2023-04-18
O000679,000034.SZ,sell,7600,2023-04-18,2023-04-19,9.435055499999999,filled,filled,2023-04-19
O000680,000004.SZ,buy,700,2023-04-18,2023-04-19,11.4296182,filled,filled,2023-04-19
O000681,000010.SZ,buy,800,2023-04-18,2023-04-19,9.6520424,filled,filled,2023-04-19
O000682,000018.SZ,buy,600,2023-04-18,2023-04-19,12.932219299999998,filled,filled,2023-04-19
O000683,000020.SZ,buy,900,2023-04-18,2023-04-19,8.617609,filled,filled,2023-04-19
O000684,000027.SZ,buy,900,2023-04-18,2023-04-19,9.153444299999999,filled,filled,2023-04-19
O000685,000030.SZ,buy,900,2023-04-18,2023-04-19,9.3840747,filled,filled,2023-04-19
O000686,000031.SZ,buy,800,2023-04-18,2023-04-19,10.377166799999998,filled,filled,2023-04-19
O000687,000040.SZ,buy,700,2023-04-18,2023-04-19,11.538526999999998,filled,filled,2023-04-19
O000688,000045.SZ,buy,600,2023-04-18,2023-04-19,12.763050299999998,filled,filled,2023-04-19
O000689,000046.SZ,buy,600,2023-04-18,2023-04-19,12.9097969,filled,filled,2023-04-19
O000690,000004.SZ,buy,600,2023-04-19,,0.0,pending,submitted,2023-04-19
O000691,000019.SZ,buy,600,2023-04-19,,0.0,pending,submitted,2023-04-19
O000692,000025.SZ,buy,500,2023-04-19,,0.0,pending,submitted,2023-04-19
O000693,000027.SZ,buy,800,2023-04-19,,0.0,pending,submitted,2023-04-19
O000694,000028.SZ,buy,800,2023-04-19,,0.0,pending,submitted,2023-04-19
O000695,000030.SZ,buy,800,2023-04-19,,0.0,pending,submitted,2023-04-19
O000696,000031.SZ,buy,700,2023-04-19,,0.0,pending,submitted,2023-04-19
O000697,000035.SZ,buy,900,2023-04-19,,0.0,pending,submitted,2023-04-19
O000698,000038.SZ,buy,500,2023-04-19,,0.0,pending,submitted,2023-04-19
O000699,000045.SZ,buy,600,2023-04-19,,0.0,pending,submitted,2023-04-19
O000690,000004.SZ,buy,600,2023-04-19,2023-04-20,11.239328099999998,filled,filled,2023-04-20
O000691,000019.SZ,buy,600,2023-04-19,2023-04-20,13.0011882,filled,filled,2023-04-20
O000692,000025.SZ,buy,500,2023-04-19,2023-04-20,13.912598699999998,filled,filled,2023-04-20
O000693,000027.SZ,buy,800,2023-04-19,2023-04-20,9.2589497,filled,filled,2023-04-20
O000694,000028.SZ,buy,800,2023-04-19,2023-04-20,9.530320799999998,filled,filled,2023-04-20
O000695,000030.SZ,buy,800,2023-04-19,2023-04-20,9.72972,filled,filled,2023-04-20
O000696,000031.SZ,buy,700,2023-04-19,2023-04-20,10.3834731,filled,filled,2023-04-20
O000697,000035.SZ,buy,900,2023-04-19,2023-04-20,8.3075993,filled,filled,2023-04-20
O000698,000038.SZ,buy,500,2023-04-19,2023-04-20,15.006891899999998,filled,filled,2023-04-20
O000699,000045.SZ,buy,600,2023-04-19,2023-04-20,12.513300799999998,filled,filled,2023-04-20
O000700,000011.SZ,sell,1300,2023-04-20,,0.0,pending,submitted,2023-04-20
O000701,000017.SZ,sell,500,2023-04-20,,0.0,pending,submitted,2023-04-20
O000700,000011.SZ,sell,1300,2023-04-20,2023-04-21,8.804187,filled,filled,2023-04-21
O000701,000017.SZ,sell,500,2023-04-20,2023-04-21,11.1737151,filled,filled,2023-04-21
O000702,000040.SZ,sell,3800,2023-04-21,,0.0,pending,submitted,2023-04-21
O000703,000004.SZ,buy,200,2023-04-21,,0.0,pending,submitted,2023-04-21
O000704,000008.SZ,buy,200,2023-04-21,,0.0,pending,submitted,2023-04-21
O000705,000009.SZ,buy,200,2023-04-21,,0.0,pending,submitted,2023-04-21
O000706,000019.SZ,buy,100,2023-04-21,,0.0,pending,submitted,2023-04-21
O000707,000027.SZ,buy,200,2023-04-21,,0.0,pending,submitted,2023-04-21
O000708,000030.SZ,buy,200,2023-04-21,,0.0,pending,submitted,2023-04-21
O000709,000033.SZ,buy,100,2023-04-21,,0.0,pending,submitted,2023-04-21
O000710,000036.SZ,buy,100,2023-04-21,,0.0,pending,submitted,2023-04-21
O000711,000039.SZ,buy,200,2023-04-21,,0.0,pending,submitted,2023-04-21
O000712,000046.SZ,buy,100,2023-04-21,,0.0,pending,submitted,2023-04-21
O000702,000040.SZ,sell,3800,2023-04-21,2023-04-24,10.9357533,filled,filled,2023-04-24
O000703,000004.SZ,buy,200,2023-04-21,2023-04-24,11.531419899999998,filled,filled,2023-04-24
O000704,000008.SZ,buy,200,2023-04-21,2023-04-24,10.402191799999999,filled,filled,2023-04-24
O000705,000009.SZ,buy,200,2023-04-21,2023-04-24,10.9397288,filled,filled,2023-04-24
O000706,000019.SZ,buy,100,2023-04-21,2023-04-24,13.179366199999999,filled,filled,2023-04-24
O000707,000027.SZ,buy,200,2023-04-21,2023-04-24,9.2531439,filled,filled,2023-04-24
O000708,000030.SZ,buy,200,2023-04-21,2023-04-24,9.5750655,filled,filled,2023-04-24
O000709,000033.SZ,buy,100,2023-04-21,2023-04-24,13.550436899999998,filled,filled,2023-04-24
O000710,000036.SZ,buy,100,2023-04-21,2023-04-24,13.8896758,filled,filled,2023-04-24
O000711,000039.SZ,buy,200,2023-04-21,2023-04-24,10.990379399999998,filled,filled,2023-04-24
O000712,000046.SZ,buy,100,2023-04-21,2023-04-24,12.9532403,filled,filled,2023-04-24
O000713,000043.SZ,sell,1600,2023-04-24,,0.0,pending,submitted,2023-04-24
O000714,000004.SZ,buy,300,2023-04-24,,0.0,pending,submitted,2023-04-24
O000715,000009.SZ,buy,400,2023-04-24,,0.0,pending,submitted,2023-04-24
O000716,000019.SZ,buy,300,2023-04-24,,0.0,pending,submitted,2023-04-24
O000717,000025.SZ,buy,300,2023-04-24,,0.0,pending,submitted,2023-04-24
O000718,000027.SZ,buy,500,2023-04-24,,0.0,pending,submitted,2023-04-24
O000719,000033.SZ,buy,300,2023-04-24,,0.0,pending,submitted,2023-04-24
O000720,000036.SZ,buy,300,2023-04-24,,0.0,pending,submitted,2023-04-24
O000721,000037.SZ,buy,500,2023-04-24,,0.0,pending,submitted,2023-04-24
O000722,000042.SZ,buy,500,2023-04-24,,0.0,pending,submitted,2023-04-24
O000723,000047.SZ,buy,300,2023-04-24,,0.0,pending,submitted,2023-04-24
O000713,000043.SZ,sell,1600,2023-04-24,2023-04-25,9.924965100000001,filled,filled,2023-04-25
O000714,000004.SZ,buy,300,2023-04-24,2023-04-25,11.6382266,filled,filled,2023-04-25
O000715,000009.SZ,buy,400,2023-04-24,2023-04-25,11.310298999999999,filled,filled,2023-04-25
O000716,000019.SZ,buy,300,2023-04-24,2023-04-25,13.788775,filled,filled,2023-04-25
O000717,000025.SZ,buy,300,2023-04-24,2023-04-25,13.920806899999999,filled,filled,2023-04-25
O000718,000027.SZ,buy,500,2023-04-24,2023-04-25,9.224915699999999,filled,filled,2023-04-25
O000719,000033.SZ,buy,300,2023-04-24,2023-04-25,13.760746999999999,filled,filled,2023-04-25
O000720,000036.SZ,buy,300,2023-04-24,2023-04-25,13.746732999999999,filled,filled,2023-04-25
O000721,000037.SZ,buy,500,2023-04-24,2023-04-25,9.244335099999999,filled,filled,2023-04-25
O000722,000042.SZ,buy,500,2023-04-24,2023-04-25,9.1826735,filled,filled,2023-04-25
O000723,000047.SZ,buy,300,2023-04-24,2023-04-25,11.7058942,filled,filled,2023-04-25
O000724,000018.SZ,sell,2400,2023-04-25,,0.0,pending,submitted,2023-04-25
O000725,000002.SZ,buy,200,2023-04-25,,0.0,pending,submitted,2023-04-25
O000726,000005.SZ,buy,100,2023-04-25,,0.0,pending,submitted,2023-04-25
O000727,000007.SZ,buy,100,2023-04-25,,0.0,pending,submitted,2023-04-25
O000728,000011.SZ,buy,200,2023-04-25,,0.0,pending,submitted,2023-04-25
O000729,000014.SZ,buy,100,2023-04-25,,0.0,pending,submitted,2023-04-25
O000730,000019.SZ,buy,100,2023-04-25,,0.0,pending,submitted,2023-04-25
O000731,000033.SZ,buy,100,2023-04-25,,0.0,pending,submitted,2023-04-25
O000732,000036.SZ,buy,100,2023-04-25,,0.0,pending,submitted,2023-04-25
O000733,000038.SZ,buy,100,2023-04-25,,0.0,pending,submitted,2023-04-25
O000734,000039.SZ,buy,100,2023-04-25,,0.0,pending,submitted,2023-04-25
O000724,000018.SZ,sell,2400,2023-04-25,2023-04-26,12.4773102,filled,filled,2023-04-26
O000725,000002.SZ,buy,200,2023-04-25,2023-04-26,8.163054899999999,filled,filled,2023-04-26
O000726,000005.SZ,buy,100,2023-04-25,2023-04-26,11.996784799999999,filled,filled,2023-04-26
O000727,000007.SZ,buy,100,2023-04-25,2023-04-26,11.149538399999999,filled,filled,2023-04-26
O000728,000011.SZ,buy,200,2023-04-25,2023-04-26,9.248138899999999,filled,filled,2023-04-26
O000729,000014.SZ,buy,100,2023-04-25,2023-04-26,11.474963499999998,filled,filled,2023-04-26
O000730,000019.SZ,buy,100,2023-04-25,2023-04-26,13.780666899999998,filled,filled,2023-04-26
O000731,000033.SZ,buy,100,2023-04-25,2023-04-26,13.743029299999998,filled,filled,2023-04-26
O000732,000036.SZ,buy,100,2023-04-25,2023-04-26,13.8665527,filled,filled,2023-04-26
O000733,000038.SZ,buy,100,2023-04-25,2023-04-26,15.192377199999997,filled,filled,2023-04-26
O000734,000039.SZ,buy,100,2023-04-25,2023-04-26,10.9404295,filled,filled,2023-04-26
O000735,000021.SZ,sell,3600,2023-04-26,,0.0,pending,submitted,2023-04-26
O000736,000027.SZ,sell,2400,2023-04-26,,0.0,pending,submitted,2023-04-26
O000737,000047.SZ,sell,300,2023-04-26,,0.0,pending,submitted,2023-04-26
O000738,000005.SZ,buy,300,2023-04-26,,0.0,pending,submitted,2023-04-26
O000739,000007.SZ,buy,300,2023-04-26,,0.0,pending,submitted,2023-04-26
O000740,000013.SZ,buy,300,2023-04-26,,0.0,pending,submitted,2023-04-26
O000741,000014.SZ,buy,300,2023-04-26,,0.0,pending,submitted,2023-04-26
O000742,000019.SZ,buy,200,2023-04-26,,0.0,pending,submitted,2023-04-26
O000743,000031.SZ,buy,300,2023-04-26,,0.0,pending,submitted,2023-04-26
O000744,000033.SZ,buy,200,2023-04-26,,0.0,pending,submitted,2023-04-26
O000745,000039.SZ,buy,300,2023-04-26,,0.0,pending,submitted,2023-04-26
O000746,000044.SZ,buy,300,2023-04-26,,0.0,pending,submitted,2023-04-26
O000747,000046.SZ,buy,200,2023-04-26,,0.0,pending,submitted,2023-04-26
O000735,000021.SZ,sell,3600,2023-04-26,2023-04-27,11.1874014,filled,filled,2023-04-27
O000736,000027.SZ,sell,2400,2023-04-26,2023-04-27,8.9732178,filled,filled,2023-04-27
O000737,000047.SZ,sell,300,2023-04-26,2023-04-27,11.2613274,filled,filled,2023-04-27
O000738,000005.SZ,buy,300,2023-04-26,2023-04-27,12.0882762,filled,filled,2023-04-27
O000739,000007.SZ,buy,300,2023-04-26,2023-04-27,10.989978999999998,filled,filled,2023-04-27
O000740,000013.SZ,buy,300,2023-04-26,2023-04-27,10.822912099999998,filled,filled,2023-04-27
O000741,000014.SZ,buy,300,2023-04-26,2023-04-27,11.8522404,filled,filled,2023-04-27
O000742,000019.SZ,buy,200,2023-04-26,2023-04-27,13.515301799999998,filled,filled,2023-04-27
O000743,000031.SZ,buy,300,2023-04-26,2023-04-27,10.961951,filled,filled,2023-04-27
O000744,000033.SZ,buy,200,2023-04-26,2023-04-27,13.634721099999998,filled,filled,2023-04-27
O000745,000039.SZ,buy,300,2023-04-26,2023-04-27,11.1763652,filled,filled,2023-04-27
O000746,000044.SZ,buy,300,2023-04-26,2023-04-27,11.351440099999998,filled,filled,2023-04-27
O000747,000046.SZ,buy,200,2023-04-26,2023-04-27,13.052739699999998,filled,filled,2023-04-27
O000748,000008.SZ,sell,200,2023-04-27,,0.0,pending,submitted,2023-04-27
O000749,000028.SZ,sell,5400,2023-04-27,,0.0,pending,submitted,2023-04-27
O000750,000037.SZ,sell,500,2023-04-27,,0.0,pending,submitted,2023-04-27
O000751,000048.SZ,sell,3900,2023-04-27,,0.0,pending,submitted,2023-04-27
O000752,000009.SZ,buy,600,2023-04-27,,0.0,pending,submitted,2023-04-27
O000753,000010.SZ,buy,600,2023-04-27,,0.0,pending,submitted,2023-04-27
O000754,000011.SZ,buy,700,2023-04-27,,0.0,pending,submitted,2023-04-27
O000755,000013.SZ,buy,600,2023-04-27,,0.0,pending,submitted,2023-04-27
O000756,000014.SZ,buy,500,2023-04-27,,0.0,pending,submitted,2023-04-27
O000757,000025.SZ,buy,400,2023-04-27,,0.0,pending,submitted,2023-04-27
O000758,000031.SZ,buy,600,2023-04-27,,0.0,pending,submitted,2023-04-27
O000759,000033.SZ,buy,400,2023-04-27,,0.0,pending,submitted,2023-04-27
O000760,000036.SZ,buy,400,2023-04-27,,0.0,pending,submitted,2023-04-27
O000761,000039.SZ,buy,500,2023-04-27,,0.0,pending,submitted,2023-04-27
O000748,000008.SZ,sell,200,2023-04-27,2023-04-28,10.0345554,filled,filled,2023-04-28
O000749,000028.SZ,sell,5400,2023-04-27,2023-04-28,9.573417000000001,filled,filled,2023-04-28
O000750,000037.SZ,sell,500,2023-04-27,2023-04-28,8.7285627,filled,filled,2023-04-28
O000751,000048.SZ,sell,3900,2023-04-27,2023-04-28,8.519072399999999,filled,filled,2023-04-28
O000752,000009.SZ,buy,600,2023-04-27,2023-04-28,11.051039999999999,filled,filled,2023-04-28
O000753,000010.SZ,buy,600,2023-04-27,2023-04-28,9.783673899999998,filled,filled,2023-04-28
O000754,000011.SZ,buy,700,2023-04-27,2023-04-28,9.455646199999999,filled,filled,2023-04-28
O000755,000013.SZ,buy,600,2023-04-27,2023-04-28,10.661650999999999,filled,filled,2023-04-28
O000756,000014.SZ,buy,500,2023-04-27,2023-04-28,11.8109992,filled,filled,2023-04-28
O000757,000025.SZ,buy,400,2023-04-27,2023-04-28,13.8253115,filled,filled,2023-04-28
O000758,000031.SZ,buy,600,2023-04-27,2023-04-28,11.1178067,filled,filled,2023-04-28
O000759,000033.SZ,buy,400,2023-04-27,2023-04-28,13.9298159,filled,filled,2023-04-28
O000760,000036.SZ,buy,400,2023-04-27,2023-04-28,14.033919899999999,filled,filled,2023-04-28
O000761,000039.SZ,buy,500,2023-04-27,2023-04-28,11.693181499999998,filled,filled,2023-04-28
O000762,000006.SZ,buy,1200,2023-04-28,,0.0,pending,submitted,2023-04-28
O000763,000009.SZ,buy,800,2023-04-28,,0.0,pending,submitted,2023-04-28
O000764,000010.SZ,buy,900,2023-04-28,,0.0,pending,submitted,2023-04-28
O000765,000011.SZ,buy,1000,2023-04-28,,0.0,pending,submitted,2023-04-28
O000766,000015.SZ,buy,900,2023-04-28,,0.0,pending,submitted,2023-04-28
O000767,000019.SZ,buy,600,2023-04-28,,0.0,pending,submitted,2023-04-28
O000768,000031.SZ,buy,800,2023-04-28,,0.0,pending,submitted,2023-04-28
O000769,000039.SZ,buy,800,2023-04-28,,0.0,pending,submitted,2023-04-28
O000770,000045.SZ,buy,700,2023-04-28,,0.0,pending,submitted,2023-04-28
O000771,000050.SZ,buy,900,2023-04-28,,0.0,pending,submitted,2023-04-28
O000762,000006.SZ,buy,1200,2023-04-28,2023-05-01,7.891883999999999,filled,filled,2023-05-01
O000763,000009.SZ,buy,800,2023-04-28,2023-05-01,11.5853738,filled,filled,2023-05-01
O000764,000010.SZ,buy,900,2023-04-28,2023-05-01,9.811801999999998,filled,filled,2023-05-01
O000765,000011.SZ,buy,1000,2023-04-28,2023-05-01,9.3584491,filled,filled,2023-05-01
O000766,000015.SZ,buy,900,2023-04-28,2023-05-01,10.4448344,filled,filled,2023-05-01
O000767,000019.SZ,buy,600,2023-04-28,2023-05-01,13.932618699999997,filled,filled,2023-05-01
O000768,000031.SZ,buy,800,2023-04-28,2023-05-01,10.8819711,filled,filled,2023-05-01
O000769,000039.SZ,buy,800,2023-04-28,2023-05-01,11.712701,filled,filled,2023-05-01
O000770,000045.SZ,buy,700,2023-04-28,2023-05-01,13.0011882,filled,filled,2023-05-01
O000771,000050.SZ,buy,900,2023-04-28,2023-05-01,9.876566699999998,filled,filled,2023-05-01
O000772,000007.SZ,sell,5900,2023-05-01,,0.0,pending,submitted,2023-05-01
O000773,000001.SZ,buy,100,2023-05-01,,0.0,pending,submitted,2023-05-01
O000774,000002.SZ,buy,100,2023-05-01,,0.0,pending,submitted,2023-05-01
O000775,000010.SZ,buy,100,2023-05-01,,0.0,pending,submitted,2023-05-01
O000776,000015.SZ,buy,100,2023-05-01,,0.0,pending,submitted,2023-05-01
O000777,000024.SZ,buy,100,2023-05-01,,0.0,pending,submitted,2023-05-01
O000772,000007.SZ,sell,5900,2023-05-01,2023-05-02,10.638350999999998,filled,filled,2023-05-02
O000773,000001.SZ,buy,100,2023-05-01,2023-05-02,9.9875776,filled,filled,2023-05-02
O000774,000002.SZ,buy,100,2023-05-01,2023-05-02,8.255046799999999,filled,filled,2023-05-02
O000775,000010.SZ,buy,100,2023-05-01,2023-05-02,10.006096099999999,filled,filled,2023-05-02
O000776,000015.SZ,buy,100,2023-05-01,2023-05-02,10.222211999999999,filled,filled,2023-05-02
O000777,000024.SZ,buy,100,2023-05-01,2023-05-02,7.689181499999999,filled,filled,2023-05-02
O000778,000011.SZ,sell,1900,2023-05-02,,0.0,pending,submitted,2023-05-02
O000779,000042.SZ,sell,500,2023-05-02,,0.0,pending,submitted,2023-05-02
O000780,000001.SZ,buy,600,2023-05-02,,0.0,pending,submitted,2023-05-02
O000781,000005.SZ,buy,500,2023-05-02,,0.0,pending,submitted,2023-05-02
O000782,000009.SZ,buy,500,2023-05-02,,0.0,pending,submitted,2023-05-02
O000783,000013.SZ,buy,600,2023-05-02,,0.0,pending,submitted,2023-05-02
O000784,000015.SZ,buy,600,2023-05-02,,0.0,pending,submitted,2023-05-02
O000785,000024.SZ,buy,800,2023-05-02,,0.0,pending,submitted,2023-05-02
O000786,000029.SZ,buy,600,2023-05-02,,0.0,pending,submitted,2023-05-02
O000787,000039.SZ,buy,500,2023-05-02,,0.0,pending,submitted,2023-05-02
O000788,000044.SZ,buy,500,2023-05-02,,0.0,pending,submitted,2023-05-02
O000789,000045.SZ,buy,400,2023-05-02,,0.0,pending,submitted,2023-05-02
O000778,000011.SZ,sell,1900,2023-05-02,2023-05-03,8.9034876,filled,filled,2023-05-03
O000779,000042.SZ,sell,500,2023-05-02,2023-05-03,8.7319593,filled,filled,2023-05-03
O000780,000001.SZ,buy,600,2023-05-02,2023-05-03,10.093383299999998,filled,filled,2023-05-03
O000781,000005.SZ,buy,500,2023-05-02,2023-05-03,12.517004499999999,filled,filled,2023-05-03
O000782,000009.SZ,buy,500,2023-05-02,2023-05-03,11.774262499999997,filled,filled,2023-05-03
O000783,000013.SZ,buy,600,2023-05-02,2023-05-03,10.685374699999999,filled,filled,2023-05-03
O000784,000015.SZ,buy,600,2023-05-02,2023-05-03,10.209799599999998,filled,filled,2023-05-03
O000785,000024.SZ,buy,800,2023-05-02,2023-05-03,7.789081299999999,filled,filled,2023-05-03
O000786,000029.SZ,buy,600,2023-05-02,2023-05-03,9.8556458,filled,filled,2023-05-03
O000787,000039.SZ,buy,500,2023-05-02,2023-05-03,12.003291299999999,filled,filled,2023-05-03
O000788,000044.SZ,buy,500,2023-05-02,2023-05-03,11.706394699999997,filled,filled,2023-05-03
O000789,000045.SZ,buy,400,2023-05-02,2023-05-03,13.409696299999998,filled,filled,2023-05-03
O000790,000014.SZ,sell,900,2023-05-03,,0.0,pending,submitted,2023-05-03
O000791,000001.SZ,buy,200,2023-05-03,,0.0,pending,submitted,2023-05-03
O000792,000002.SZ,buy,300,2023-05-03,,0.0,pending,submitted,2023-05-03
O000793,000009.SZ,buy,200,2023-05-03,,0.0,pending,submitted,2023-05-03
O000794,000015.SZ,buy,200,2023-05-03,,0.0,pending,submitted,2023-05-03
O000795,000021.SZ,buy,200,2023-05-03,,0.0,pending,submitted,2023-05-03
O000796,000024.SZ,buy,300,2023-05-03,,0.0,pending,submitted,2023-05-03
O000797,000033.SZ,buy,200,2023-05-03,,0.0,pending,submitted,2023-05-03
O000798,000038.SZ,buy,100,2023-05-03,,0.0,pending,submitted,2023-05-03
O000799,000039.SZ,buy,200,2023-05-03,,0.0,pending,submitted,2023-05-03
O000800,000047.SZ,buy,200,2023-05-03,,0.0,pending,submitted,2023-05-03
O000790,000014.SZ,sell,900,2023-05-03,2023-05-04,11.1631257,filled,filled,2023-05-04
O000791,000001.SZ,buy,200,2023-05-03,2023-05-04,10.169058899999998,filled,filled,2023-05-04
O000792,000002.SZ,buy,300,2023-05-03,2023-05-04,8.4573489,filled,filled,2023-05-04
O000793,000009.SZ,buy,200,2023-05-03,2023-05-04,11.413101699999999,filled,filled,2023-05-04
O000794,000015.SZ,buy,200,2023-05-03,2023-05-04,10.3936833,filled,filled,2023-05-04
O000795,000021.SZ,buy,200,2023-05-03,2023-05-04,12.115603499999999,filled,filled,2023-05-04
O000796,000024.SZ,buy,300,2023-05-03,2023-05-04,7.902294399999999,filled,filled,2023-05-04
O000797,000033.SZ,buy,200,2023-05-03,2023-05-04,14.460746299999998,filled,filled,2023-05-04
O000798,000038.SZ,buy,100,2023-05-03,2023-05-04,15.929613699999999,filled,filled,2023-05-04
O000799,000039.SZ,buy,200,2023-05-03,2023-05-04,12.389777399999998,filled,filled,2023-05-04
O000800,000047.SZ,buy,200,2023-05-03,2023-05-04,12.0125005,filled,filled,2023-05-04
O000801,000031.SZ,sell,5400,2023-05-04,,0.0,pending,submitted,2023-05-04
O000802,000050.SZ,sell,900,2023-05-04,,0.0,pending,submitted,2023-05-04
O000803,000001.SZ,buy,100,2023-05-04,,0.0,pending,submitted,2023-05-04
O000804,000005.SZ,buy,100,2023-05-04,,0.0,pending,submitted,2023-05-04
O000805,000015.SZ,buy,100,2023-05-04,,0.0,pending,submitted,2023-05-04
O000806,000021.SZ,buy,100,2023-05-04,,0.0,pending,submitted,2023-05-04
O000807,000038.SZ,buy,100,2023-05-04,,0.0,pending,submitted,2023-05-04
O000808,000043.SZ,buy,100,2023-05-04,,0.0,pending,submitted,2023-05-04
O000809,000045.SZ,buy,100,2023-05-04,,0.0,pending,submitted,2023-05-04
O000810,000046.SZ,buy,100,2023-05-04,,0.0,pending,submitted,2023-05-04
O000811,000047.SZ,buy,100,2023-05-04,,0.0,pending,submitted,2023-05-04
O000812,000049.SZ,buy,100,2023-05-04,,0.0,pending,submitted,2023-05-04
O000801,000031.SZ,sell,5400,2023-05-04,2023-05-05,10.681807500000001,filled,filled,2023-05-05
O000802,000050.SZ,sell,900,2023-05-04,2023-05-05,9.1593315,filled,filled,2023-05-05
O000803,000001.SZ,buy,100,2023-05-04,2023-05-05,10.428417999999999,filled,filled,2023-05-05
O000804,000005.SZ,buy,100,2023-05-04,2023-05-05,13.176263099999998,filled,filled,2023-05-05
O000805,000015.SZ,buy,100,2023-05-04,2023-05-05,10.330019699999998,filled,filled,2023-05-05
O000806,000021.SZ,buy,100,2023-05-04,2023-05-05,11.8744626,filled,filled,2023-05-05
O000807,000038.SZ,buy,100,2023-05-04,2023-05-05,15.561646099999997,filled,filled,2023-05-05
O000808,000043.SZ,buy,100,2023-05-04,2023-05-05,10.0539439,filled,filled,2023-05-05
O000809,000045.SZ,buy,100,2023-05-04,2023-05-05,13.124611499999999,filled,filled,2023-05-05
O000810,000046.SZ,buy,100,2023-05-04,2023-05-05,13.637824199999999,filled,filled,2023-05-05
O000811,000047.SZ,buy,100,2023-05-04,2023-05-05,11.931819899999999,filled,filled,2023-05-05
O000812,000049.SZ,buy,100,2023-05-04,2023-05-05,9.780270499999999,filled,filled,2023-05-05
O000813,000002.SZ,sell,600,2023-05-05,,0.0,pending,submitted,2023-05-05
O000814,000009.SZ,sell,15000,2023-05-05,,0.0,pending,submitted,2023-05-05
O000815,000015.SZ,sell,1900,2023-05-05,,0.0,pending,submitted,2023-05-05
O000816,000044.SZ,sell,800,2023-05-05,,0.0,pending,submitted,2023-05-05
O000817,000001.SZ,buy,600,2023-05-05,,0.0,pending,submitted,2023-05-05
O000818,000005.SZ,buy,500,2023-05-05,,0.0,pending,submitted,2023-05-05
O000819,000016.SZ,buy,900,2023-05-05,,0.0,pending,submitted,2023-05-05
O000820,000017.SZ,buy,500,2023-05-05,,0.0,pending,submitted,2023-05-05
O000821,000020.SZ,buy,700,2023-05-05,,0.0,pending,submitted,2023-05-05
O000822,000021.SZ,buy,500,2023-05-05,,0.0,pending,submitted,2023-05-05
O000823,000026.SZ,buy,600,2023-05-05,,0.0,pending,submitted,2023-05-05
O000824,000033.SZ,buy,400,2023-05-05,,0.0,pending,submitted,2023-05-05
O000825,000046.SZ,buy,400,2023-05-05,,0.0,pending,submitted,2023-05-05
O000826,000047.SZ,buy,500,2023-05-05,,0.0,pending,submitted,2023-05-05
O000813,000002.SZ,sell,600,2023-05-05,2023-05-08,7.874117999999999,filled,filled,2023-05-08
O000814,000009.SZ,sell,15000,2023-05-05,2023-05-08,11.271716999999999,filled,filled,2023-05-08
O000815,000015.SZ,sell,1900,2023-05-05,2023-05-08,10.115973899999998,filled,filled,2023-05-08
O000816,000044.SZ,sell,800,2023-05-05,2023-05-08,10.8044847,filled,filled,2023-05-08
O000817,000001.SZ,buy,600,2023-05-05,2023-05-08,10.461651199999999,filled,filled,2023-05-08
O000818,000005.SZ,buy,500,2023-05-05,2023-05-08,12.8852724,filled,filled,2023-05-08
O000819,000016.SZ,buy,900,2023-05-05,2023-05-08,7.128221099999999,filled,filled,2023-05-08
O000820,000017.SZ,buy,500,2023-05-05,2023-05-08,11.5739624,filled,filled,2023-05-08
O000821,000020.SZ,buy,700,2023-05-05,2023-05-08,8.895186299999999,filled,filled,2023-05-08
O000822,000021.SZ,buy,500,2023-05-05,2023-05-08,12.201189,filled,filled,2023-05-08
O000823,000026.SZ,buy,600,2023-05-05,2023-05-08,10.303993699999998,filled,filled,2023-05-08
O000824,000033.SZ,buy,400,2023-05-05,2023-05-08,14.612197599999998,filled,filled,2023-05-08
O000825,000046.SZ,buy,400,2023-05-05,2023-05-08,14.073959899999998,filled,filled,2023-05-08
O000826,000047.SZ,buy,500,2023-05-05,2023-05-08,12.1698577,filled,filled,2023-05-08
O000827,000035.SZ,sell,900,2023-05-08,,0.0,pending,submitted,2023-05-08
O000828,000016.SZ,buy,2800,2023-05-08,,0.0,pending,submitted,2023-05-08
O000829,000020.SZ,buy,2200,2023-05-08,,0.0,pending,submitted,2023-05-08
O000830,000021.SZ,buy,1600,2023-05-08,,0.0,pending,submitted,2023-05-08
O000831,000026.SZ,buy,2000,2023-05-08,,0.0,pending,submitted,2023-05-08
O000832,000028.SZ,buy,1900,2023-05-08,,0.0,pending,submitted,2023-05-08
O000833,000029.SZ,buy,2000,2023-05-08,,0.0,pending,submitted,2023-05-08
O000834,000033.SZ,buy,1400,2023-05-08,,0.0,pending,submitted,2023-05-08
O000835,000034.SZ,buy,2100,2023-05-08,,0.0,pending,submitted,2023-05-08
O000836,000037.SZ,buy,2200,2023-05-08,,0.0,pending,submitted,2023-05-08
O000837,000046.SZ,buy,1300,2023-05-08,,0.0,pending,submitted,2023-05-08
O000827,000035.SZ,sell,900,2023-05-08,2023-05-09,8.0424495,filled,filled,2023-05-09
O000828,000016.SZ,buy,2800,2023-05-08,2023-05-09,7.112805699999999,filled,filled,2023-05-09
O000829,000020.SZ,buy,2200,2023-05-08,2023-05-09,9.095286199999999,filled,filled,2023-05-09
O000830,000021.SZ,buy,1600,2023-05-08,2023-05-09,12.003491499999999,filled,filled,2023-05-09
O000831,000026.SZ,buy,2000,2023-05-08,2023-05-09,10.028018,filled,filled,2023-05-09
O000832,000028.SZ,buy,1900,2023-05-08,2023-05-09,10.296686399999999,filled,filled,2023-05-09
O000833,000029.SZ,buy,2000,2023-05-08,2023-05-09,10.016906899999999,filled,filled,2023-05-09
O000834,000033.SZ,buy,1400,2023-05-08,2023-05-09,14.3701558,filled,filled,2023-05-09
O000835,000034.SZ,buy,2100,2023-05-08,2023-05-09,9.3140047,filled,filled,2023-05-09
O000836,000037.SZ,buy,2200,2023-05-08,2023-05-09,8.9661572,filled,filled,2023-05-09
O000837,000046.SZ,buy,1300,2023-05-08,2023-05-09,14.492578099999998,filled,filled,2023-05-09
O000838,000024.SZ,sell,1200,2023-05-09,,0.0,pending,submitted,2023-05-09
O000839,000043.SZ,sell,100,2023-05-09,,0.0,pending,submitted,2023-05-09
O000840,000006.SZ,buy,200,2023-05-09,,0.0,pending,submitted,2023-05-09
O000841,000014.SZ,buy,100,2023-05-09,,0.0,pending,submitted,2023-05-09
O000842,000016.SZ,buy,200,2023-05-09,,0.0,pending,submitted,2023-05-09
O000843,000020.SZ,buy,200,2023-05-09,,0.0,pending,submitted,2023-05-09
O000844,000027.SZ,buy,200,2023-05-09,,0.0,pending,submitted,2023-05-09
O000845,000028.SZ,buy,100,2023-05-09,,0.0,pending,submitted,2023-05-09
O000846,000030.SZ,buy,200,2023-05-09,,0.0,pending,submitted,2023-05-09
O000847,000034.SZ,buy,200,2023-05-09,,0.0,pending,submitted,2023-05-09
O000848,000037.SZ,buy,200,2023-05-09,,0.0,pending,submitted,2023-05-09
O000849,000046.SZ,buy,100,2023-05-09,,0.0,pending,submitted,2023-05-09
O000838,000024.SZ,sell,1200,2023-05-09,2023-05-10,7.4454471,filled,filled,2023-05-10
O000839,000043.SZ,sell,100,2023-05-09,2023-05-10,9.2171736,filled,filled,2023-05-10
O000840,000006.SZ,buy,200,2023-05-09,2023-05-10,8.204095899999999,filled,filled,2023-05-10
O000841,000014.SZ,buy,100,2023-05-09,2023-05-10,11.736624899999999,filled,filled,2023-05-10
O000842,000016.SZ,buy,200,2023-05-09,2023-05-10,7.1419348,filled,filled,2023-05-10
O000843,000020.SZ,buy,200,2023-05-09,2023-05-10,8.958049099999998,filled,filled,2023-05-10
O000844,000027.SZ,buy,200,2023-05-09,2023-05-10,9.035826799999999,filled,filled,2023-05-10
O000845,000028.SZ,buy,100,2023-05-09,2023-05-10,10.594283699999998,filled,filled,2023-05-10
O000846,000030.SZ,buy,200,2023-05-09,2023-05-10,9.757047299999998,filled,filled,2023-05-10
O000847,000034.SZ,buy,200,2023-05-09,2023-05-10,9.352242899999998,filled,filled,2023-05-10
O000848,000037.SZ,buy,200,2023-05-09,2023-05-10,8.980671699999998,filled,filled,2023-05-10
O000849,000046.SZ,buy,100,2023-05-09,2023-05-10,14.363349,filled,filled,2023-05-10
O000850,000045.SZ,sell,5600,2023-05-10,,0.0,pending,submitted,2023-05-10
O000851,000047.SZ,sell,800,2023-05-10,,0.0,pending,submitted,2023-05-10
O000852,000007.SZ,buy,100,2023-05-10,,0.0,pending,submitted,2023-05-10
O000853,000016.SZ,buy,200,2023-05-10,,0.0,pending,submitted,2023-05-10
O000854,000020.SZ,buy,100,2023-05-10,,0.0,pending,submitted,2023-05-10
O000855,000023.SZ,buy,100,2023-05-10,,0.0,pending,submitted,2023-05-10
O000856,000027.SZ,buy,100,2023-05-10,,0.0,pending,submitted,2023-05-10
O000857,000028.SZ,buy,100,2023-05-10,,0.0,pending,submitted,2023-05-10
O000858,000030.SZ,buy,100,2023-05-10,,0.0,pending,submitted,2023-05-10
O000859,000034.SZ,buy,100,2023-05-10,,0.0,pending,submitted,2023-05-10
O000860,000037.SZ,buy,100,2023-05-10,,0.0,pending,submitted,2023-05-10
O000861,000046.SZ,buy,100,2023-05-10,,0.0,pending,submitted,2023-05-10
O000850,000045.SZ,sell,5600,2023-05-10,2023-05-11,12.4788087,filled,filled,2023-05-11
O000851,000047.SZ,sell,800,2023-05-10,2023-05-11,11.5187697,filled,filled,2023-05-11
O000852,000007.SZ,buy,100,2023-05-10,2023-05-11,10.559148599999999,filled,filled,2023-05-11
O000853,000016.SZ,buy,200,2023-05-10,2023-05-11,7.210503299999999,filled,filled,2023-05-11
O000854,000020.SZ,buy,100,2023-05-10,2023-05-11,9.112303199999998,filled,filled,2023-05-11
O000855,000023.SZ,buy,100,2023-05-10,2023-05-11,9.808098299999997,filled,filled,2023-05-11
O000856,000027.SZ,buy,100,2023-05-10,2023-05-11,9.434425,filled,filled,2023-05-11
O000857,000028.SZ,buy,100,2023-05-10,2023-05-11,10.6861755,filled,filled,2023-05-11
O000858,000030.SZ,buy,100,2023-05-10,2023-05-11,10.118808699999999,filled,filled,2023-05-11
O000859,000034.SZ,buy,100,2023-05-10,2023-05-11,9.4268174,filled,filled,2023-05-11
O000860,000037.SZ,buy,100,2023-05-10,2023-05-11,9.223514299999998,filled,filled,2023-05-11
O000861,000046.SZ,buy,100,2023-05-10,2023-05-11,14.089475399999998,filled,filled,2023-05-11
O000862,000017.SZ,sell,500,2023-05-11,,0.0,pending,submitted,2023-05-11
O000863,000020.SZ,buy,800,2023-05-11,,0.0,pending,submitted,2023-05-11
O000864,000023.SZ,buy,700,2023-05-11,,0.0,pending,submitted,2023-05-11
O000865,000027.SZ,buy,800,2023-05-11,,0.0,pending,submitted,2023-05-11
O000866,000028.SZ,buy,700,2023-05-11,,0.0,pending,submitted,2023-05-11
O000867,000030.SZ,buy,700,2023-05-11,,0.0,pending,submitted,2023-05-11
O000868,000031.SZ,buy,700,2023-05-11,,0.0,pending,submitted,2023-05-11
O000869,000034.SZ,buy,800,2023-05-11,,0.0,pending,submitted,2023-05-11
O000870,000037.SZ,buy,800,2023-05-11,,0.0,pending,submitted,2023-05-11
O000871,000046.SZ,buy,500,2023-05-11,,0.0,pending,submitted,2023-05-11
O000872,000050.SZ,buy,800,2023-05-11,,0.0,pending,submitted,2023-05-11
O000862,000017.SZ,sell,500,2023-05-11,2023-05-12,10.368021599999999,filled,filled,2023-05-12
O000863,000020.SZ,buy,800,2023-05-11,2023-05-12,9.145636499999998,filled,filled,2023-05-12
O000864,000023.SZ,buy,700,2023-05-11,2023-05-12,10.017307299999999,filled,filled,2023-05-12
O000865,000027.SZ,buy,800,2023-05-11,2023-05-12,9.683173499999999,filled,filled,2023-05-12
O000866,000028.SZ,buy,700,2023-05-11,2023-05-12,10.458147699999998,filled,filled,2023-05-12
O000867,000030.SZ,buy,700,2023-05-11,2023-05-12,10.043633599999998,filled,filled,2023-05-12
O000868,000031.SZ,buy,700,2023-05-11,2023-05-12,11.257546299999998,filled,filled,2023-05-12
O000869,000034.SZ,buy,800,2023-05-11,2023-05-12,9.5208113,filled,filled,2023-05-12
O000870,000037.SZ,buy,800,2023-05-11,2023-05-12,9.5919824,filled,filled,2023-05-12
O000871,000046.SZ,buy,500,2023-05-11,2023-05-12,14.579464899999998,filled,filled,2023-05-12
O000872,000050.SZ,buy,800,2023-05-11,2023-05-12,9.674064399999999,filled,filled,2023-05-12
O000873,000014.SZ,sell,100,2023-05-12,,0.0,pending,submitted,2023-05-12
O000874,000025.SZ,sell,11300,2023-05-12,,0.0,pending,submitted,2023-05-12
O000875,000006.SZ,buy,100,2023-05-12,,0.0,pending,submitted,2023-05-12
O000876,000023.SZ,buy,100,2023-05-12,,0.0,pending,submitted,2023-05-12
O000877,000027.SZ,buy,100,2023-05-12,,0.0,pending,submitted,2023-05-12
O000878,000028.SZ,buy,100,2023-05-12,,0.0,pending,submitted,2023-05-12
O000879,000034.SZ,buy,100,2023-05-12,,0.0,pending,submitted,2023-05-12
O000880,000037.SZ,buy,100,2023-05-12,,0.0,pending,submitted,2023-05-12
O000881,000048.SZ,buy,100,2023-05-12,,0.0,pending,submitted,2023-05-12
O000882,000050.SZ,buy,100,2023-05-12,,0.0,pending,submitted,2023-05-12
O000873,000014.SZ,sell,100,2023-05-12,2023-05-15,11.3197689,filled,filled,2023-05-15
O000874,000025.SZ,sell,11300,2023-05-12,2023-05-15,13.0487382,filled,filled,2023-05-15
O000875,000006.SZ,buy,100,2023-05-12,2023-05-15,8.5297212,filled,filled,2023-05-15
O000876,000023.SZ,buy,100,2023-05-12,2023-05-15,10.038328299999998,filled,filled,2023-05-15
O000877,000027.SZ,buy,100,2023-05-12,2023-05-15,9.711902199999999,filled,filled,2023-05-15
O000878,000028.SZ,buy,100,2023-05-12,2023-05-15,10.7322215,filled,filled,2023-05-15
O000879,000034.SZ,buy,100,2023-05-12,2023-05-15,9.7106009,filled,filled,2023-05-15
O000880,000037.SZ,buy,100,2023-05-12,2023-05-15,9.9035937,filled,filled,2023-05-15
O000881,000048.SZ,buy,100,2023-05-12,2023-05-15,9.025916899999999,filled,filled,2023-05-15
O000882,000050.SZ,buy,100,2023-05-12,2023-05-15,9.6650554,filled,filled,2023-05-15
O000883,000029.SZ,sell,2600,2023-05-15,,0.0,pending,submitted,2023-05-15
O000884,000036.SZ,sell,2400,2023-05-15,,0.0,pending,submitted,2023-05-15
O000885,000003.SZ,buy,1100,2023-05-15,,0.0,pending,submitted,2023-05-15
O000886,000004.SZ,buy,1100,2023-05-15,,0.0,pending,submitted,2023-05-15
O000887,000005.SZ,buy,1100,2023-05-15,,0.0,pending,submitted,2023-05-15
O000888,000012.SZ,buy,1000,2023-05-15,,0.0,pending,submitted,2023-05-15
O000889,000023.SZ,buy,1400,2023-05-15,,0.0,pending,submitted,2023-05-15
O000890,000027.SZ,buy,1400,2023-05-15,,0.0,pending,submitted,2023-05-15
O000891,000030.SZ,buy,1300,2023-05-15,,0.0,pending,submitted,2023-05-15
O000892,000037.SZ,buy,1500,2023-05-15,,0.0,pending,submitted,2023-05-15
O000893,000038.SZ,buy,800,2023-05-15,,0.0,pending,submitted,2023-05-15
O000894,000048.SZ,buy,1600,2023-05-15,,0.0,pending,submitted,2023-05-15
O000883,000029.SZ,sell,2600,2023-05-15,2023-05-16,9.5569335,filled,filled,2023-05-16
O000884,000036.SZ,sell,2400,2023-05-15,2023-05-16,13.5997866,filled,filled,2023-05-16
O000885,000003.SZ,buy,1100,2023-05-15,2023-05-16,12.404792399999998,filled,filled,2023-05-16
O000886,000004.SZ,buy,1100,2023-05-15,2023-05-16,12.374361999999998,filled,filled,2023-05-16
O000887,000005.SZ,buy,1100,2023-05-15,2023-05-16,13.030917899999997,filled,filled,2023-05-16
O000888,000012.SZ,buy,1000,2023-05-15,2023-05-16,14.575661099999998,filled,filled,2023-05-16
O000889,000023.SZ,buy,1400,2023-05-15,2023-05-16,10.493483,filled,filled,2023-05-16
O000890,000027.SZ,buy,1400,2023-05-15,2023-05-16,9.831521699999998,filled,filled,2023-05-16
O000891,000030.SZ,buy,1300,2023-05-15,2023-05-16,10.647336699999999,filled,filled,2023-05-16
O000892,000037.SZ,buy,1500,2023-05-15,2023-05-16,9.618108499999998,filled,filled,2023-05-16
O000893,000038.SZ,buy,800,2023-05-15,2023-05-16,16.4385221,filled,filled,2023-05-16
O000894,000048.SZ,buy,1600,2023-05-15,2023-05-16,8.897288399999999,filled,filled,2023-05-16
O000895,000006.SZ,sell,1500,2023-05-16,,0.0,pending,submitted,2023-05-16
O000896,000013.SZ,sell,1500,2023-05-16,,0.0,pending,submitted,2023-05-16
O000897,000028.SZ,sell,2900,2023-05-16,,0.0,pending,submitted,2023-05-16
O000898,000003.SZ,buy,500,2023-05-16,,0.0,pending,submitted,2023-05-16
O000899,000004.SZ,buy,500,2023-05-16,,0.0,pending,submitted,2023-05-16
O000900,000009.SZ,buy,500,2023-05-16,,0.0,pending,submitted,2023-05-16
O000901,000011.SZ,buy,700,2023-05-16,,0.0,pending,submitted,2023-05-16
O000902,000018.SZ,buy,600,2023-05-16,,0.0,pending,submitted,2023-05-16
O000903,000023.SZ,buy,600,2023-05-16,,0.0,pending,submitted,2023-05-16
O000904,000027.SZ,buy,700,2023-05-16,,0.0,pending,submitted,2023-05-16
O000905,000030.SZ,buy,600,2023-05-16,,0.0,pending,submitted,2023-05-16
O000906,000037.SZ,buy,700,2023-05-16,,0.0,pending,submitted,2023-05-16
O000907,000049.SZ,buy,700,2023-05-16,,0.0,pending,submitted,2023-05-16
O000895,000006.SZ,sell,1500,2023-05-16,2023-05-17,7.9604316,filled,filled,2023-05-17
O000896,000013.SZ,sell,1500,2023-05-16,2023-05-17,10.234155600000001,filled,filled,2023-05-17
O000897,000028.SZ,sell,2900,2023-05-16,2023-05-17,10.190099700000001,filled,filled,2023-05-17
O000898,000003.SZ,buy,500,2023-05-16,2023-05-17,12.691178499999998,filled,filled,2023-05-17
O000899,000004.SZ,buy,500,2023-05-16,2023-05-17,12.4124,filled,filled,2023-05-17
O000900,000009.SZ,buy,500,2023-05-16,2023-05-17,11.8591473,filled,filled,2023-05-17
O000901,000011.SZ,buy,700,2023-05-16,2023-05-17,9.6505409,filled,filled,2023-05-17
O000902,000018.SZ,buy,600,2023-05-16,2023-05-17,10.9811702,filled,filled,2023-05-17
O000903,000023.SZ,buy,600,2023-05-16,2023-05-17,10.442832399999999,filled,filled,2023-05-17
O000904,000027.SZ,buy,700,2023-05-16,2023-05-17,9.7161064,filled,filled,2023-05-17
O000905,000030.SZ,buy,600,2023-05-16,2023-05-17,10.711901199999998,filled,filled,2023-05-17
O000906,000037.SZ,buy,700,2023-05-16,2023-05-17,9.7780683,filled,filled,2023-05-17
O000907,000049.SZ,buy,700,2023-05-16,2023-05-17,9.8117019,filled,filled,2023-05-17
O000908,000031.SZ,sell,700,2023-05-17,,0.0,pending,submitted,2023-05-17
O000909,000033.SZ,sell,3100,2023-05-17,,0.0,pending,submitted,2023-05-17
O000910,000003.SZ,buy,400,2023-05-17,,0.0,pending,submitted,2023-05-17
O000911,000007.SZ,buy,500,2023-05-17,,0.0,pending,submitted,2023-05-17
O000912,000009.SZ,buy,500,2023-05-17,,0.0,pending,submitted,2023-05-17
O000913,000019.SZ,buy,400,2023-05-17,,0.0,pending,submitted,2023-05-17
O000914,000025.SZ,buy,400,2023-05-17,,0.0,pending,submitted,2023-05-17
O000915,000030.SZ,buy,500,2023-05-17,,0.0,pending,submitted,2023-05-17
O000916,000037.SZ,buy,600,2023-05-17,,0.0,pending,submitted,2023-05-17
O000917,000046.SZ,buy,300,2023-05-17,,0.0,pending,submitted,2023-05-17
O000918,000047.SZ,buy,500,2023-05-17,,0.0,pending,submitted,2023-05-17
O000919,000049.SZ,buy,600,2023-05-17,,0.0,pending,submitted,2023-05-17
O000908,000031.SZ,sell,700,2023-05-17,2023-05-18,10.6495398,filled,filled,2023-05-18
O000909,000033.SZ,sell,3100,2023-05-17,2023-05-18,14.4458397,filled,filled,2023-05-18
O000910,000003.SZ,buy,400,2023-05-17,2023-05-18,12.836924099999997,filled,filled,2023-05-18
O000911,000007.SZ,buy,500,2023-05-17,2023-05-18,11.150138999999998,filled,filled,2023-05-18
O000912,000009.SZ,buy,500,2023-05-17,2023-05-18,12.045433399999999,filled,filled,2023-05-18
O000913,000019.SZ,buy,400,2023-05-17,2023-05-18,14.293579299999998,filled,filled,2023-05-18
O000914,000025.SZ,buy,400,2023-05-17,2023-05-18,14.1052912,filled,filled,2023-05-18
O000915,000030.SZ,buy,500,2023-05-17,2023-05-18,11.195183999999998,filled,filled,2023-05-18
O000916,000037.SZ,buy,600,2023-05-17,2023-05-18,9.5480385,filled,filled,2023-05-18
O000917,000046.SZ,buy,300,2023-05-17,2023-05-18,15.218803599999998,filled,filled,2023-05-18
O000918,000047.SZ,buy,500,2023-05-17,2023-05-18,12.1017897,filled,filled,2023-05-18
O000919,000049.SZ,buy,600,2023-05-17,2023-05-18,10.003193199999998,filled,filled,2023-05-18
O000920,000026.SZ,sell,2600,2023-05-18,,0.0,pending,submitted,2023-05-18
O000921,000034.SZ,sell,3300,2023-05-18,,0.0,pending,submitted,2023-05-18
O000922,000003.SZ,buy,400,2023-05-18,,0.0,pending,submitted,2023-05-18
O000923,000007.SZ,buy,500,2023-05-18,,0.0,pending,submitted,2023-05-18
O000924,000009.SZ,buy,400,2023-05-18,,0.0,pending,submitted,2023-05-18
O000925,000012.SZ,buy,300,2023-05-18,,0.0,pending,submitted,2023-05-18
O000926,000014.SZ,buy,400,2023-05-18,,0.0,pending,submitted,2023-05-18
O000927,000021.SZ,buy,400,2023-05-18,,0.0,pending,submitted,2023-05-18
O000928,000023.SZ,buy,500,2023-05-18,,0.0,pending,submitted,2023-05-18
O000929,000025.SZ,buy,400,2023-05-18,,0.0,pending,submitted,2023-05-18
O000930,000030.SZ,buy,500,2023-05-18,,0.0,pending,submitted,2023-05-18
O000931,000046.SZ,buy,300,2023-05-18,,0.0,pending,submitted,2023-05-18
O000920,000026.SZ,sell,2600,2023-05-18,2023-05-19,9.7828074,filled,filled,2023-05-19
O000921,000034.SZ,sell,3300,2023-05-18,2023-05-19,9.337653,filled,filled,2023-05-19
O000922,000003.SZ,buy,400,2023-05-18,2023-05-19,12.9081953,filled,filled,2023-05-19
O000923,000007.SZ,buy,500,2023-05-18,2023-05-19,11.0718608,filled,filled,2023-05-19
O000924,000009.SZ,buy,400,2023-05-18,2023-05-19,11.842931099999998,filled,filled,2023-05-19
O000925,000012.SZ,buy,300,2023-05-18,2023-05-19,15.006891899999998,filled,filled,2023-05-19
O000926,000014.SZ,buy,400,2023-05-18,2023-05-19,11.834822999999998,filled,filled,2023-05-19
O000927,000021.SZ,buy,400,2023-05-18,2023-05-19,13.016503499999999,filled,filled,2023-05-19
O000928,000023.SZ,buy,500,2023-05-18,2023-05-19,10.711200499999999,filled,filled,2023-05-19
O000929,000025.SZ,buy,400,2023-05-18,2023-05-19,13.977363399999998,filled,filled,2023-05-19
O000930,000030.SZ,buy,500,2023-05-18,2023-05-19,11.0443333,filled,filled,2023-05-19
O000931,000046.SZ,buy,300,2023-05-18,2023-05-19,15.151536399999998,filled,filled,2023-05-19
O000932,000010.SZ,sell,2400,2023-05-19,,0.0,pending,submitted,2023-05-19
O000933,000037.SZ,sell,6200,2023-05-19,,0.0,pending,submitted,2023-05-19
O000934,000048.SZ,sell,1700,2023-05-19,,0.0,pending,submitted,2023-05-19
O000935,000003.SZ,buy,400,2023-05-19,,0.0,pending,submitted,2023-05-19
O000936,000007.SZ,buy,500,2023-05-19,,0.0,pending,submitted,2023-05-19
O000937,000009.SZ,buy,500,2023-05-19,,0.0,pending,submitted,2023-05-19
O000938,000014.SZ,buy,500,2023-05-19,,0.0,pending,submitted,2023-05-19
O000939,000015.SZ,buy,500,2023-05-19,,0.0,pending,submitted,2023-05-19
O000940,000021.SZ,buy,400,2023-05-19,,0.0,pending,submitted,2023-05-19
O000941,000023.SZ,buy,500,2023-05-19,,0.0,pending,submitted,2023-05-19
O000942,000025.SZ,buy,400,2023-05-19,,0.0,pending,submitted,2023-05-19
O000943,000030.SZ,buy,500,2023-05-19,,0.0,pending,submitted,2023-05-19
O000944,000049.SZ,buy,600,2023-05-19,,0.0,pending,submitted,2023-05-19
O000932,000010.SZ,sell,2400,2023-05-19,2023-05-22,9.953636399999999,filled,filled,2023-05-22
O000933,000037.SZ,sell,6200,2023-05-19,2023-05-22,9.628362,filled,filled,2023-05-22
O000934,000048.SZ,sell,1700,2023-05-19,2023-05-22,8.4978936,filled,filled,2023-05-22
O000935,000003.SZ,buy,400,2023-05-19,2023-05-22,12.8969841,filled,filled,2023-05-22
O000936,000007.SZ,buy,500,2023-05-19,2023-05-22,11.194383199999999,filled,filled,2023-05-22
O000937,000009.SZ,buy,500,2023-05-19,2023-05-22,12.247335099999997,filled,filled,2023-05-22
O000938,000014.SZ,buy,500,2023-05-19,2023-05-22,11.883671799999998,filled,filled,2023-05-22
O000939,000015.SZ,buy,500,2023-05-19,2023-05-22,10.9697588,filled,filled,2023-05-22
O000940,000021.SZ,buy,400,2023-05-19,2023-05-22,13.1005875,filled,filled,2023-05-22
O000941,000023.SZ,buy,500,2023-05-19,2023-05-22,10.8696588,filled,filled,2023-05-22
O000942,000025.SZ,buy,400,2023-05-19,2023-05-22,14.073259199999999,filled,filled,2023-05-22
O000943,000030.SZ,buy,500,2023-05-19,2023-05-22,10.963152199999998,filled,filled,2023-05-22
O000944,000049.SZ,buy,600,2023-05-19,2023-05-22,10.245335099999998,filled,filled,2023-05-22
O000945,000020.SZ,sell,4900,2023-05-22,,0.0,pending,submitted,2023-05-22
O000946,000003.SZ,buy,700,2023-05-22,,0.0,pending,submitted,2023-05-22
O000947,000007.SZ,buy,900,2023-05-22,,0.0,pending,submitted,2023-05-22
O000948,000014.SZ,buy,800,2023-05-22,,0.0,pending,submitted,2023-05-22
O000949,000015.SZ,buy,800,2023-05-22,,0.0,pending,submitted,2023-05-22
O000950,000018.SZ,buy,900,2023-05-22,,0.0,pending,submitted,2023-05-22
O000951,000021.SZ,buy,700,2023-05-22,,0.0,pending,submitted,2023-05-22
O000952,000023.SZ,buy,900,2023-05-22,,0.0,pending,submitted,2023-05-22
O000953,000025.SZ,buy,700,2023-05-22,,0.0,pending,submitted,2023-05-22
O000954,000030.SZ,buy,900,2023-05-22,,0.0,pending,submitted,2023-05-22
O000955,000040.SZ,buy,800,2023-05-22,,0.0,pending,submitted,2023-05-22
O000945,000020.SZ,sell,4900,2023-05-22,2023-05-23,8.8150761,filled,filled,2023-05-23
O000946,000003.SZ,buy,700,2023-05-22,2023-05-23,12.884171299999998,filled,filled,2023-05-23
O000947,000007.SZ,buy,900,2023-05-22,2023-05-23,11.123512399999997,filled,filled,2023-05-23
O000948,000014.SZ,buy,800,2023-05-22,2023-05-23,12.208996799999998,filled,filled,2023-05-23
O000949,000015.SZ,buy,800,2023-05-22,2023-05-23,11.298186899999997,filled,filled,2023-05-23
O000950,000018.SZ,buy,900,2023-05-22,2023-05-23,11.2755643,filled,filled,2023-05-23
O000951,000021.SZ,buy,700,2023-05-22,2023-05-23,13.268655399999998,filled,filled,2023-05-23
O000952,000023.SZ,buy,900,2023-05-22,2023-05-23,11.0636526,filled,filled,2023-05-23
O000953,000025.SZ,buy,700,2023-05-22,2023-05-23,14.302087799999999,filled,filled,2023-05-23
O000954,000030.SZ,buy,900,2023-05-22,2023-05-23,10.959248299999999,filled,filled,2023-05-23
O000955,000040.SZ,buy,800,2023-05-22,2023-05-23,11.440629199999998,filled,filled,2023-05-23
O000956,000005.SZ,sell,6100,2023-05-23,,0.0,pending,submitted,2023-05-23
O000957,000006.SZ,buy,600,2023-05-23,,0.0,pending,submitted,2023-05-23
O000958,000014.SZ,buy,400,2023-05-23,,0.0,pending,submitted,2023-05-23
O000959,000015.SZ,buy,400,2023-05-23,,0.0,pending,submitted,2023-05-23
O000960,000021.SZ,buy,300,2023-05-23,,0.0,pending,submitted,2023-05-23
O000961,000026.SZ,buy,400,2023-05-23,,0.0,pending,submitted,2023-05-23
O000962,000040.SZ,buy,400,2023-05-23,,0.0,pending,submitted,2023-05-23
O000963,000041.SZ,buy,400,2023-05-23,,0.0,pending,submitted,2023-05-23
O000964,000043.SZ,buy,500,2023-05-23,,0.0,pending,submitted,2023-05-23
O000965,000047.SZ,buy,400,2023-05-23,,0.0,pending,submitted,2023-05-23
O000966,000050.SZ,buy,500,2023-05-23,,0.0,pending,submitted,2023-05-23
O000956,000005.SZ,sell,6100,2023-05-23,2023-05-24,12.6487386,filled,filled,2023-05-24
O000957,000006.SZ,buy,600,2023-05-23,2023-05-24,8.4947863,filled,filled,2023-05-24
O000958,000014.SZ,buy,400,2023-05-23,2023-05-24,12.283070799999997,filled,filled,2023-05-24
O000959,000015.SZ,buy,400,2023-05-23,2023-05-24,11.9422303,filled,filled,2023-05-24
O000960,000021.SZ,buy,300,2023-05-23,2023-05-24,13.279466199999998,filled,filled,2023-05-24
O000961,000026.SZ,buy,400,2023-05-23,2023-05-24,10.3087985,filled,filled,2023-05-24
O000962,000040.SZ,buy,400,2023-05-23,2023-05-24,11.876864999999999,filled,filled,2023-05-24
O000963,000041.SZ,buy,400,2023-05-23,2023-05-24,10.906996099999999,filled,filled,2023-05-24
O000964,000043.SZ,buy,500,2023-05-23,2023-05-24,10.008698699999998,filled,filled,2023-05-24
O000965,000047.SZ,buy,400,2023-05-23,2023-05-24,12.510698199999998,filled,filled,2023-05-24
O000966,000050.SZ,buy,500,2023-05-23,2023-05-24,9.908898999999998,filled,filled,2023-05-24
O000967,000011.SZ,sell,700,2023-05-24,,0.0,pending,submitted,2023-05-24
O000968,000006.SZ,buy,900,2023-05-24,,0.0,pending,submitted,2023-05-24
O000969,000014.SZ,buy,600,2023-05-24,,0.0,pending,submitted,2023-05-24
O000970,000015.SZ,buy,600,2023-05-24,,0.0,pending,submitted,2023-05-24
O000971,000018.SZ,buy,600,2023-05-24,,0.0,pending,submitted,2023-05-24
O000972,000023.SZ,buy,700,2023-05-24,,0.0,pending,submitted,2023-05-24
O000973,000026.SZ,buy,700,2023-05-24,,0.0,pending,submitted,2023-05-24
O000974,000040.SZ,buy,600,2023-05-24,,0.0,pending,submitted,2023-05-24
O000975,000041.SZ,buy,700,2023-05-24,,0.0,pending,submitted,2023-05-24
O000976,000043.SZ,buy,700,2023-05-24,,0.0,pending,submitted,2023-05-24
O000977,000050.SZ,buy,800,2023-05-24,,0.0,pending,submitted,2023-05-24
O000967,000011.SZ,sell,700,2023-05-24,2023-05-25,9.021569399999999,filled,filled,2023-05-25
O000968,000006.SZ,buy,900,2023-05-24,2023-05-25,8.737428699999999,filled,filled,2023-05-25
O000969,000014.SZ,buy,600,2023-05-24,2023-05-25,12.170858699999998,filled,filled,2023-05-25
O000970,000015.SZ,buy,600,2023-05-24,2023-05-25,11.967755799999999,filled,filled,2023-05-25
O000971,000018.SZ,buy,600,2023-05-24,2023-05-25,11.430819399999999,filled,filled,2023-05-25
O000972,000023.SZ,buy,700,2023-05-24,2023-05-25,10.8363255,filled,filled,2023-05-25
O000973,000026.SZ,buy,700,2023-05-24,2023-05-25,10.526115599999997,filled,filled,2023-05-25
O000974,000040.SZ,buy,600,2023-05-24,2023-05-25,11.593481899999999,filled,filled,2023-05-25
O000975,000041.SZ,buy,700,2023-05-24,2023-05-25,10.6110004,filled,filled,2023-05-25
O000976,000043.SZ,buy,700,2023-05-24,2023-05-25,10.1595494,filled,filled,2023-05-25
O000977,000050.SZ,buy,800,2023-05-24,2023-05-25,9.8799701,filled,filled,2023-05-25
O000978,000003.SZ,sell,3500,2023-05-25,,0.0,pending,submitted,2023-05-25
O000979,000021.SZ,sell,4200,2023-05-25,,0.0,pending,submitted,2023-05-25
O000980,000006.SZ,buy,100,2023-05-25,,0.0,pending,submitted,2023-05-25
O000981,000014.SZ,buy,100,2023-05-25,,0.0,pending,submitted,2023-05-25
O000982,000015.SZ,buy,100,2023-05-25,,0.0,pending,submitted,2023-05-25
O000983,000018.SZ,buy,100,2023-05-25,,0.0,pending,submitted,2023-05-25
O000984,000026.SZ,buy,100,2023-05-25,,0.0,pending,submitted,2023-05-25
O000985,000031.SZ,buy,100,2023-05-25,,0.0,pending,submitted,2023-05-25
O000986,000034.SZ,buy,100,2023-05-25,,0.0,pending,submitted,2023-05-25
O000987,000037.SZ,buy,100,2023-05-25,,0.0,pending,submitted,2023-05-25
O000988,000040.SZ,buy,100,2023-05-25,,0.0,pending,submitted,2023-05-25
O000989,000049.SZ,buy,100,2023-05-25,,0.0,pending,submitted,2023-05-25
O000978,000003.SZ,sell,3500,2023-05-25,2023-05-26,12.3963912,filled,filled,2023-05-26
O000979,000021.SZ,sell,4200,2023-05-25,2023-05-26,12.692794500000002,filled,filled,2023-05-26
O000980,000006.SZ,buy,100,2023-05-25,2023-05-26,8.806898099999998,filled,filled,2023-05-26
O000981,000014.SZ,buy,100,2023-05-25,2023-05-26,12.3299176,filled,filled,2023-05-26
O000982,000015.SZ,buy,100,2023-05-25,2023-05-26,11.748036299999999,filled,filled,2023-05-26
O000983,000018.SZ,buy,100,2023-05-25,2023-05-26,11.185274099999997,filled,filled,2023-05-26
O000984,000026.SZ,buy,100,2023-05-25,2023-05-26,10.779768999999998,filled,filled,2023-05-26
O000985,000031.SZ,buy,100,2023-05-25,2023-05-26,10.9030922,filled,filled,2023-05-26
O000986,000034.SZ,buy,100,2023-05-25,2023-05-26,9.749439699999998,filled,filled,2023-05-26
O000987,000037.SZ,buy,100,2023-05-25,2023-05-26,9.7909812,filled,filled,2023-05-26
O000988,000040.SZ,buy,100,2023-05-25,2023-05-26,11.904592699999998,filled,filled,2023-05-26
O000989,000049.SZ,buy,100,2023-05-25,2023-05-26,10.620710099999998,filled,filled,2023-05-26
O000990,000001.SZ,sell,1600,2023-05-26,,0.0,pending,submitted,2023-05-26
O000991,000030.SZ,sell,14800,2023-05-26,,0.0,pending,submitted,2023-05-26
O000992,000038.SZ,sell,6100,2023-05-26,,0.0,pending,submitted,2023-05-26
O000993,000006.SZ,buy,1100,2023-05-26,,0.0,pending,submitted,2023-05-26
O000994,000008.SZ,buy,900,2023-05-26,,0.0,pending,submitted,2023-05-26
O000995,000014.SZ,buy,700,2023-05-26,,0.0,pending,submitted,2023-05-26
O000996,000015.SZ,buy,800,2023-05-26,,0.0,pending,submitted,2023-05-26
O000997,000026.SZ,buy,900,2023-05-26,,0.0,pending,submitted,2023-05-26
O000998,000034.SZ,buy,900,2023-05-26,,0.0,pending,submitted,2023-05-26
O000999,000040.SZ,buy,700,2023-05-26,,0.0,pending,submitted,2023-05-26
O001000,000042.SZ,buy,1100,2023-05-26,,0.0,pending,submitted,2023-05-26
O001001,000046.SZ,buy,600,2023-05-26,,0.0,pending,submitted,2023-05-26
O001002,000049.SZ,buy,900,2023-05-26,,0.0,pending,submitted,2023-05-26
O000990,000001.SZ,sell,1600,2023-05-26,2023-05-29,10.2098799,filled,filled,2023-05-29
O000991,000030.SZ,sell,14800,2023-05-26,2023-05-29,10.605383999999999,filled,filled,2023-05-29
O000992,000038.SZ,sell,6100,2023-05-26,2023-05-29,16.0032807,filled,filled,2023-05-29
O000993,000006.SZ,buy,1100,2023-05-26,2023-05-29,8.598890299999999,filled,filled,2023-05-29
O000994,000008.SZ,buy,900,2023-05-26,2023-05-29,10.4387283,filled,filled,2023-05-29
O000995,000014.SZ,buy,700,2023-05-26,2023-05-29,12.3749626,filled,filled,2023-05-29
O000996,000015.SZ,buy,800,2023-05-26,2023-05-29,11.696484799999999,filled,filled,2023-05-29
O000997,000026.SZ,buy,900,2023-05-26,2023-05-29,10.771560799999998,filled,filled,2023-05-29
O000998,000034.SZ,buy,900,2023-05-26,2023-05-29,9.833723899999999,filled,filled,2023-05-29
O000999,000040.SZ,buy,700,2023-05-26,2023-05-29,12.339527199999997,filled,filled,2023-05-29
O001000,000042.SZ,buy,1100,2023-05-26,2023-05-29,8.511603099999999,filled,filled,2023-05-29
O001001,000046.SZ,buy,600,2023-05-26,2023-05-29,15.314298999999998,filled,filled,2023-05-29
O001002,000049.SZ,buy,900,2023-05-26,2023-05-29,10.772261499999999,filled,filled,2023-05-29
O001003,000007.SZ,sell,2500,2023-05-29,,0.0,pending,submitted,2023-05-29
O001004,000008.SZ,buy,2500,2023-05-29,,0.0,pending,submitted,2023-05-29
O001005,000009.SZ,buy,2000,2023-05-29,,0.0,pending,submitted,2023-05-29
O001006,000013.SZ,buy,2400,2023-05-29,,0.0,pending,submitted,2023-05-29
O001007,000022.SZ,buy,3500,2023-05-29,,0.0,pending,submitted,2023-05-29
O001008,000025.SZ,buy,1700,2023-05-29,,0.0,pending,submitted,2023-05-29
O001009,000026.SZ,buy,2400,2023-05-29,,0.0,pending,submitted,2023-05-29
O001010,000034.SZ,buy,2600,2023-05-29,,0.0,pending,submitted,2023-05-29
O001011,000040.SZ,buy,2000,2023-05-29,,0.0,pending,submitted,2023-05-29
O001012,000043.SZ,buy,2600,2023-05-29,,0.0,pending,submitted,2023-05-29
O001013,000046.SZ,buy,1700,2023-05-29,,0.0,pending,submitted,2023-05-29
O001003,000007.SZ,sell,2500,2023-05-29,2023-05-30,10.637551799999999,filled,filled,2023-05-30
O001004,000008.SZ,buy,2500,2023-05-29,2023-05-30,10.3064962,filled,filled,2023-05-30
O001005,000009.SZ,buy,2000,2023-05-29,2023-05-30,12.728916199999999,filled,filled,2023-05-30
O001006,000013.SZ,buy,2400,2023-05-29,2023-05-30,10.749839099999999,filled,filled,2023-05-30
O001007,000022.SZ,buy,3500,2023-05-29,2023-05-30,7.4856782,filled,filled,2023-05-30
O001008,000025.SZ,buy,1700,2023-05-29,2023-05-30,14.8544396,filled,filled,2023-05-30
O001009,000026.SZ,buy,2400,2023-05-29,2023-05-30,10.704694,filled,filled,2023-05-30
O001010,000034.SZ,buy,2600,2023-05-29,2023-05-30,9.921311399999999,filled,filled,2023-05-30
O001011,000040.SZ,buy,2000,2023-05-29,2023-05-30,12.713700999999999,filled,filled,2023-05-30
O001012,000043.SZ,buy,2600,2023-05-29,2023-05-30,10.0455355,filled,filled,2023-05-30
O001013,000046.SZ,buy,1700,2023-05-29,2023-05-30,15.617101499999999,filled,filled,2023-05-30
O001014,000014.SZ,sell,3500,2023-05-30,,0.0,pending,submitted,2023-05-30
O001015,000006.SZ,buy,500,2023-05-30,,0.0,pending,submitted,2023-05-30
O001016,000008.SZ,buy,400,2023-05-30,,0.0,pending,submitted,2023-05-30
O001017,000010.SZ,buy,400,2023-05-30,,0.0,pending,submitted,2023-05-30
O001018,000013.SZ,buy,400,2023-05-30,,0.0,pending,submitted,2023-05-30
O001019,000017.SZ,buy,400,2023-05-30,,0.0,pending,submitted,2023-05-30
O001020,000022.SZ,buy,600,2023-05-30,,0.0,pending,submitted,2023-05-30
O001021,000024.SZ,buy,600,2023-05-30,,0.0,pending,submitted,2023-05-30
O001022,000040.SZ,buy,300,2023-05-30,,0.0,pending,submitted,2023-05-30
O001023,000046.SZ,buy,200,2023-05-30,,0.0,pending,submitted,2023-05-30
O001024,000048.SZ,buy,500,2023-05-30,,0.0,pending,submitted,2023-05-30
O001014,000014.SZ,sell,3500,2023-05-30,2023-05-31,11.8356525,filled,filled,2023-05-31
O001015,000006.SZ,buy,500,2023-05-30,2023-05-31,8.9089,filled,filled,2023-05-31
O001016,000008.SZ,buy,400,2023-05-30,2023-05-31,10.496485999999999,filled,filled,2023-05-31
O001017,000010.SZ,buy,400,2023-05-30,2023-05-31,10.2233131,filled,filled,2023-05-31
O001018,000013.SZ,buy,400,2023-05-30,2023-05-31,10.9156047,filled,filled,2023-05-31
O001019,000017.SZ,buy,400,2023-05-30,2023-05-31,10.405795399999999,filled,filled,2023-05-31
O001020,000022.SZ,buy,600,2023-05-30,2023-05-31,7.543035499999999,filled,filled,2023-05-31
O001021,000024.SZ,buy,600,2023-05-30,2023-05-31,7.665658,filled,filled,2023-05-31
O001022,000040.SZ,buy,300,2023-05-30,2023-05-31,12.589376799999998,filled,filled,2023-05-31
O001023,000046.SZ,buy,200,2023-05-30,2023-05-31,15.623607999999999,filled,filled,2023-05-31
O001024,000048.SZ,buy,500,2023-05-30,2023-05-31,8.625416799999998,filled,filled,2023-05-31
O001025,000031.SZ,sell,100,2023-05-31,,0.0,pending,submitted,2023-05-31
O001026,000050.SZ,sell,2200,2023-05-31,,0.0,pending,submitted,2023-05-31
O001027,000008.SZ,buy,400,2023-05-31,,0.0,pending,submitted,2023-05-31
O001028,000010.SZ,buy,400,2023-05-31,,0.0,pending,submitted,2023-05-31
O001029,000012.SZ,buy,200,2023-05-31,,0.0,pending,submitted,2023-05-31
O001030,000016.SZ,buy,600,2023-05-31,,0.0,pending,submitted,2023-05-31
O001031,000022.SZ,buy,600,2023-05-31,,0.0,pending,submitted,2023-05-31
O001032,000024.SZ,buy,500,2023-05-31,,0.0,pending,submitted,2023-05-31
O001033,000036.SZ,buy,300,2023-05-31,,0.0,pending,submitted,2023-05-31
O001034,000040.SZ,buy,300,2023-05-31,,0.0,pending,submitted,2023-05-31
O001035,000046.SZ,buy,200,2023-05-31,,0.0,pending,submitted,2023-05-31
O001036,000048.SZ,buy,500,2023-05-31,,0.0,pending,submitted,2023-05-31
O001025,000031.SZ,sell,100,2023-05-31,2023-06-01,10.6419474,filled,filled,2023-06-01
O001026,000050.SZ,sell,2200,2023-05-31,2023-06-01,9.4884021,filled,filled,2023-06-01
O001027,000008.SZ,buy,400,2023-05-31,2023-06-01,10.5881776,filled,filled,2023-06-01
O001028,000010.SZ,buy,400,2023-05-31,2023-06-01,10.428217799999999,filled,filled,2023-06-01
O001029,000012.SZ,buy,200,2023-05-31,2023-06-01,15.911895999999999,filled,filled,2023-06-01
O001030,000016.SZ,buy,600,2023-05-31,2023-06-01,7.505598099999999,filled,filled,2023-06-01
O001031,000022.SZ,buy,600,2023-05-31,2023-06-01,7.514406899999999,filled,filled,2023-06-01
O001032,000024.SZ,buy,500,2023-05-31,2023-06-01,7.873065199999999,filled,filled,2023-06-01
O001033,000036.SZ,buy,300,2023-05-31,2023-06-01,13.8344206,filled,filled,2023-06-01
O001034,000040.SZ,buy,300,2023-05-31,2023-06-01,12.847935099999999,filled,filled,2023-06-01
O001035,000046.SZ,buy,200,2023-05-31,2023-06-01,15.6937781,filled,filled,2023-06-01
O001036,000048.SZ,buy,500,2023-05-31,2023-06-01,8.6762676,filled,filled,2023-06-01
O001037,000009.SZ,sell,3900,2023-06-01,,0.0,pending,submitted,2023-06-01
O001038,000025.SZ,sell,3600,2023-06-01,,0.0,pending,submitted,2023-06-01
O001039,000008.SZ,buy,200,2023-06-01,,0.0,pending,submitted,2023-06-01
O001040,000012.SZ,buy,100,2023-06-01,,0.0,pending,submitted,2023-06-01
O001041,000016.SZ,buy,300,2023-06-01,,0.0,pending,submitted,2023-06-01
O001042,000023.SZ,buy,200,2023-06-01,,0.0,pending,submitted,2023-06-01
O001043,000024.SZ,buy,300,2023-06-01,,0.0,pending,submitted,2023-06-01
O001044,000036.SZ,buy,200,2023-06-01,,0.0,pending,submitted,2023-06-01
O001045,000039.SZ,buy,200,2023-06-01,,0.0,pending,submitted,2023-06-01
O001046,000040.SZ,buy,200,2023-06-01,,0.0,pending,submitted,2023-06-01
O001047,000045.SZ,buy,200,2023-06-01,,0.0,pending,submitted,2023-06-01
O001048,000048.SZ,buy,300,2023-06-01,,0.0,pending,submitted,2023-06-01
O001037,000009.SZ,sell,3900,2023-06-01,2023-06-02,11.5525359,filled,filled,2023-06-02
O001038,000025.SZ,sell,3600,2023-06-01,2023-06-02,13.7650212,filled,filled,2023-06-02
O001039,000008.SZ,buy,200,2023-06-01,2023-06-02,10.4691587,filled,filled,2023-06-02
O001040,000012.SZ,buy,100,2023-06-01,2023-06-02,15.667051399999998,filled,filled,2023-06-02
O001041,000016.SZ,buy,300,2023-06-01,2023-06-02,7.544536999999999,filled,filled,2023-06-02
O001042,000023.SZ,buy,200,2023-06-01,2023-06-02,11.1604493,filled,filled,2023-06-02
O001043,000024.SZ,buy,300,2023-06-01,2023-06-02,7.7591513999999995,filled,filled,2023-06-02
O001044,000036.SZ,buy,200,2023-06-01,2023-06-02,13.716302599999999,filled,filled,2023-06-02
O001045,000039.SZ,buy,200,2023-06-01,2023-06-02,12.539627099999999,filled,filled,2023-06-02
O001046,000040.SZ,buy,200,2023-06-01,2023-06-02,12.7288161,filled,filled,2023-06-02
O001047,000045.SZ,buy,200,2023-06-01,2023-06-02,13.233620399999998,filled,filled,2023-06-02
O001048,000048.SZ,buy,300,2023-06-01,2023-06-02,8.592583999999999,filled,filled,2023-06-02
O001049,000049.SZ,sell,3000,2023-06-02,,0.0,pending,submitted,2023-06-02
O001050,000006.SZ,buy,1000,2023-06-02,,0.0,pending,submitted,2023-06-02
O001051,000010.SZ,buy,900,2023-06-02,,0.0,pending,submitted,2023-06-02
O001052,000011.SZ,buy,1000,2023-06-02,,0.0,pending,submitted,2023-06-02
O001053,000012.SZ,buy,600,2023-06-02,,0.0,pending,submitted,2023-06-02
O001054,000016.SZ,buy,1200,2023-06-02,,0.0,pending,submitted,2023-06-02
O001055,000023.SZ,buy,800,2023-06-02,,0.0,pending,submitted,2023-06-02
O001056,000024.SZ,buy,1200,2023-06-02,,0.0,pending,submitted,2023-06-02
O001057,000028.SZ,buy,800,2023-06-02,,0.0,pending,submitted,2023-06-02
O001058,000035.SZ,buy,1100,2023-06-02,,0.0,pending,submitted,2023-06-02
O001059,000048.SZ,buy,1100,2023-06-02,,0.0,pending,submitted,2023-06-02
O001049,000049.SZ,sell,3000,2023-06-02,2023-06-05,10.280509200000001,filled,filled,2023-06-05
O001050,000006.SZ,buy,1000,2023-06-02,2023-06-05,8.8395307,filled,filled,2023-06-05
O001051,000010.SZ,buy,900,2023-06-02,2023-06-05,10.437527099999999,filled,filled,2023-06-05
O001052,000011.SZ,buy,1000,2023-06-02,2023-06-05,9.0963873,filled,filled,2023-06-05
O001053,000012.SZ,buy,600,2023-06-02,2023-06-05,15.708292599999998,filled,filled,2023-06-05
O001054,000016.SZ,buy,1200,2023-06-02,2023-06-05,7.771363599999999,filled,filled,2023-06-05
O001055,000023.SZ,buy,800,2023-06-02,2023-06-05,11.3542429,filled,filled,2023-06-05
O001056,000024.SZ,buy,1200,2023-06-02,2023-06-05,7.806999199999999,filled,filled,2023-06-05
O001057,000028.SZ,buy,800,2023-06-02,2023-06-05,10.727717,filled,filled,2023-06-05
O001058,000035.SZ,buy,1100,2023-06-02,2023-06-05,8.4289205,filled,filled,2023-06-05
O001059,000048.SZ,buy,1100,2023-06-02,2023-06-05,8.676367699999998,filled,filled,2023-06-05
O001060,000004.SZ,sell,6200,2023-06-05,,0.0,pending,submitted,2023-06-05
O001061,000042.SZ,sell,1100,2023-06-05,,0.0,pending,submitted,2023-06-05
O001062,000003.SZ,buy,200,2023-06-05,,0.0,pending,submitted,2023-06-05
O001063,000007.SZ,buy,300,2023-06-05,,0.0,pending,submitted,2023-06-05
O001064,000010.SZ,buy,300,2023-06-05,,0.0,pending,submitted,2023-06-05
O001065,000011.SZ,buy,400,2023-06-05,,0.0,pending,submitted,2023-06-05
O001066,000012.SZ,buy,200,2023-06-05,,0.0,pending,submitted,2023-06-05
O001067,000019.SZ,buy,200,2023-06-05,,0.0,pending,submitted,2023-06-05
O001068,000024.SZ,buy,400,2023-06-05,,0.0,pending,submitted,2023-06-05
O001069,000028.SZ,buy,300,2023-06-05,,0.0,pending,submitted,2023-06-05
O001070,000035.SZ,buy,400,2023-06-05,,0.0,pending,submitted,2023-06-05
O001071,000049.SZ,buy,300,2023-06-05,,0.0,pending,submitted,2023-06-05
O001060,000004.SZ,sell,6200,2023-06-05,2023-06-06,11.4650235,filled,filled,2023-06-06
O001061,000042.SZ,sell,1100,2023-06-05,2023-06-06,7.914977100000001,filled,filled,2023-06-06
O001062,000003.SZ,buy,200,2023-06-05,2023-06-06,12.830017199999999,filled,filled,2023-06-06
O001063,000007.SZ,buy,300,2023-06-05,2023-06-06,11.419307899999998,filled,filled,2023-06-06
O001064,000010.SZ,buy,300,2023-06-05,2023-06-06,10.729618899999998,filled,filled,2023-06-06
O001065,000011.SZ,buy,400,2023-06-05,2023-06-06,9.339530199999999,filled,filled,2023-06-06
O001066,000012.SZ,buy,200,2023-06-05,2023-06-06,16.0748588,filled,filled,2023-06-06
O001067,000019.SZ,buy,200,2023-06-05,2023-06-06,14.400786399999998,filled,filled,2023-06-06
O001068,000024.SZ,buy,400,2023-06-05,2023-06-06,7.858350499999999,filled,filled,2023-06-06
O001069,000028.SZ,buy,300,2023-06-05,2023-06-06,10.7992885,filled,filled,2023-06-06
O001070,000035.SZ,buy,400,2023-06-05,2023-06-06,8.608399799999999,filled,filled,2023-06-06
O001071,000049.SZ,buy,300,2023-06-05,2023-06-06,10.691680999999997,filled,filled,2023-06-06
O001072,000027.SZ,sell,3300,2023-06-06,,0.0,pending,submitted,2023-06-06
O001073,000001.SZ,buy,800,2023-06-06,,0.0,pending,submitted,2023-06-06
O001074,000003.SZ,buy,600,2023-06-06,,0.0,pending,submitted,2023-06-06
O001075,000007.SZ,buy,700,2023-06-06,,0.0,pending,submitted,2023-06-06
O001076,000011.SZ,buy,800,2023-06-06,,0.0,pending,submitted,2023-06-06
O001077,000012.SZ,buy,500,2023-06-06,,0.0,pending,submitted,2023-06-06
O001078,000016.SZ,buy,1000,2023-06-06,,0.0,pending,submitted,2023-06-06
O001079,000028.SZ,buy,700,2023-06-06,,0.0,pending,submitted,2023-06-06
O001080,000035.SZ,buy,900,2023-06-06,,0.0,pending,submitted,2023-06-06
O001081,000036.SZ,buy,600,2023-06-06,,0.0,pending,submitted,2023-06-06
O001082,000044.SZ,buy,800,2023-06-06,,0.0,pending,submitted,2023-06-06
O001072,000027.SZ,sell,3300,2023-06-06,2023-06-07,9.1385523,filled,filled,2023-06-07
O001073,000001.SZ,buy,800,2023-06-06,2023-06-07,10.346636299999998,filled,filled,2023-06-07
O001074,000003.SZ,buy,600,2023-06-06,2023-06-07,12.993480499999999,filled,filled,2023-06-07
O001075,000007.SZ,buy,700,2023-06-06,2023-06-07,11.430919499999998,filled,filled,2023-06-07
O001076,000011.SZ,buy,800,2023-06-06,2023-06-07,9.3857764,filled,filled,2023-06-07
O001077,000012.SZ,buy,500,2023-06-06,2023-06-07,16.049933899999996,filled,filled,2023-06-07
O001078,000016.SZ,buy,1000,2023-06-06,2023-06-07,7.764056299999999,filled,filled,2023-06-07
O001079,000028.SZ,buy,700,2023-06-06,2023-06-07,11.084873799999999,filled,filled,2023-06-07
O001080,000035.SZ,buy,900,2023-06-06,2023-06-07,9.0689599,filled,filled,2023-06-07
O001081,000036.SZ,buy,600,2023-06-06,2023-06-07,13.827213399999998,filled,filled,2023-06-07
O001082,000044.SZ,buy,800,2023-06-06,2023-06-07,9.667557899999998,filled,filled,2023-06-07
O001083,000008.SZ,sell,4400,2023-06-07,,0.0,pending,submitted,2023-06-07
O001084,000019.SZ,sell,6700,2023-06-07,,0.0,pending,submitted,2023-06-07
O001085,000034.SZ,sell,3600,2023-06-07,,0.0,pending,submitted,2023-06-07
O001086,000001.SZ,buy,300,2023-06-07,,0.0,pending,submitted,2023-06-07
O001087,000007.SZ,buy,300,2023-06-07,,0.0,pending,submitted,2023-06-07
O001088,000014.SZ,buy,300,2023-06-07,,0.0,pending,submitted,2023-06-07
O001089,000016.SZ,buy,400,2023-06-07,,0.0,pending,submitted,2023-06-07
O001090,000017.SZ,buy,300,2023-06-07,,0.0,pending,submitted,2023-06-07
O001091,000035.SZ,buy,400,2023-06-07,,0.0,pending,submitted,2023-06-07
O001092,000036.SZ,buy,200,2023-06-07,,0.0,pending,submitted,2023-06-07
O001093,000037.SZ,buy,300,2023-06-07,,0.0,pending,submitted,2023-06-07
O001094,000041.SZ,buy,300,2023-06-07,,0.0,pending,submitted,2023-06-07
O001095,000044.SZ,buy,300,2023-06-07,,0.0,pending,submitted,2023-06-07
O001083,000008.SZ,sell,4400,2023-06-07,2023-06-08,9.805185,filled,filled,2023-06-08
O001084,000019.SZ,sell,6700,2023-06-07,2023-06-08,13.296590100000001,filled,filled,2023-06-08
O001085,000034.SZ,sell,3600,2023-06-07,2023-06-08,9.1676232,filled,filled,2023-06-08
O001086,000001.SZ,buy,300,2023-06-07,2023-06-08,10.432722299999998,filled,filled,2023-06-08
O001087,000007.SZ,buy,300,2023-06-07,2023-06-08,11.302591299999998,filled,filled,2023-06-08
O001088,000014.SZ,buy,300,2023-06-07,2023-06-08,12.011799799999999,filled,filled,2023-06-08
O001089,000016.SZ,buy,400,2023-06-07,2023-06-08,7.8125047,filled,filled,2023-06-08
O001090,000017.SZ,buy,300,2023-06-07,2023-06-08,10.722211499999998,filled,filled,2023-06-08
O001091,000035.SZ,buy,400,2023-06-07,2023-06-08,9.1434343,filled,filled,2023-06-08
O001092,000036.SZ,buy,200,2023-06-07,2023-06-08,14.432417999999998,filled,filled,2023-06-08
O001093,000037.SZ,buy,300,2023-06-07,2023-06-08,9.782973199999999,filled,filled,2023-06-08
O001094,000041.SZ,buy,300,2023-06-07,2023-06-08,11.4082969,filled,filled,2023-06-08
O001095,000044.SZ,buy,300,2023-06-07,2023-06-08,9.8204106,filled,filled,2023-06-08
O001096,000045.SZ,sell,200,2023-06-08,,0.0,pending,submitted,2023-06-08
O001097,000001.SZ,buy,1500,2023-06-08,,0.0,pending,submitted,2023-06-08
O001098,000007.SZ,buy,1300,2023-06-08,,0.0,pending,submitted,2023-06-08
O001099,000016.SZ,buy,2000,2023-06-08,,0.0,pending,submitted,2023-06-08
O001100,000017.SZ,buy,1500,2023-06-08,,0.0,pending,submitted,2023-06-08
O001101,000022.SZ,buy,2000,2023-06-08,,0.0,pending,submitted,2023-06-08
O001102,000035.SZ,buy,1700,2023-06-08,,0.0,pending,submitted,2023-06-08
O001103,000041.SZ,buy,1300,2023-06-08,,0.0,pending,submitted,2023-06-08
O001104,000044.SZ,buy,1600,2023-06-08,,0.0,pending,submitted,2023-06-08
O001105,000046.SZ,buy,1000,2023-06-08,,0.0,pending,submitted,2023-06-08
O001106,000049.SZ,buy,1500,2023-06-08,,0.0,pending,submitted,2023-06-08
O001096,000045.SZ,sell,200,2023-06-08,2023-06-09,12.6031842,filled,filled,2023-06-09
O001097,000001.SZ,buy,1500,2023-06-08,2023-06-09,10.604393799999999,filled,filled,2023-06-09
O001098,000007.SZ,buy,1300,2023-06-08,2023-06-09,11.640829199999999,filled,filled,2023-06-09
O001099,000016.SZ,buy,2000,2023-06-08,2023-06-09,7.937829899999999,filled,filled,2023-06-09
O001100,000017.SZ,buy,1500,2023-06-08,2023-06-09,10.479468999999998,filled,filled,2023-06-09
O001101,000022.SZ,buy,2000,2023-06-08,2023-06-09,7.805297499999999,filled,filled,2023-06-09
O001102,000035.SZ,buy,1700,2023-06-08,2023-06-09,9.226016799999998,filled,filled,2023-06-09
O001103,000041.SZ,buy,1300,2023-06-08,2023-06-09,11.826214399999998,filled,filled,2023-06-09
O001104,000044.SZ,buy,1600,2023-06-08,2023-06-09,9.9372273,filled,filled,2023-06-09
O001105,000046.SZ,buy,1000,2023-06-08,2023-06-09,16.1772611,filled,filled,2023-06-09
O001106,000049.SZ,buy,1500,2023-06-08,2023-06-09,10.7733626,filled,filled,2023-06-09
O001107,000023.SZ,sell,6500,2023-06-09,,0.0,pending,submitted,2023-06-09
O001108,000048.SZ,sell,2400,2023-06-09,,0.0,pending,submitted,2023-06-09
O001109,000001.SZ,buy,100,2023-06-09,,0.0,pending,submitted,2023-06-09
O001110,000003.SZ,buy,100,2023-06-09,,0.0,pending,submitted,2023-06-09
O001111,000007.SZ,buy,100,2023-06-09,,0.0,pending,submitted,2023-06-09
O001112,000017.SZ,buy,100,2023-06-09,,0.0,pending,submitted,2023-06-09
O001113,000018.SZ,buy,100,2023-06-09,,0.0,pending,submitted,2023-06-09
O001114,000035.SZ,buy,100,2023-06-09,,0.0,pending,submitted,2023-06-09
O001115,000041.SZ,buy,100,2023-06-09,,0.0,pending,submitted,2023-06-09
O001116,000044.SZ,buy,100,2023-06-09,,0.0,pending,submitted,2023-06-09
O001117,000047.SZ,buy,100,2023-06-09,,0.0,pending,submitted,2023-06-09
O001107,000023.SZ,sell,6500,2023-06-09,2023-06-12,10.3999896,filled,filled,2023-06-12
O001108,000048.SZ,sell,2400,2023-06-09,2023-06-12,8.3114802,filled,filled,2023-06-12
O001109,000001.SZ,buy,100,2023-06-09,2023-06-12,11.057446399999998,filled,filled,2023-06-12
O001110,000003.SZ,buy,100,2023-06-09,2023-06-12,13.126112999999998,filled,filled,2023-06-12
O001111,000007.SZ,buy,100,2023-06-09,2023-06-12,11.635824199999998,filled,filled,2023-06-12
O001112,000017.SZ,buy,100,2023-06-09,2023-06-12,10.5347242,filled,filled,2023-06-12
O001113,000018.SZ,buy,100,2023-06-09,2023-06-12,11.73172,filled,filled,2023-06-12
O001114,000035.SZ,buy,100,2023-06-09,2023-06-12,9.238629399999999,filled,filled,2023-06-12
O001115,000041.SZ,buy,100,2023-06-09,2023-06-12,11.9660541,filled,filled,2023-06-12
O001116,000044.SZ,buy,100,2023-06-09,2023-06-12,9.972662699999999,filled,filled,2023-06-12
O001117,000047.SZ,buy,100,2023-06-09,2023-06-12,12.6412286,filled,filled,2023-06-12
O001118,000010.SZ,sell,2000,2023-06-12,,0.0,pending,submitted,2023-06-12
O001119,000028.SZ,sell,1800,2023-06-12,,0.0,pending,submitted,2023-06-12
O001120,000001.SZ,buy,700,2023-06-12,,0.0,pending,submitted,2023-06-12
O001121,000007.SZ,buy,700,2023-06-12,,0.0,pending,submitted,2023-06-12
O001122,000009.SZ,buy,700,2023-06-12,,0.0,pending,submitted,2023-06-12
O001123,000017.SZ,buy,800,2023-06-12,,0.0,pending,submitted,2023-06-12
O001124,000022.SZ,buy,1100,2023-06-12,,0.0,pending,submitted,2023-06-12
O001125,000031.SZ,buy,800,2023-06-12,,0.0,pending,submitted,2023-06-12
O001126,000035.SZ,buy,900,2023-06-12,,0.0,pending,submitted,2023-06-12
O001127,000041.SZ,buy,700,2023-06-12,,0.0,pending,submitted,2023-06-12
O001128,000044.SZ,buy,800,2023-06-12,,0.0,pending,submitted,2023-06-12
O001129,000045.SZ,buy,600,2023-06-12,,0.0,pending,submitted,2023-06-12
O001118,000010.SZ,sell,2000,2023-06-12,2023-06-13,9.7689213,filled,filled,2023-06-13
O001119,000028.SZ,sell,1800,2023-06-12,2023-06-13,10.290699,filled,filled,2023-06-13
O001120,000001.SZ,buy,700,2023-06-12,2023-06-13,11.3398285,filled,filled,2023-06-13
O001121,000007.SZ,buy,700,2023-06-12,2023-06-13,11.820808999999999,filled,filled,2023-06-13
O001122,000009.SZ,buy,700,2023-06-12,2023-06-13,11.835123299999998,filled,filled,2023-06-13
O001123,000017.SZ,buy,800,2023-06-12,2023-06-13,10.848737899999998,filled,filled,2023-06-13
O001124,000022.SZ,buy,1100,2023-06-12,2023-06-13,7.570462899999999,filled,filled,2023-06-13
O001125,000031.SZ,buy,800,2023-06-12,2023-06-13,10.844733899999998,filled,filled,2023-06-13
O001126,000035.SZ,buy,900,2023-06-12,2023-06-13,9.0727637,filled,filled,2023-06-13
O001127,000041.SZ,buy,700,2023-06-12,2023-06-13,12.058946899999999,filled,filled,2023-06-13
O001128,000044.SZ,buy,800,2023-06-12,2023-06-13,10.257547299999999,filled,filled,2023-06-13
O001129,000045.SZ,buy,600,2023-06-12,2023-06-13,13.262449199999999,filled,filled,2023-06-13
O001130,000012.SZ,sell,2900,2023-06-13,,0.0,pending,submitted,2023-06-13
O001131,000001.SZ,buy,400,2023-06-13,,0.0,pending,submitted,2023-06-13
O001132,000011.SZ,buy,400,2023-06-13,,0.0,pending,submitted,2023-06-13
O001133,000014.SZ,buy,300,2023-06-13,,0.0,pending,submitted,2023-06-13
O001134,000015.SZ,buy,300,2023-06-13,,0.0,pending,submitted,2023-06-13
O001135,000017.SZ,buy,400,2023-06-13,,0.0,pending,submitted,2023-06-13
O001136,000022.SZ,buy,600,2023-06-13,,0.0,pending,submitted,2023-06-13
O001137,000024.SZ,buy,500,2023-06-13,,0.0,pending,submitted,2023-06-13
O001138,000041.SZ,buy,300,2023-06-13,,0.0,pending,submitted,2023-06-13
O001139,000044.SZ,buy,400,2023-06-13,,0.0,pending,submitted,2023-06-13
O001140,000047.SZ,buy,300,2023-06-13,,0.0,pending,submitted,2023-06-13
O001130,000012.SZ,sell,2900,2023-06-13,2023-06-14,15.2484363,filled,filled,2023-06-14
O001131,000001.SZ,buy,400,2023-06-13,2023-06-14,11.215604399999998,filled,filled,2023-06-14
O001132,000011.SZ,buy,400,2023-06-13,2023-06-14,9.9076978,filled,filled,2023-06-14
O001133,000014.SZ,buy,300,2023-06-13,2023-06-14,12.441829399999998,filled,filled,2023-06-14
O001134,000015.SZ,buy,300,2023-06-13,2023-06-14,12.1318197,filled,filled,2023-06-14
O001135,000017.SZ,buy,400,2023-06-13,2023-06-14,10.8832724,filled,filled,2023-06-14
O001136,000022.SZ,buy,600,2023-06-13,2023-06-14,7.565057499999999,filled,filled,2023-06-14
O001137,000024.SZ,buy,500,2023-06-13,2023-06-14,7.861653799999999,filled,filled,2023-06-14
O001138,000041.SZ,buy,300,2023-06-13,2023-06-14,12.286874599999997,filled,filled,2023-06-14
O001139,000044.SZ,buy,400,2023-06-13,2023-06-14,10.496786299999998,filled,filled,2023-06-14
O001140,000047.SZ,buy,300,2023-06-13,2023-06-14,12.8650522,filled,filled,2023-06-14
O001141,000039.SZ,sell,2800,2023-06-14,,0.0,pending,submitted,2023-06-14
O001142,000001.SZ,buy,400,2023-06-14,,0.0,pending,submitted,2023-06-14
O001143,000007.SZ,buy,400,2023-06-14,,0.0,pending,submitted,2023-06-14
O001144,000011.SZ,buy,500,2023-06-14,,0.0,pending,submitted,2023-06-14
O001145,000014.SZ,buy,400,2023-06-14,,0.0,pending,submitted,2023-06-14
O001146,000015.SZ,buy,400,2023-06-14,,0.0,pending,submitted,2023-06-14
O001147,000021.SZ,buy,300,2023-06-14,,0.0,pending,submitted,2023-06-14
O001148,000033.SZ,buy,300,2023-06-14,,0.0,pending,submitted,2023-06-14
O001149,000041.SZ,buy,400,2023-06-14,,0.0,pending,submitted,2023-06-14
O001150,000044.SZ,buy,400,2023-06-14,,0.0,pending,submitted,2023-06-14
O001151,000047.SZ,buy,300,2023-06-14,,0.0,pending,submitted,2023-06-14
O001141,000039.SZ,sell,2800,2023-06-14,2023-06-15,11.4573312,filled,filled,2023-06-15
O001142,000001.SZ,buy,400,2023-06-14,2023-06-15,11.059948899999998,filled,filled,2023-06-15
O001143,000007.SZ,buy,400,2023-06-14,2023-06-15,12.012700699999998,filled,filled,2023-06-15
O001144,000011.SZ,buy,500,2023-06-14,2023-06-15,9.6071976,filled,filled,2023-06-15
O001145,000014.SZ,buy,400,2023-06-14,2023-06-15,12.2880758,filled,filled,2023-06-15
O001146,000015.SZ,buy,400,2023-06-14,2023-06-15,11.9460341,filled,filled,2023-06-15
O001147,000021.SZ,buy,300,2023-06-14,2023-06-15,12.3999876,filled,filled,2023-06-15
O001148,000033.SZ,buy,300,2023-06-14,2023-06-15,14.037723699999999,filled,filled,2023-06-15
O001149,000041.SZ,buy,400,2023-06-14,2023-06-15,12.331218899999998,filled,filled,2023-06-15
O001150,000044.SZ,buy,400,2023-06-14,2023-06-15,10.596886299999998,filled,filled,2023-06-15
O001151,000047.SZ,buy,300,2023-06-14,2023-06-15,12.875963099999998,filled,filled,2023-06-15
O001152,000022.SZ,sell,8400,2023-06-15,,0.0,pending,submitted,2023-06-15
O001153,000043.SZ,sell,3800,2023-06-15,,0.0,pending,submitted,2023-06-15
O001154,000001.SZ,buy,300,2023-06-15,,0.0,pending,submitted,2023-06-15
O001155,000007.SZ,buy,300,2023-06-15,,0.0,pending,submitted,2023-06-15
O001156,000011.SZ,buy,300,2023-06-15,,0.0,pending,submitted,2023-06-15
O001157,000015.SZ,buy,300,2023-06-15,,0.0,pending,submitted,2023-06-15
O001158,000017.SZ,buy,300,2023-06-15,,0.0,pending,submitted,2023-06-15
O001159,000021.SZ,buy,200,2023-06-15,,0.0,pending,submitted,2023-06-15
O001160,000036.SZ,buy,200,2023-06-15,,0.0,pending,submitted,2023-06-15
O001161,000041.SZ,buy,300,2023-06-15,,0.0,pending,submitted,2023-06-15
O001162,000044.SZ,buy,300,2023-06-15,,0.0,pending,submitted,2023-06-15
O001163,000047.SZ,buy,200,2023-06-15,,0.0,pending,submitted,2023-06-15
O001152,000022.SZ,sell,8400,2023-06-15,2023-06-16,7.2984941999999995,filled,filled,2023-06-16
O001153,000043.SZ,sell,3800,2023-06-15,2023-06-16,9.525165300000001,filled,filled,2023-06-16
O001154,000001.SZ,buy,300,2023-06-15,2023-06-16,11.351540199999999,filled,filled,2023-06-16
O001155,000007.SZ,buy,300,2023-06-15,2023-06-16,11.855743899999998,filled,filled,2023-06-16
O001156,000011.SZ,buy,300,2023-06-15,2023-06-16,9.3810717,filled,filled,2023-06-16
O001157,000015.SZ,buy,300,2023-06-15,2023-06-16,11.677065399999998,filled,filled,2023-06-16
O001158,000017.SZ,buy,300,2023-06-15,2023-06-16,10.6973867,filled,filled,2023-06-16
O001159,000021.SZ,buy,200,2023-06-15,2023-06-16,12.8153025,filled,filled,2023-06-16
O001160,000036.SZ,buy,200,2023-06-15,2023-06-16,14.514199699999999,filled,filled,2023-06-16
O001161,000041.SZ,buy,300,2023-06-15,2023-06-16,12.120608499999998,filled,filled,2023-06-16
O001162,000044.SZ,buy,300,2023-06-15,2023-06-16,10.836525699999997,filled,filled,2023-06-16
O001163,000047.SZ,buy,200,2023-06-15,2023-06-16,12.9367238,filled,filled,2023-06-16
O001164,000003.SZ,sell,900,2023-06-16,,0.0,pending,submitted,2023-06-16
O001165,000031.SZ,sell,800,2023-06-16,,0.0,pending,submitted,2023-06-16
O001166,000007.SZ,buy,800,2023-06-16,,0.0,pending,submitted,2023-06-16
O001167,000011.SZ,buy,1000,2023-06-16,,0.0,pending,submitted,2023-06-16
O001168,000020.SZ,buy,1200,2023-06-16,,0.0,pending,submitted,2023-06-16
O001169,000021.SZ,buy,700,2023-06-16,,0.0,pending,submitted,2023-06-16
O001170,000027.SZ,buy,1000,2023-06-16,,0.0,pending,submitted,2023-06-16
O001171,000036.SZ,buy,600,2023-06-16,,0.0,pending,submitted,2023-06-16
O001172,000040.SZ,buy,700,2023-06-16,,0.0,pending,submitted,2023-06-16
O001173,000044.SZ,buy,900,2023-06-16,,0.0,pending,submitted,2023-06-16
O001174,000047.SZ,buy,700,2023-06-16,,0.0,pending,submitted,2023-06-16
O001175,000049.SZ,buy,900,2023-06-16,,0.0,pending,submitted,2023-06-16
O001164,000003.SZ,sell,900,2023-06-16,2023-06-19,12.4410465,filled,filled,2023-06-19
O001165,000031.SZ,sell,800,2023-06-16,2023-06-19,9.937552499999999,filled,filled,2023-06-19
O001166,000007.SZ,buy,800,2023-06-16,2023-06-19,11.8150032,filled,filled,2023-06-19
O001167,000011.SZ,buy,1000,2023-06-16,2023-06-19,9.6739643,filled,filled,2023-06-19
O001168,000020.SZ,buy,1200,2023-06-16,2023-06-19,8.121613499999999,filled,filled,2023-06-19
O001169,000021.SZ,buy,700,2023-06-16,2023-06-19,12.673560899999998,filled,filled,2023-06-19
O001170,000027.SZ,buy,1000,2023-06-16,2023-06-19,9.2208116,filled,filled,2023-06-19
O001171,000036.SZ,buy,600,2023-06-16,2023-06-19,14.563649099999997,filled,filled,2023-06-19
O001172,000040.SZ,buy,700,2023-06-16,2023-06-19,12.879666799999999,filled,filled,2023-06-19
O001173,000044.SZ,buy,900,2023-06-16,2023-06-19,10.826815999999999,filled,filled,2023-06-19
O001174,000047.SZ,buy,700,2023-06-16,2023-06-19,12.914401499999999,filled,filled,2023-06-19
O001175,000049.SZ,buy,900,2023-06-16,2023-06-19,10.8061954,filled,filled,2023-06-19
O001176,000024.SZ,sell,3500,2023-06-19,,0.0,pending,submitted,2023-06-19
O001177,000033.SZ,sell,300,2023-06-19,,0.0,pending,submitted,2023-06-19
O001178,000037.SZ,sell,400,2023-06-19,,0.0,pending,submitted,2023-06-19
O001179,000045.SZ,sell,600,2023-06-19,,0.0,pending,submitted,2023-06-19
O001180,000002.SZ,buy,400,2023-06-19,,0.0,pending,submitted,2023-06-19
O001181,000011.SZ,buy,300,2023-06-19,,0.0,pending,submitted,2023-06-19
O001182,000014.SZ,buy,200,2023-06-19,,0.0,pending,submitted,2023-06-19
O001183,000015.SZ,buy,200,2023-06-19,,0.0,pending,submitted,2023-06-19
O001184,000020.SZ,buy,300,2023-06-19,,0.0,pending,submitted,2023-06-19
O001185,000036.SZ,buy,100,2023-06-19,,0.0,pending,submitted,2023-06-19
O001186,000040.SZ,buy,200,2023-06-19,,0.0,pending,submitted,2023-06-19
O001187,000042.SZ,buy,300,2023-06-19,,0.0,pending,submitted,2023-06-19
O001188,000044.SZ,buy,200,2023-06-19,,0.0,pending,submitted,2023-06-19
O001189,000049.SZ,buy,200,2023-06-19,,0.0,pending,submitted,2023-06-19
O001176,000024.SZ,sell,3500,2023-06-19,2023-06-20,7.332460200000001,filled,filled,2023-06-20
O001177,000033.SZ,sell,300,2023-06-19,2023-06-20,12.914372700000001,filled,filled,2023-06-20
O001178,000037.SZ,sell,400,2023-06-19,2023-06-20,9.183807,filled,filled,2023-06-20
O001179,000045.SZ,sell,600,2023-06-19,2023-06-20,12.4830045,filled,filled,2023-06-20
O001180,000002.SZ,buy,400,2023-06-19,2023-06-20,6.736329599999999,filled,filled,2023-06-20
O001181,000011.SZ,buy,300,2023-06-19,2023-06-20,9.831621799999999,filled,filled,2023-06-20
O001182,000014.SZ,buy,200,2023-06-19,2023-06-20,12.689676999999998,filled,filled,2023-06-20
O001183,000015.SZ,buy,200,2023-06-19,2023-06-20,12.1818697,filled,filled,2023-06-20
O001184,000020.SZ,buy,300,2023-06-19,2023-06-20,8.1773692,filled,filled,2023-06-20
O001185,000036.SZ,buy,100,2023-06-19,2023-06-20,15.019304299999998,filled,filled,2023-06-20
O001186,000040.SZ,buy,200,2023-06-19,2023-06-20,12.961548599999999,filled,filled,2023-06-20
O001187,000042.SZ,buy,300,2023-06-19,2023-06-20,7.750542799999999,filled,filled,2023-06-20
O001188,000044.SZ,buy,200,2023-06-19,2023-06-20,10.618307699999999,filled,filled,2023-06-20
O001189,000049.SZ,buy,200,2023-06-19,2023-06-20,10.6233127,filled,filled,2023-06-20
O001190,000001.SZ,sell,4500,2023-06-20,,0.0,pending,submitted,2023-06-20
O001191,000015.SZ,buy,300,2023-06-20,,0.0,pending,submitted,2023-06-20
O001192,000020.SZ,buy,500,2023-06-20,,0.0,pending,submitted,2023-06-20
O001193,000023.SZ,buy,400,2023-06-20,,0.0,pending,submitted,2023-06-20
O001194,000027.SZ,buy,400,2023-06-20,,0.0,pending,submitted,2023-06-20
O001195,000029.SZ,buy,400,2023-06-20,,0.0,pending,submitted,2023-06-20
O001196,000032.SZ,buy,600,2023-06-20,,0.0,pending,submitted,2023-06-20
O001197,000036.SZ,buy,300,2023-06-20,,0.0,pending,submitted,2023-06-20
O001198,000040.SZ,buy,300,2023-06-20,,0.0,pending,submitted,2023-06-20
O001199,000042.SZ,buy,500,2023-06-20,,0.0,pending,submitted,2023-06-20
O001200,000044.SZ,buy,400,2023-06-20,,0.0,pending,submitted,2023-06-20
O001190,000001.SZ,sell,4500,2023-06-20,2023-06-21,10.864524600000001,filled,filled,2023-06-21
O001191,000015.SZ,buy,300,2023-06-20,2023-06-21,12.498185699999999,filled,filled,2023-06-21
O001192,000020.SZ,buy,500,2023-06-20,2023-06-21,8.3747664,filled,filled,2023-06-21
O001193,000023.SZ,buy,400,2023-06-20,2023-06-21,10.355345,filled,filled,2023-06-21
O001194,000027.SZ,buy,400,2023-06-20,2023-06-21,9.8137039,filled,filled,2023-06-21
O001195,000029.SZ,buy,400,2023-06-20,2023-06-21,9.191682499999999,filled,filled,2023-06-21
O001196,000032.SZ,buy,600,2023-06-20,2023-06-21,6.731624899999999,filled,filled,2023-06-21
O001197,000036.SZ,buy,300,2023-06-20,2023-06-21,15.053138099999998,filled,filled,2023-06-21
O001198,000040.SZ,buy,300,2023-06-20,2023-06-21,13.141328199999998,filled,filled,2023-06-21
O001199,000042.SZ,buy,500,2023-06-20,2023-06-21,7.727419699999999,filled,filled,2023-06-21
O001200,000044.SZ,buy,400,2023-06-20,2023-06-21,10.756445699999999,filled,filled,2023-06-21
O001201,000049.SZ,sell,2900,2023-06-21,,0.0,pending,submitted,2023-06-21
O001202,000007.SZ,buy,400,2023-06-21,,0.0,pending,submitted,2023-06-21
O001203,000011.SZ,buy,500,2023-06-21,,0.0,pending,submitted,2023-06-21
O001204,000015.SZ,buy,400,2023-06-21,,0.0,pending,submitted,2023-06-21
O001205,000018.SZ,buy,400,2023-06-21,,0.0,pending,submitted,2023-06-21
O001206,000019.SZ,buy,400,2023-06-21,,0.0,pending,submitted,2023-06-21
O001207,000020.SZ,buy,600,2023-06-21,,0.0,pending,submitted,2023-06-21
O001208,000027.SZ,buy,500,2023-06-21,,0.0,pending,submitted,2023-06-21
O001209,000040.SZ,buy,300,2023-06-21,,0.0,pending,submitted,2023-06-21
O001210,000042.SZ,buy,600,2023-06-21,,0.0,pending,submitted,2023-06-21
O001211,000046.SZ,buy,300,2023-06-21,,0.0,pending,submitted,2023-06-21
O001201,000049.SZ,sell,2900,2023-06-21,2023-06-22,10.053736200000001,filled,filled,2023-06-22
O001202,000007.SZ,buy,400,2023-06-21,2023-06-22,12.327114799999999,filled,filled,2023-06-22
O001203,000011.SZ,buy,500,2023-06-21,2023-06-22,9.792082299999999,filled,filled,2023-06-22
O001204,000015.SZ,buy,400,2023-06-21,2023-06-22,12.1757636,filled,filled,2023-06-22
O001205,000018.SZ,buy,400,2023-06-21,2023-06-22,11.348537199999997,filled,filled,2023-06-22
O001206,000019.SZ,buy,400,2023-06-21,2023-06-22,13.053640599999998,filled,filled,2023-06-22
O001207,000020.SZ,buy,600,2023-06-21,2023-06-22,8.3235152,filled,filled,2023-06-22
O001208,000027.SZ,buy,500,2023-06-21,2023-06-22,9.622713099999999,filled,filled,2023-06-22
O001209,000040.SZ,buy,300,2023-06-21,2023-06-22,13.717203499999998,filled,filled,2023-06-22
O001210,000042.SZ,buy,600,2023-06-21,2023-06-22,8.069761699999999,filled,filled,2023-06-22
O001211,000046.SZ,buy,300,2023-06-21,2023-06-22,16.451935499999998,filled,filled,2023-06-22
O001212,000021.SZ,sell,1200,2023-06-22,,0.0,pending,submitted,2023-06-22
O001213,000023.SZ,sell,400,2023-06-22,,0.0,pending,submitted,2023-06-22
O001214,000044.SZ,sell,6200,2023-06-22,,0.0,pending,submitted,2023-06-22
O001215,000007.SZ,buy,200,2023-06-22,,0.0,pending,submitted,2023-06-22
O001216,000011.SZ,buy,300,2023-06-22,,0.0,pending,submitted,2023-06-22
O001217,000014.SZ,buy,200,2023-06-22,,0.0,pending,submitted,2023-06-22
O001218,000015.SZ,buy,200,2023-06-22,,0.0,pending,submitted,2023-06-22
O001219,000018.SZ,buy,300,2023-06-22,,0.0,pending,submitted,2023-06-22
O001220,000022.SZ,buy,400,2023-06-22,,0.0,pending,submitted,2023-06-22
O001221,000027.SZ,buy,300,2023-06-22,,0.0,pending,submitted,2023-06-22
O001222,000040.SZ,buy,200,2023-06-22,,0.0,pending,submitted,2023-06-22
O001223,000042.SZ,buy,400,2023-06-22,,0.0,pending,submitted,2023-06-22
O001224,000046.SZ,buy,200,2023-06-22,,0.0,pending,submitted,2023-06-22
O001212,000021.SZ,sell,1200,2023-06-22,2023-06-23,11.716072200000001,filled,filled,2023-06-23
O001213,000023.SZ,sell,400,2023-06-22,2023-06-23,9.8463438,filled,filled,2023-06-23
O001214,000044.SZ,sell,6200,2023-06-22,2023-06-23,10.1871027,filled,filled,2023-06-23
O001215,000007.SZ,buy,200,2023-06-22,2023-06-23,12.2931809,filled,filled,2023-06-23
O001216,000011.SZ,buy,300,2023-06-22,2023-06-23,10.153643499999998,filled,filled,2023-06-23
O001217,000014.SZ,buy,200,2023-06-22,2023-06-23,12.430117699999998,filled,filled,2023-06-23
O001218,000015.SZ,buy,200,2023-06-22,2023-06-23,12.236524299999997,filled,filled,2023-06-23
O001219,000018.SZ,buy,300,2023-06-22,2023-06-23,11.559147599999998,filled,filled,2023-06-23
O001220,000022.SZ,buy,400,2023-06-22,2023-06-23,7.6977901,filled,filled,2023-06-23
O001221,000027.SZ,buy,300,2023-06-22,2023-06-23,9.475465999999999,filled,filled,2023-06-23
O001222,000040.SZ,buy,200,2023-06-22,2023-06-23,13.991177199999997,filled,filled,2023-06-23
O001223,000042.SZ,buy,400,2023-06-22,2023-06-23,8.057549499999999,filled,filled,2023-06-23
O001224,000046.SZ,buy,200,2023-06-22,2023-06-23,16.787070299999996,filled,filled,2023-06-23
O001225,000035.SZ,sell,5500,2023-06-23,,0.0,pending,submitted,2023-06-23
O001226,000003.SZ,buy,600,2023-06-23,,0.0,pending,submitted,2023-06-23
O001227,000007.SZ,buy,600,2023-06-23,,0.0,pending,submitted,2023-06-23
O001228,000011.SZ,buy,800,2023-06-23,,0.0,pending,submitted,2023-06-23
O001229,000015.SZ,buy,600,2023-06-23,,0.0,pending,submitted,2023-06-23
O001230,000020.SZ,buy,1000,2023-06-23,,0.0,pending,submitted,2023-06-23
O001231,000022.SZ,buy,1000,2023-06-23,,0.0,pending,submitted,2023-06-23
O001232,000026.SZ,buy,700,2023-06-23,,0.0,pending,submitted,2023-06-23
O001233,000028.SZ,buy,800,2023-06-23,,0.0,pending,submitted,2023-06-23
O001234,000040.SZ,buy,600,2023-06-23,,0.0,pending,submitted,2023-06-23
O001235,000046.SZ,buy,400,2023-06-23,,0.0,pending,submitted,2023-06-23
O001225,000035.SZ,sell,5500,2023-06-23,2023-06-26,8.7825087,filled,filled,2023-06-26
O001226,000003.SZ,buy,600,2023-06-23,2023-06-26,12.9908779,filled,filled,2023-06-26
O001227,000007.SZ,buy,600,2023-06-23,2023-06-26,12.6067942,filled,filled,2023-06-26
O001228,000011.SZ,buy,800,2023-06-23,2023-06-26,10.551540999999999,filled,filled,2023-06-26
O001229,000015.SZ,buy,600,2023-06-23,2023-06-26,12.257244999999998,filled,filled,2023-06-26
O001230,000020.SZ,buy,1000,2023-06-23,2023-06-26,8.3748665,filled,filled,2023-06-26
O001231,000022.SZ,buy,1000,2023-06-23,2023-06-26,7.748640899999999,filled,filled,2023-06-26
O001232,000026.SZ,buy,700,2023-06-23,2023-06-26,11.0963853,filled,filled,2023-06-26
O001233,000028.SZ,buy,800,2023-06-23,2023-06-26,9.885575699999999,filled,filled,2023-06-26
O001234,000040.SZ,buy,600,2023-06-23,2023-06-26,14.045031,filled,filled,2023-06-26
O001235,000046.SZ,buy,400,2023-06-23,2023-06-26,17.2659487,filled,filled,2023-06-26
O001236,000002.SZ,sell,400,2023-06-26,,0.0,pending,submitted,2023-06-26
O001237,000006.SZ,sell,4200,2023-06-26,,0.0,pending,submitted,2023-06-26
O001238,000029.SZ,sell,400,2023-06-26,,0.0,pending,submitted,2023-06-26
O001239,000036.SZ,sell,2500,2023-06-26,,0.0,pending,submitted,2023-06-26
O001240,000003.SZ,buy,400,2023-06-26,,0.0,pending,submitted,2023-06-26
O001241,000007.SZ,buy,400,2023-06-26,,0.0,pending,submitted,2023-06-26
O001242,000009.SZ,buy,400,2023-06-26,,0.0,pending,submitted,2023-06-26
O001243,000011.SZ,buy,500,2023-06-26,,0.0,pending,submitted,2023-06-26
O001244,000026.SZ,buy,400,2023-06-26,,0.0,pending,submitted,2023-06-26
O001245,000028.SZ,buy,500,2023-06-26,,0.0,pending,submitted,2023-06-26
O001246,000034.SZ,buy,600,2023-06-26,,0.0,pending,submitted,2023-06-26
O001247,000040.SZ,buy,300,2023-06-26,,0.0,pending,submitted,2023-06-26
O001248,000041.SZ,buy,400,2023-06-26,,0.0,pending,submitted,2023-06-26
O001249,000046.SZ,buy,300,2023-06-26,,0.0,pending,submitted,2023-06-26
O001236,000002.SZ,sell,400,2023-06-26,2023-06-27,6.4500435000000005,filled,filled,2023-06-27
O001237,000006.SZ,sell,4200,2023-06-26,2023-06-27,8.0771148,filled,filled,2023-06-27
O001238,000029.SZ,sell,400,2023-06-26,2023-06-27,8.4796119,filled,filled,2023-06-27
O001239,000036.SZ,sell,2500,2023-06-26,2023-06-27,14.423162399999999,filled,filled,2023-06-27
O001240,000003.SZ,buy,400,2023-06-26,2023-06-27,12.8229101,filled,filled,2023-06-27
O001241,000007.SZ,buy,400,2023-06-26,2023-06-27,12.521008499999999,filled,filled,2023-06-27
O001242,000009.SZ,buy,400,2023-06-26,2023-06-27,11.994882899999999,filled,filled,2023-06-27
O001243,000011.SZ,buy,500,2023-06-26,2023-06-27,10.6459353,filled,filled,2023-06-27
O001244,000026.SZ,buy,400,2023-06-26,2023-06-27,11.2567455,filled,filled,2023-06-27
O001245,000028.SZ,buy,500,2023-06-26,2023-06-27,10.105295199999999,filled,filled,2023-06-27
O001246,000034.SZ,buy,600,2023-06-26,2023-06-27,9.262553299999999,filled,filled,2023-06-27
O001247,000040.SZ,buy,300,2023-06-26,2023-06-27,14.137723599999998,filled,filled,2023-06-27
O001248,000041.SZ,buy,400,2023-06-26,2023-06-27,12.630317699999997,filled,filled,2023-06-27
O001249,000046.SZ,buy,300,2023-06-26,2023-06-27,17.105788699999998,filled,filled,2023-06-27
O001250,000027.SZ,sell,2200,2023-06-27,,0.0,pending,submitted,2023-06-27
O001251,000003.SZ,buy,500,2023-06-27,,0.0,pending,submitted,2023-06-27
O001252,000007.SZ,buy,600,2023-06-27,,0.0,pending,submitted,2023-06-27
O001253,000011.SZ,buy,700,2023-06-27,,0.0,pending,submitted,2023-06-27
O001254,000014.SZ,buy,600,2023-06-27,,0.0,pending,submitted,2023-06-27
O001255,000026.SZ,buy,700,2023-06-27,,0.0,pending,submitted,2023-06-27
O001256,000028.SZ,buy,700,2023-06-27,,0.0,pending,submitted,2023-06-27
O001257,000034.SZ,buy,800,2023-06-27,,0.0,pending,submitted,2023-06-27
O001258,000040.SZ,buy,500,2023-06-27,,0.0,pending,submitted,2023-06-27
O001259,000041.SZ,buy,600,2023-06-27,,0.0,pending,submitted,2023-06-27
O001260,000046.SZ,buy,400,2023-06-27,,0.0,pending,submitted,2023-06-27
O001250,000027.SZ,sell,2200,2023-06-27,2023-06-28,9.3361545,filled,filled,2023-06-28
O001251,000003.SZ,buy,500,2023-06-27,2023-06-28,13.522909399999998,filled,filled,2023-06-28
O001252,000007.SZ,buy,600,2023-06-27,2023-06-28,12.704792099999999,filled,filled,2023-06-28
O001253,000011.SZ,buy,700,2023-06-27,2023-06-28,10.886175299999998,filled,filled,2023-06-28
O001254,000014.SZ,buy,600,2023-06-27,2023-06-28,12.7509382,filled,filled,2023-06-28
O001255,000026.SZ,buy,700,2023-06-27,2023-06-28,11.4837723,filled,filled,2023-06-28
O001256,000028.SZ,buy,700,2023-06-27,2023-06-28,10.3427324,filled,filled,2023-06-28
O001257,000034.SZ,buy,800,2023-06-27,2023-06-28,9.183674499999999,filled,filled,2023-06-28
O001258,000040.SZ,buy,500,2023-06-27,2023-06-28,13.654240599999998,filled,filled,2023-06-28
O001259,000041.SZ,buy,600,2023-06-27,2023-06-28,12.901888999999997,filled,filled,2023-06-28
O001260,000046.SZ,buy,400,2023-06-27,2023-06-28,16.988671699999998,filled,filled,2023-06-28
O001261,000016.SZ,sell,9600,2023-06-28,,0.0,pending,submitted,2023-06-28
O001262,000018.SZ,sell,3000,2023-06-28,,0.0,pending,submitted,2023-06-28
O001263,000003.SZ,buy,200,2023-06-28,,0.0,pending,submitted,2023-06-28
O001264,000007.SZ,buy,200,2023-06-28,,0.0,pending,submitted,2023-06-28
O001265,000008.SZ,buy,300,2023-06-28,,0.0,pending,submitted,2023-06-28
O001266,000011.SZ,buy,200,2023-06-28,,0.0,pending,submitted,2023-06-28
O001267,000017.SZ,buy,200,2023-06-28,,0.0,pending,submitted,2023-06-28
O001268,000026.SZ,buy,200,2023-06-28,,0.0,pending,submitted,2023-06-28
O001269,000028.SZ,buy,200,2023-06-28,,0.0,pending,submitted,2023-06-28
O001270,000030.SZ,buy,200,2023-06-28,,0.0,pending,submitted,2023-06-28
O001271,000032.SZ,buy,400,2023-06-28,,0.0,pending,submitted,2023-06-28
O001272,000046.SZ,buy,100,2023-06-28,,0.0,pending,submitted,2023-06-28
O001261,000016.SZ,sell,9600,2023-06-28,2023-06-29,7.1998929,filled,filled,2023-06-29
O001262,000018.SZ,sell,3000,2023-06-28,2023-06-29,10.9018872,filled,filled,2023-06-29
O001263,000003.SZ,buy,200,2023-06-28,2023-06-29,13.403490099999999,filled,filled,2023-06-29
O001264,000007.SZ,buy,200,2023-06-28,2023-06-29,13.542929399999998,filled,filled,2023-06-29
O001265,000008.SZ,buy,300,2023-06-28,2023-06-29,9.203093899999999,filled,filled,2023-06-29
O001266,000011.SZ,buy,200,2023-06-28,2023-06-29,11.070659599999999,filled,filled,2023-06-29
O001267,000017.SZ,buy,200,2023-06-28,2023-06-29,11.086875799999998,filled,filled,2023-06-29
O001268,000026.SZ,buy,200,2023-06-28,2023-06-29,11.732420699999999,filled,filled,2023-06-29
O001269,000028.SZ,buy,200,2023-06-28,2023-06-29,10.583573,filled,filled,2023-06-29
O001270,000030.SZ,buy,200,2023-06-28,2023-06-29,10.1443342,filled,filled,2023-06-29
O001271,000032.SZ,buy,400,2023-06-28,2023-06-29,6.966959999999999,filled,filled,2023-06-29
O001272,000046.SZ,buy,100,2023-06-28,2023-06-29,17.330012699999997,filled,filled,2023-06-29
O001273,000020.SZ,sell,3600,2023-06-29,,0.0,pending,submitted,2023-06-29
O001274,000003.SZ,buy,700,2023-06-29,,0.0,pending,submitted,2023-06-29
O001275,000011.SZ,buy,900,2023-06-29,,0.0,pending,submitted,2023-06-29
O001276,000012.SZ,buy,600,2023-06-29,,0.0,pending,submitted,2023-06-29
O001277,000013.SZ,buy,900,2023-06-29,,0.0,pending,submitted,2023-06-29
O001278,000017.SZ,buy,800,2023-06-29,,0.0,pending,submitted,2023-06-29
O001279,000023.SZ,buy,900,2023-06-29,,0.0,pending,submitted,2023-06-29
O001280,000026.SZ,buy,800,2023-06-29,,0.0,pending,submitted,2023-06-29
O001281,000028.SZ,buy,900,2023-06-29,,0.0,pending,submitted,2023-06-29
O001282,000032.SZ,buy,1400,2023-06-29,,0.0,pending,submitted,2023-06-29
O001283,000044.SZ,buy,900,2023-06-29,,0.0,pending,submitted,2023-06-29
O001273,000020.SZ,sell,3600,2023-06-29,2023-06-30,8.070621299999999,filled,filled,2023-06-30
O001274,000003.SZ,buy,700,2023-06-29,2023-06-30,13.475261799999998,filled,filled,2023-06-30
O001275,000011.SZ,buy,900,2023-06-29,2023-06-30,11.3055943,filled,filled,2023-06-30
O001276,000012.SZ,buy,600,2023-06-29,2023-06-30,15.563648099999998,filled,filled,2023-06-30
O001277,000013.SZ,buy,900,2023-06-29,2023-06-30,11.097986899999999,filled,filled,2023-06-30
O001278,000017.SZ,buy,800,2023-06-29,2023-06-30,11.719707999999999,filled,filled,2023-06-30
O001279,000023.SZ,buy,900,2023-06-29,2023-06-30,10.4805701,filled,filled,2023-06-30
O001280,000026.SZ,buy,800,2023-06-29,2023-06-30,11.9744625,filled,filled,2023-06-30
O001281,000028.SZ,buy,900,2023-06-29,2023-06-30,10.5341236,filled,filled,2023-06-30
O001282,000032.SZ,buy,1400,2023-06-29,2023-06-30,6.961955,filled,filled,2023-06-30
O001283,000044.SZ,buy,900,2023-06-29,2023-06-30,10.767756999999998,filled,filled,2023-06-30
O001284,000005.SZ,buy,300,2023-06-30,,0.0,pending,submitted,2023-06-30
O001285,000007.SZ,buy,300,2023-06-30,,0.0,pending,submitted,2023-06-30
O001286,000008.SZ,buy,400,2023-06-30,,0.0,pending,submitted,2023-06-30
O001287,000011.SZ,buy,300,2023-06-30,,0.0,pending,submitted,2023-06-30
O001288,000017.SZ,buy,300,2023-06-30,,0.0,pending,submitted,2023-06-30
O001289,000026.SZ,buy,300,2023-06-30,,0.0,pending,submitted,2023-06-30
O001290,000031.SZ,buy,300,2023-06-30,,0.0,pending,submitted,2023-06-30
O001291,000032.SZ,buy,500,2023-06-30,,0.0,pending,submitted,2023-06-30
O001292,000043.SZ,buy,400,2023-06-30,,0.0,pending,submitted,2023-06-30
O001293,000044.SZ,buy,300,2023-06-30,,0.0,pending,submitted,2023-06-30
O001284,000005.SZ,buy,300,2023-06-30,2023-07-03,12.079967899999998,filled,filled,2023-07-03
O001285,000007.SZ,buy,300,2023-06-30,2023-07-03,13.248134899999998,filled,filled,2023-07-03
O001286,000008.SZ,buy,400,2023-06-30,2023-07-03,8.930721799999999,filled,filled,2023-07-03
O001287,000011.SZ,buy,300,2023-06-30,2023-07-03,11.291880599999999,filled,filled,2023-07-03
O001288,000017.SZ,buy,300,2023-06-30,2023-07-03,11.766254499999999,filled,filled,2023-07-03
O001289,000026.SZ,buy,300,2023-06-30,2023-07-03,11.680168499999999,filled,filled,2023-07-03
O001290,000031.SZ,buy,300,2023-06-30,2023-07-03,10.114704599999998,filled,filled,2023-07-03
O001291,000032.SZ,buy,500,2023-06-30,2023-07-03,7.120413299999999,filled,filled,2023-07-03
O001292,000043.SZ,buy,400,2023-06-30,2023-07-03,10.087977899999998,filled,filled,2023-07-03
O001293,000044.SZ,buy,300,2023-06-30,2023-07-03,10.856245399999999,filled,filled,2023-07-03
O001294,000022.SZ,sell,1400,2023-07-03,,0.0,pending,submitted,2023-07-03
O001295,000023.SZ,sell,900,2023-07-03,,0.0,pending,submitted,2023-07-03
O001294,000022.SZ,sell,1400,2023-07-03,2023-07-04,7.396596,filled,filled,2023-07-04
O001295,000023.SZ,sell,900,2023-07-03,2023-07-04,9.9619281,filled,filled,2023-07-04
O001296,000012.SZ,sell,600,2023-07-04,,0.0,pending,submitted,2023-07-04
O001297,000001.SZ,buy,200,2023-07-04,,0.0,pending,submitted,2023-07-04
O001298,000011.SZ,buy,200,2023-07-04,,0.0,pending,submitted,2023-07-04
O001299,000026.SZ,buy,200,2023-07-04,,0.0,pending,submitted,2023-07-04
O001300,000031.SZ,buy,200,2023-07-04,,0.0,pending,submitted,2023-07-04
O001301,000035.SZ,buy,200,2023-07-04,,0.0,pending,submitted,2023-07-04
O001302,000038.SZ,buy,100,2023-07-04,,0.0,pending,submitted,2023-07-04
O001303,000040.SZ,buy,100,2023-07-04,,0.0,pending,submitted,2023-07-04
O001304,000042.SZ,buy,200,2023-07-04,,0.0,pending,submitted,2023-07-04
O001305,000043.SZ,buy,200,2023-07-04,,0.0,pending,submitted,2023-07-04
O001306,000044.SZ,buy,200,2023-07-04,,0.0,pending,submitted,2023-07-04
O001296,000012.SZ,sell,600,2023-07-04,2023-07-05,14.6081772,filled,filled,2023-07-05
O001297,000001.SZ,buy,200,2023-07-04,2023-07-05,11.323011699999999,filled,filled,2023-07-05
O001298,000011.SZ,buy,200,2023-07-04,2023-07-05,11.298186899999997,filled,filled,2023-07-05
O001299,000026.SZ,buy,200,2023-07-04,2023-07-05,11.983171199999997,filled,filled,2023-07-05
O001300,000031.SZ,buy,200,2023-07-04,2023-07-05,10.2906804,filled,filled,2023-07-05
O001301,000035.SZ,buy,200,2023-07-04,2023-07-05,9.404294899999998,filled,filled,2023-07-05
O001302,000038.SZ,buy,100,2023-07-04,2023-07-05,14.893678799999998,filled,filled,2023-07-05
O001303,000040.SZ,buy,100,2023-07-04,2023-07-05,14.529815299999997,filled,filled,2023-07-05
O001304,000042.SZ,buy,200,2023-07-04,2023-07-05,8.496488,filled,filled,2023-07-05
O001305,000043.SZ,buy,200,2023-07-04,2023-07-05,10.189579399999998,filled,filled,2023-07-05
O001306,000044.SZ,buy,200,2023-07-04,2023-07-05,11.200289099999999,filled,filled,2023-07-05
O001307,000014.SZ,sell,2000,2023-07-05,,0.0,pending,submitted,2023-07-05
O001308,000019.SZ,sell,400,2023-07-05,,0.0,pending,submitted,2023-07-05
O001309,000028.SZ,sell,3100,2023-07-05,,0.0,pending,submitted,2023-07-05
O001310,000003.SZ,buy,100,2023-07-05,,0.0,pending,submitted,2023-07-05
O001311,000017.SZ,buy,100,2023-07-05,,0.0,pending,submitted,2023-07-05
O001312,000018.SZ,buy,100,2023-07-05,,0.0,pending,submitted,2023-07-05
O001313,000031.SZ,buy,100,2023-07-05,,0.0,pending,submitted,2023-07-05
O001314,000032.SZ,buy,200,2023-07-05,,0.0,pending,submitted,2023-07-05
O001315,000043.SZ,buy,100,2023-07-05,,0.0,pending,submitted,2023-07-05
O001316,000044.SZ,buy,100,2023-07-05,,0.0,pending,submitted,2023-07-05
O001307,000014.SZ,sell,2000,2023-07-05,2023-07-06,12.412575,filled,filled,2023-07-06
O001308,000019.SZ,sell,400,2023-07-05,2023-07-06,12.684303,filled,filled,2023-07-06
O001309,000028.SZ,sell,3100,2023-07-05,2023-07-06,9.7055847,filled,filled,2023-07-06
O001310,000003.SZ,buy,100,2023-07-05,2023-07-06,14.176562399999998,filled,filled,2023-07-06
O001311,000017.SZ,buy,100,2023-07-05,2023-07-06,11.571660099999999,filled,filled,2023-07-06
O001312,000018.SZ,buy,100,2023-07-05,2023-07-06,11.495784299999999,filled,filled,2023-07-06
O001313,000031.SZ,buy,100,2023-07-05,2023-07-06,10.102992899999998,filled,filled,2023-07-06
O001314,000032.SZ,buy,200,2023-07-05,2023-07-06,7.2377305,filled,filled,2023-07-06
O001315,000043.SZ,buy,100,2023-07-05,2023-07-06,10.581971399999999,filled,filled,2023-07-06
O001316,000044.SZ,buy,100,2023-07-05,2023-07-06,11.614602999999999,filled,filled,2023-07-06
O001317,000026.SZ,sell,7800,2023-07-06,,0.0,pending,submitted,2023-07-06
O001318,000047.SZ,sell,2500,2023-07-06,,0.0,pending,submitted,2023-07-06
O001319,000002.SZ,buy,900,2023-07-06,,0.0,pending,submitted,2023-07-06
O001320,000003.SZ,buy,400,2023-07-06,,0.0,pending,submitted,2023-07-06
O001321,000005.SZ,buy,400,2023-07-06,,0.0,pending,submitted,2023-07-06
O001322,000010.SZ,buy,700,2023-07-06,,0.0,pending,submitted,2023-07-06
O001323,000016.SZ,buy,800,2023-07-06,,0.0,pending,submitted,2023-07-06
O001324,000034.SZ,buy,600,2023-07-06,,0.0,pending,submitted,2023-07-06
O001325,000040.SZ,buy,400,2023-07-06,,0.0,pending,submitted,2023-07-06
O001326,000043.SZ,buy,500,2023-07-06,,0.0,pending,submitted,2023-07-06
O001327,000044.SZ,buy,500,2023-07-06,,0.0,pending,submitted,2023-07-06
O001328,000046.SZ,buy,300,2023-07-06,,0.0,pending,submitted,2023-07-06
O001317,000026.SZ,sell,7800,2023-07-06,2023-07-07,11.6818065,filled,filled,2023-07-07
O001318,000047.SZ,sell,2500,2023-07-06,2023-07-07,12.2762115,filled,filled,2023-07-07
O001319,000002.SZ,buy,900,2023-07-06,2023-07-07,6.4163099,filled,filled,2023-07-07
O001320,000003.SZ,buy,400,2023-07-06,2023-07-07,14.131016899999997,filled,filled,2023-07-07
O001321,000005.SZ,buy,400,2023-07-06,2023-07-07,12.8130002,filled,filled,2023-07-07
O001322,000010.SZ,buy,700,2023-07-06,2023-07-07,8.8629541,filled,filled,2023-07-07
O001323,000016.SZ,buy,800,2023-07-06,2023-07-07,7.444737299999999,filled,filled,2023-07-07
O001324,000034.SZ,buy,600,2023-07-06,2023-07-07,9.181172,filled,filled,2023-07-07
O001325,000040.SZ,buy,400,2023-07-06,2023-07-07,15.206491299999998,filled,filled,2023-07-07
O001326,000043.SZ,buy,500,2023-07-06,2023-07-07,10.624914299999999,filled,filled,2023-07-07
O001327,000044.SZ,buy,500,2023-07-06,2023-07-07,11.565754199999999,filled,filled,2023-07-07
O001328,000046.SZ,buy,300,2023-07-06,2023-07-07,18.4355171,filled,filled,2023-07-07
O001329,000008.SZ,sell,700,2023-07-07,,0.0,pending,submitted,2023-07-07
O001330,000002.SZ,buy,1800,2023-07-07,,0.0,pending,submitted,2023-07-07
O001331,000009.SZ,buy,1000,2023-07-07,,0.0,pending,submitted,2023-07-07
O001332,000010.SZ,buy,1300,2023-07-07,,0.0,pending,submitted,2023-07-07
O001333,000011.SZ,buy,1000,2023-07-07,,0.0,pending,submitted,2023-07-07
O001334,000016.SZ,buy,1600,2023-07-07,,0.0,pending,submitted,2023-07-07
O001335,000040.SZ,buy,800,2023-07-07,,0.0,pending,submitted,2023-07-07
O001336,000041.SZ,buy,900,2023-07-07,,0.0,pending,submitted,2023-07-07
O001337,000043.SZ,buy,1100,2023-07-07,,0.0,pending,submitted,2023-07-07
O001338,000044.SZ,buy,1000,2023-07-07,,0.0,pending,submitted,2023-07-07
O001339,000046.SZ,buy,600,2023-07-07,,0.0,pending,submitted,2023-07-07
O001329,000008.SZ,sell,700,2023-07-07,2023-07-10,8.5881033,filled,filled,2023-07-10
O001330,000002.SZ,buy,1800,2023-07-07,2023-07-10,6.7570502999999995,filled,filled,2023-07-10
O001331,000009.SZ,buy,1000,2023-07-07,2023-07-10,11.941329399999997,filled,filled,2023-07-10
O001332,000010.SZ,buy,1300,2023-07-07,2023-07-10,9.1385294,filled,filled,2023-07-10
O001333,000011.SZ,buy,1000,2023-07-07,2023-07-10,11.740028299999999,filled,filled,2023-07-10
O001334,000016.SZ,buy,1600,2023-07-07,2023-07-10,7.422114699999999,filled,filled,2023-07-10
O001335,000040.SZ,buy,800,2023-07-07,2023-07-10,15.233117899999998,filled,filled,2023-07-10
O001336,000041.SZ,buy,900,2023-07-07,2023-07-10,12.891979099999999,filled,filled,2023-07-10
O001337,000043.SZ,buy,1100,2023-07-07,2023-07-10,10.673963299999999,filled,filled,2023-07-10
O001338,000044.SZ,buy,1000,2023-07-07,2023-07-10,11.8369251,filled,filled,2023-07-10
O001339,000046.SZ,buy,600,2023-07-07,2023-07-10,18.347629299999998,filled,filled,2023-07-10
O001340,000018.SZ,sell,100,2023-07-10,,0.0,pending,submitted,2023-07-10
O001341,000031.SZ,sell,600,2023-07-10,,0.0,pending,submitted,2023-07-10
O001342,000010.SZ,buy,200,2023-07-10,,0.0,pending,submitted,2023-07-10
O001343,000011.SZ,buy,100,2023-07-10,,0.0,pending,submitted,2023-07-10
O001344,000016.SZ,buy,200,2023-07-10,,0.0,pending,submitted,2023-07-10
O001345,000029.SZ,buy,200,2023-07-10,,0.0,pending,submitted,2023-07-10
O001346,000032.SZ,buy,200,2023-07-10,,0.0,pending,submitted,2023-07-10
O001347,000033.SZ,buy,100,2023-07-10,,0.0,pending,submitted,2023-07-10
O001348,000040.SZ,buy,100,2023-07-10,,0.0,pending,submitted,2023-07-10
O001349,000043.SZ,buy,100,2023-07-10,,0.0,pending,submitted,2023-07-10
O001350,000046.SZ,buy,100,2023-07-10,,0.0,pending,submitted,2023-07-10
O001351,000048.SZ,buy,200,2023-07-10,,0.0,pending,submitted,2023-07-10
O001340,000018.SZ,sell,100,2023-07-10,2023-07-11,10.527362100000001,filled,filled,2023-07-11
O001341,000031.SZ,sell,600,2023-07-10,2023-07-11,9.6716187,filled,filled,2023-07-11
O001342,000010.SZ,buy,200,2023-07-10,2023-07-11,9.084775699999998,filled,filled,2023-07-11
O001343,000011.SZ,buy,100,2023-07-10,2023-07-11,11.781870099999997,filled,filled,2023-07-11
O001344,000016.SZ,buy,200,2023-07-10,2023-07-11,7.563255699999999,filled,filled,2023-07-11
O001345,000029.SZ,buy,200,2023-07-10,2023-07-11,8.925916999999998,filled,filled,2023-07-11
O001346,000032.SZ,buy,200,2023-07-10,2023-07-11,7.558050499999999,filled,filled,2023-07-11
O001347,000033.SZ,buy,100,2023-07-10,2023-07-11,12.4663539,filled,filled,2023-07-11
O001348,000040.SZ,buy,100,2023-07-10,2023-07-11,15.295079799999998,filled,filled,2023-07-11
O001349,000043.SZ,buy,100,2023-07-10,2023-07-11,10.8910802,filled,filled,2023-07-11
O001350,000046.SZ,buy,100,2023-07-10,2023-07-11,17.991473499999998,filled,filled,2023-07-11
O001351,000048.SZ,buy,200,2023-07-10,2023-07-11,7.375468099999999,filled,filled,2023-07-11
O001352,000013.SZ,sell,3700,2023-07-11,,0.0,pending,submitted,2023-07-11
O001353,000035.SZ,sell,200,2023-07-11,,0.0,pending,submitted,2023-07-11
O001354,000004.SZ,buy,100,2023-07-11,,0.0,pending,submitted,2023-07-11
O001355,000010.SZ,buy,100,2023-07-11,,0.0,pending,submitted,2023-07-11
O001356,000016.SZ,buy,100,2023-07-11,,0.0,pending,submitted,2023-07-11
O001357,000029.SZ,buy,100,2023-07-11,,0.0,pending,submitted,2023-07-11
O001358,000032.SZ,buy,100,2023-07-11,,0.0,pending,submitted,2023-07-11
O001359,000050.SZ,buy,100,2023-07-11,,0.0,pending,submitted,2023-07-11
O001352,000013.SZ,sell,3700,2023-07-11,2023-07-12,10.427262299999999,filled,filled,2023-07-12
O001353,000035.SZ,sell,200,2023-07-11,2023-07-12,8.813177999999999,filled,filled,2023-07-12
O001354,000004.SZ,buy,100,2023-07-11,2023-07-12,10.327517199999999,filled,filled,2023-07-12
O001355,000010.SZ,buy,100,2023-07-11,2023-07-12,9.1970879,filled,filled,2023-07-12
O001356,000016.SZ,buy,100,2023-07-11,2023-07-12,7.625517899999998,filled,filled,2023-07-12
O001357,000029.SZ,buy,100,2023-07-11,2023-07-12,9.286977699999998,filled,filled,2023-07-12
O001358,000032.SZ,buy,100,2023-07-11,2023-07-12,7.666658999999999,filled,filled,2023-07-12
O001359,000050.SZ,buy,100,2023-07-11,2023-07-12,8.611002399999999,filled,filled,2023-07-12
O001360,000030.SZ,sell,200,2023-07-12,,0.0,pending,submitted,2023-07-12
O001361,000002.SZ,buy,600,2023-07-12,,0.0,pending,submitted,2023-07-12
O001362,000004.SZ,buy,400,2023-07-12,,0.0,pending,submitted,2023-07-12
O001363,000009.SZ,buy,300,2023-07-12,,0.0,pending,submitted,2023-07-12
O001364,000010.SZ,buy,400,2023-07-12,,0.0,pending,submitted,2023-07-12
O001365,000012.SZ,buy,200,2023-07-12,,0.0,pending,submitted,2023-07-12
O001366,000016.SZ,buy,500,2023-07-12,,0.0,pending,submitted,2023-07-12
O001367,000029.SZ,buy,400,2023-07-12,,0.0,pending,submitted,2023-07-12
O001368,000032.SZ,buy,500,2023-07-12,,0.0,pending,submitted,2023-07-12
O001369,000049.SZ,buy,400,2023-07-12,,0.0,pending,submitted,2023-07-12
O001370,000050.SZ,buy,500,2023-07-12,,0.0,pending,submitted,2023-07-12
O001360,000030.SZ,sell,200,2023-07-12,2023-07-13,9.4988916,filled,filled,2023-07-13
O001361,000002.SZ,buy,600,2023-07-12,2023-07-13,6.669663,filled,filled,2023-07-13
O001362,000004.SZ,buy,400,2023-07-12,2023-07-13,10.4427323,filled,filled,2023-07-13
O001363,000009.SZ,buy,300,2023-07-12,2023-07-13,12.211399199999999,filled,filled,2023-07-13
O001364,000010.SZ,buy,400,2023-07-12,2023-07-13,9.731021299999998,filled,filled,2023-07-13
O001365,000012.SZ,buy,200,2023-07-12,2023-07-13,14.798383599999998,filled,filled,2023-07-13
O001366,000016.SZ,buy,500,2023-07-12,2023-07-13,7.742835099999999,filled,filled,2023-07-13
O001367,000029.SZ,buy,400,2023-07-12,2023-07-13,8.939930999999998,filled,filled,2023-07-13
O001368,000032.SZ,buy,500,2023-07-12,2023-07-13,7.8772693999999985,filled,filled,2023-07-13
O001369,000049.SZ,buy,400,2023-07-12,2023-07-13,9.6393297,filled,filled,2023-07-13
O001370,000050.SZ,buy,500,2023-07-12,2023-07-13,8.7318231,filled,filled,2023-07-13
O001371,000046.SZ,sell,12200,2023-07-13,,0.0,pending,submitted,2023-07-13
O001372,000002.SZ,buy,100,2023-07-13,,0.0,pending,submitted,2023-07-13
O001373,000029.SZ,buy,100,2023-07-13,,0.0,pending,submitted,2023-07-13
O001374,000032.SZ,buy,100,2023-07-13,,0.0,pending,submitted,2023-07-13
O001375,000050.SZ,buy,100,2023-07-13,,0.0,pending,submitted,2023-07-13
O001371,000046.SZ,sell,12200,2023-07-13,2023-07-14,17.6362461,filled,filled,2023-07-14
O001372,000002.SZ,buy,100,2023-07-13,2023-07-14,6.7327259999999995,filled,filled,2023-07-14
O001373,000029.SZ,buy,100,2023-07-13,2023-07-14,8.987178199999999,filled,filled,2023-07-14
O001374,000032.SZ,buy,100,2023-07-13,2023-07-14,7.847940099999999,filled,filled,2023-07-14
O001375,000050.SZ,buy,100,2023-07-13,2023-07-14,8.853344499999999,filled,filled,2023-07-14
O001376,000002.SZ,sell,3400,2023-07-14,,0.0,pending,submitted,2023-07-14
O001377,000004.SZ,buy,1900,2023-07-14,,0.0,pending,submitted,2023-07-14
O001378,000009.SZ,buy,1600,2023-07-14,,0.0,pending,submitted,2023-07-14
O001379,000010.SZ,buy,2000,2023-07-14,,0.0,pending,submitted,2023-07-14
O001380,000012.SZ,buy,1300,2023-07-14,,0.0,pending,submitted,2023-07-14
O001381,000019.SZ,buy,1600,2023-07-14,,0.0,pending,submitted,2023-07-14
O001382,000024.SZ,buy,2900,2023-07-14,,0.0,pending,submitted,2023-07-14
O001383,000032.SZ,buy,2700,2023-07-14,,0.0,pending,submitted,2023-07-14
O001384,000043.SZ,buy,1800,2023-07-14,,0.0,pending,submitted,2023-07-14
O001385,000049.SZ,buy,2100,2023-07-14,,0.0,pending,submitted,2023-07-14
O001386,000050.SZ,buy,2300,2023-07-14,,0.0,pending,submitted,2023-07-14
O001376,000002.SZ,sell,3400,2023-07-14,2023-07-17,6.3730206,filled,filled,2023-07-17
O001377,000004.SZ,buy,1900,2023-07-14,2023-07-17,10.836625799999998,filled,filled,2023-07-17
O001378,000009.SZ,buy,1600,2023-07-14,2023-07-17,12.8867739,filled,filled,2023-07-17
O001379,000010.SZ,buy,2000,2023-07-14,2023-07-17,10.5118013,filled,filled,2023-07-17
O001380,000012.SZ,buy,1300,2023-07-14,2023-07-17,15.403287899999999,filled,filled,2023-07-17
O001381,000019.SZ,buy,1600,2023-07-14,2023-07-17,13.0318188,filled,filled,2023-07-17
O001382,000024.SZ,buy,2900,2023-07-14,2023-07-17,7.229722499999999,filled,filled,2023-07-17
O001383,000032.SZ,buy,2700,2023-07-14,2023-07-17,7.764556799999999,filled,filled,2023-07-17
O001384,000043.SZ,buy,1800,2023-07-14,2023-07-17,11.377365999999999,filled,filled,2023-07-17
O001385,000049.SZ,buy,2100,2023-07-14,2023-07-17,9.8051954,filled,filled,2023-07-17
O001386,000050.SZ,buy,2300,2023-07-14,2023-07-17,9.025916899999999,filled,filled,2023-07-17
O001387,000015.SZ,sell,5900,2023-07-17,,0.0,pending,submitted,2023-07-17
O001388,000041.SZ,sell,6400,2023-07-17,,0.0,pending,submitted,2023-07-17
O001389,000008.SZ,buy,300,2023-07-17,,0.0,pending,submitted,2023-07-17
O001390,000010.SZ,buy,300,2023-07-17,,0.0,pending,submitted,2023-07-17
O001391,000012.SZ,buy,200,2023-07-17,,0.0,pending,submitted,2023-07-17
O001392,000019.SZ,buy,200,2023-07-17,,0.0,pending,submitted,2023-07-17
O001393,000024.SZ,buy,400,2023-07-17,,0.0,pending,submitted,2023-07-17
O001394,000025.SZ,buy,200,2023-07-17,,0.0,pending,submitted,2023-07-17
O001395,000028.SZ,buy,300,2023-07-17,,0.0,pending,submitted,2023-07-17
O001396,000032.SZ,buy,400,2023-07-17,,0.0,pending,submitted,2023-07-17
O001397,000049.SZ,buy,300,2023-07-17,,0.0,pending,submitted,2023-07-17
O001398,000050.SZ,buy,300,2023-07-17,,0.0,pending,submitted,2023-07-17
O001387,000015.SZ,sell,5900,2023-07-17,2023-07-18,12.0904974,filled,filled,2023-07-18
O001388,000041.SZ,sell,6400,2023-07-17,2023-07-18,12.2920956,filled,filled,2023-07-18
O001389,000008.SZ,buy,300,2023-07-17,2023-07-18,8.932823899999999,filled,filled,2023-07-18
O001390,000010.SZ,buy,300,2023-07-17,2023-07-18,10.5490385,filled,filled,2023-07-18
O001391,000012.SZ,buy,200,2023-07-17,2023-07-18,15.7578421,filled,filled,2023-07-18
O001392,000019.SZ,buy,200,2023-07-17,2023-07-18,12.9753624,filled,filled,2023-07-18
O001393,000024.SZ,buy,400,2023-07-17,2023-07-18,7.314907599999999,filled,filled,2023-07-18
O001394,000025.SZ,buy,200,2023-07-17,2023-07-18,13.5231096,filled,filled,2023-07-18
O001395,000028.SZ,buy,300,2023-07-17,2023-07-18,10.093082999999998,filled,filled,2023-07-18
O001396,000032.SZ,buy,400,2023-07-17,2023-07-18,7.756248499999999,filled,filled,2023-07-18
O001397,000049.SZ,buy,300,2023-07-17,2023-07-18,10.0409309,filled,filled,2023-07-18
O001398,000050.SZ,buy,300,2023-07-17,2023-07-18,9.315105799999998,filled,filled,2023-07-18
O001399,000003.SZ,buy,900,2023-07-18,,0.0,pending,submitted,2023-07-18
O001400,000010.SZ,buy,1400,2023-07-18,,0.0,pending,submitted,2023-07-18
O001401,000012.SZ,buy,900,2023-07-18,,0.0,pending,submitted,2023-07-18
O001402,000019.SZ,buy,1100,2023-07-18,,0.0,pending,submitted,2023-07-18
O001403,000024.SZ,buy,1900,2023-07-18,,0.0,pending,submitted,2023-07-18
O001404,000025.SZ,buy,1100,2023-07-18,,0.0,pending,submitted,2023-07-18
O001405,000028.SZ,buy,1400,2023-07-18,,0.0,pending,submitted,2023-07-18
O001406,000030.SZ,buy,1400,2023-07-18,,0.0,pending,submitted,2023-07-18
O001407,000040.SZ,buy,900,2023-07-18,,0.0,pending,submitted,2023-07-18
O001408,000050.SZ,buy,1600,2023-07-18,,0.0,pending,submitted,2023-07-18
O001399,000003.SZ,buy,900,2023-07-18,2023-07-19,15.0087938,filled,filled,2023-07-19
O001400,000010.SZ,buy,1400,2023-07-18,2023-07-19,10.452742299999999,filled,filled,2023-07-19
O001401,000012.SZ,buy,900,2023-07-18,2023-07-19,15.072157099999998,filled,filled,2023-07-19
O001402,000019.SZ,buy,1100,2023-07-18,2023-07-19,12.923210299999997,filled,filled,2023-07-19
O001403,000024.SZ,buy,1900,2023-07-18,2023-07-19,7.4672598,filled,filled,2023-07-19
O001404,000025.SZ,buy,1100,2023-07-18,2023-07-19,13.4379245,filled,filled,2023-07-19
O001405,000028.SZ,buy,1400,2023-07-18,2023-07-19,10.113803699999998,filled,filled,2023-07-19
O001406,000030.SZ,buy,1400,2023-07-18,2023-07-19,10.2301199,filled,filled,2023-07-19
O001407,000040.SZ,buy,900,2023-07-18,2023-07-19,15.519904399999998,filled,filled,2023-07-19
O001408,000050.SZ,buy,1600,2023-07-18,2023-07-19,9.285175899999999,filled,filled,2023-07-19
O001409,000004.SZ,buy,100,2023-07-19,,0.0,pending,submitted,2023-07-19
O001410,000010.SZ,buy,100,2023-07-19,,0.0,pending,submitted,2023-07-19
O001411,000021.SZ,buy,100,2023-07-19,,0.0,pending,submitted,2023-07-19
O001412,000024.SZ,buy,100,2023-07-19,,0.0,pending,submitted,2023-07-19
O001413,000025.SZ,buy,100,2023-07-19,,0.0,pending,submitted,2023-07-19
O001414,000028.SZ,buy,100,2023-07-19,,0.0,pending,submitted,2023-07-19
O001415,000030.SZ,buy,100,2023-07-19,,0.0,pending,submitted,2023-07-19
O001416,000031.SZ,buy,100,2023-07-19,,0.0,pending,submitted,2023-07-19
O001417,000032.SZ,buy,100,2023-07-19,,0.0,pending,submitted,2023-07-19
O001418,000050.SZ,buy,100,2023-07-19,,0.0,pending,submitted,2023-07-19
O001409,000004.SZ,buy,100,2023-07-19,2023-07-20,10.7286179,filled,filled,2023-07-20
O001410,000010.SZ,buy,100,2023-07-19,2023-07-20,10.068958899999998,filled,filled,2023-07-20
O001411,000021.SZ,buy,100,2023-07-19,2023-07-20,11.168457299999998,filled,filled,2023-07-20
O001412,000024.SZ,buy,100,2023-07-19,2023-07-20,7.3407333999999995,filled,filled,2023-07-20
O001413,000025.SZ,buy,100,2023-07-19,2023-07-20,13.162849699999997,filled,filled,2023-07-20
O001414,000028.SZ,buy,100,2023-07-19,2023-07-20,10.492481999999999,filled,filled,2023-07-20
O001415,000030.SZ,buy,100,2023-07-19,2023-07-20,9.849839999999999,filled,filled,2023-07-20
O001416,000031.SZ,buy,100,2023-07-19,2023-07-20,9.800790999999998,filled,filled,2023-07-20
O001417,000032.SZ,buy,100,2023-07-19,2023-07-20,8.0298218,filled,filled,2023-07-20
O001418,000050.SZ,buy,100,2023-07-19,2023-07-20,9.309099799999998,filled,filled,2023-07-20
O001419,000008.SZ,sell,300,2023-07-20,,0.0,pending,submitted,2023-07-20
O001419,000008.SZ,sell,300,2023-07-20,2023-07-21,8.1200718,filled,filled,2023-07-21
O001420,000011.SZ,sell,10200,2023-07-21,,0.0,pending,submitted,2023-07-21
O001421,000044.SZ,sell,3000,2023-07-21,,0.0,pending,submitted,2023-07-21
O001420,000011.SZ,sell,10200,2023-07-21,2023-07-24,10.6078815,filled,filled,2023-07-24
O001421,000044.SZ,sell,3000,2023-07-21,2023-07-24,10.738850399999999,filled,filled,2023-07-24
O001422,000012.SZ,sell,2600,2023-07-24,,0.0,pending,submitted,2023-07-24
O001423,000019.SZ,sell,2900,2023-07-24,,0.0,pending,submitted,2023-07-24
O001424,000030.SZ,sell,1500,2023-07-24,,0.0,pending,submitted,2023-07-24
O001425,000040.SZ,sell,10800,2023-07-24,,0.0,pending,submitted,2023-07-24
O001426,000001.SZ,buy,1200,2023-07-24,,0.0,pending,submitted,2023-07-24
O001427,000002.SZ,buy,2000,2023-07-24,,0.0,pending,submitted,2023-07-24
O001428,000004.SZ,buy,1200,2023-07-24,,0.0,pending,submitted,2023-07-24
O001429,000007.SZ,buy,1000,2023-07-24,,0.0,pending,submitted,2023-07-24
O001430,000017.SZ,buy,1100,2023-07-24,,0.0,pending,submitted,2023-07-24
O001431,000021.SZ,buy,1100,2023-07-24,,0.0,pending,submitted,2023-07-24
O001432,000027.SZ,buy,1400,2023-07-24,,0.0,pending,submitted,2023-07-24
O001433,000029.SZ,buy,1500,2023-07-24,,0.0,pending,submitted,2023-07-24
O001434,000032.SZ,buy,1600,2023-07-24,,0.0,pending,submitted,2023-07-24
O001435,000035.SZ,buy,1400,2023-07-24,,0.0,pending,submitted,2023-07-24
O001422,000012.SZ,sell,2600,2023-07-24,2023-07-25,14.3870985,filled,filled,2023-07-25
O001423,000019.SZ,sell,2900,2023-07-24,2023-07-25,12.197790000000001,filled,filled,2023-07-25
O001424,000030.SZ,sell,1500,2023-07-24,2023-07-25,9.4618287,filled,filled,2023-07-25
O001425,000040.SZ,sell,10800,2023-07-24,2023-07-25,14.624560800000001,filled,filled,2023-07-25
O001426,000001.SZ,buy,1200,2023-07-24,2023-07-25,11.282070799999998,filled,filled,2023-07-25
O001427,000002.SZ,buy,2000,2023-07-24,2023-07-25,6.747240499999999,filled,filled,2023-07-25
O001428,000004.SZ,buy,1200,2023-07-24,2023-07-25,10.8553445,filled,filled,2023-07-25
O001429,000007.SZ,buy,1000,2023-07-24,2023-07-25,13.907994099999998,filled,filled,2023-07-25
O001430,000017.SZ,buy,1100,2023-07-24,2023-07-25,12.123511399999998,filled,filled,2023-07-25
O001431,000021.SZ,buy,1100,2023-07-24,2023-07-25,11.845533699999999,filled,filled,2023-07-25
O001432,000027.SZ,buy,1400,2023-07-24,2023-07-25,9.419810399999998,filled,filled,2023-07-25
O001433,000029.SZ,buy,1500,2023-07-24,2023-07-25,9.241632399999999,filled,filled,2023-07-25
O001434,000032.SZ,buy,1600,2023-07-24,2023-07-25,8.4266182,filled,filled,2023-07-25
O001435,000035.SZ,buy,1400,2023-07-24,2023-07-25,9.6503407,filled,filled,2023-07-25
O001436,000003.SZ,sell,3800,2023-07-25,,0.0,pending,submitted,2023-07-25
O001437,000004.SZ,buy,2200,2023-07-25,,0.0,pending,submitted,2023-07-25
O001438,000007.SZ,buy,1700,2023-07-25,,0.0,pending,submitted,2023-07-25
O001439,000009.SZ,buy,1900,2023-07-25,,0.0,pending,submitted,2023-07-25
O001440,000017.SZ,buy,1900,2023-07-25,,0.0,pending,submitted,2023-07-25
O001441,000021.SZ,buy,1900,2023-07-25,,0.0,pending,submitted,2023-07-25
O001442,000022.SZ,buy,3300,2023-07-25,,0.0,pending,submitted,2023-07-25
O001443,000027.SZ,buy,2500,2023-07-25,,0.0,pending,submitted,2023-07-25
O001444,000029.SZ,buy,2600,2023-07-25,,0.0,pending,submitted,2023-07-25
O001445,000032.SZ,buy,2700,2023-07-25,,0.0,pending,submitted,2023-07-25
O001446,000035.SZ,buy,2500,2023-07-25,,0.0,pending,submitted,2023-07-25
O001436,000003.SZ,sell,3800,2023-07-25,2023-07-26,13.483203300000001,filled,filled,2023-07-26
O001437,000004.SZ,buy,2200,2023-07-25,2023-07-26,10.8819711,filled,filled,2023-07-26
O001438,000007.SZ,buy,1700,2023-07-25,2023-07-26,14.131817699999997,filled,filled,2023-07-26
O001439,000009.SZ,buy,1900,2023-07-25,2023-07-26,12.543831299999999,filled,filled,2023-07-26
O001440,000017.SZ,buy,1900,2023-07-25,2023-07-26,12.429416999999999,filled,filled,2023-07-26
O001441,000021.SZ,buy,1900,2023-07-25,2023-07-26,12.3864741,filled,filled,2023-07-26
O001442,000022.SZ,buy,3300,2023-07-25,2023-07-26,7.318711399999999,filled,filled,2023-07-26
O001443,000027.SZ,buy,2500,2023-07-25,2023-07-26,9.501091599999999,filled,filled,2023-07-26
O001444,000029.SZ,buy,2600,2023-07-25,2023-07-26,9.1638547,filled,filled,2023-07-26
O001445,000032.SZ,buy,2700,2023-07-25,2023-07-26,8.83883,filled,filled,2023-07-26
O001446,000035.SZ,buy,2500,2023-07-25,2023-07-26,9.452643199999999,filled,filled,2023-07-26
O001447,000001.SZ,sell,1400,2023-07-26,,0.0,pending,submitted,2023-07-26
O001448,000028.SZ,sell,1800,2023-07-26,,0.0,pending,submitted,2023-07-26
O001449,000007.SZ,buy,400,2023-07-26,,0.0,pending,submitted,2023-07-26
O001450,000017.SZ,buy,500,2023-07-26,,0.0,pending,submitted,2023-07-26
O001451,000018.SZ,buy,600,2023-07-26,,0.0,pending,submitted,2023-07-26
O001452,000020.SZ,buy,900,2023-07-26,,0.0,pending,submitted,2023-07-26
O001453,000021.SZ,buy,500,2023-07-26,,0.0,pending,submitted,2023-07-26
O001454,000022.SZ,buy,800,2023-07-26,,0.0,pending,submitted,2023-07-26
O001455,000026.SZ,buy,500,2023-07-26,,0.0,pending,submitted,2023-07-26
O001456,000027.SZ,buy,600,2023-07-26,,0.0,pending,submitted,2023-07-26
O001457,000032.SZ,buy,700,2023-07-26,,0.0,pending,submitted,2023-07-26
O001458,000035.SZ,buy,600,2023-07-26,,0.0,pending,submitted,2023-07-26
O001447,000001.SZ,sell,1400,2023-07-26,2023-07-27,10.7600292,filled,filled,2023-07-27
O001448,000028.SZ,sell,1800,2023-07-26,2023-07-27,9.948941099999999,filled,filled,2023-07-27
O001449,000007.SZ,buy,400,2023-07-26,2023-07-27,13.985871899999998,filled,filled,2023-07-27
O001450,000017.SZ,buy,500,2023-07-26,2023-07-27,13.097284199999997,filled,filled,2023-07-27
O001451,000018.SZ,buy,600,2023-07-26,2023-07-27,11.049338299999999,filled,filled,2023-07-27
O001452,000020.SZ,buy,900,2023-07-26,2023-07-27,7.020513499999999,filled,filled,2023-07-27
O001453,000021.SZ,buy,500,2023-07-26,2023-07-27,12.223611399999998,filled,filled,2023-07-27
O001454,000022.SZ,buy,800,2023-07-26,2023-07-27,7.4371297,filled,filled,2023-07-27
O001455,000026.SZ,buy,500,2023-07-26,2023-07-27,11.424112699999998,filled,filled,2023-07-27
O001456,000027.SZ,buy,600,2023-07-26,2023-07-27,9.692783099999998,filled,filled,2023-07-27
O001457,000032.SZ,buy,700,2023-07-26,2023-07-27,8.563555,filled,filled,2023-07-27
O001458,000035.SZ,buy,600,2023-07-26,2023-07-27,9.644134499999998,filled,filled,2023-07-27
O001459,000043.SZ,sell,4200,2023-07-27,,0.0,pending,submitted,2023-07-27
O001460,000005.SZ,buy,300,2023-07-27,,0.0,pending,submitted,2023-07-27
O001461,000006.SZ,buy,500,2023-07-27,,0.0,pending,submitted,2023-07-27
O001462,000016.SZ,buy,500,2023-07-27,,0.0,pending,submitted,2023-07-27
O001463,000017.SZ,buy,300,2023-07-27,,0.0,pending,submitted,2023-07-27
O001464,000018.SZ,buy,300,2023-07-27,,0.0,pending,submitted,2023-07-27
O001465,000020.SZ,buy,500,2023-07-27,,0.0,pending,submitted,2023-07-27
O001466,000021.SZ,buy,300,2023-07-27,,0.0,pending,submitted,2023-07-27
O001467,000024.SZ,buy,500,2023-07-27,,0.0,pending,submitted,2023-07-27
O001468,000027.SZ,buy,400,2023-07-27,,0.0,pending,submitted,2023-07-27
O001469,000042.SZ,buy,500,2023-07-27,,0.0,pending,submitted,2023-07-27
O001459,000043.SZ,sell,4200,2023-07-27,2023-07-28,9.8272629,filled,filled,2023-07-28
O001460,000005.SZ,buy,300,2023-07-27,2023-07-28,12.9257128,filled,filled,2023-07-28
O001461,000006.SZ,buy,500,2023-07-27,2023-07-28,8.0111031,filled,filled,2023-07-28
O001462,000016.SZ,buy,500,2023-07-27,2023-07-28,7.963155199999998,filled,filled,2023-07-28
O001463,000017.SZ,buy,300,2023-07-27,2023-07-28,13.331618299999999,filled,filled,2023-07-28
O001464,000018.SZ,buy,300,2023-07-27,2023-07-28,10.9688579,filled,filled,2023-07-28
O001465,000020.SZ,buy,500,2023-07-27,2023-07-28,6.914908,filled,filled,2023-07-28
O001466,000021.SZ,buy,300,2023-07-27,2023-07-28,12.148035899999998,filled,filled,2023-07-28
O001467,000024.SZ,buy,500,2023-07-27,2023-07-28,7.6053977999999995,filled,filled,2023-07-28
O001468,000027.SZ,buy,400,2023-07-27,2023-07-28,9.9091993,filled,filled,2023-07-28
O001469,000042.SZ,buy,500,2023-07-27,2023-07-28,8.010602599999999,filled,filled,2023-07-28
O001470,000002.SZ,sell,2000,2023-07-28,,0.0,pending,submitted,2023-07-28
O001471,000007.SZ,sell,10700,2023-07-28,,0.0,pending,submitted,2023-07-28
O001472,000004.SZ,buy,300,2023-07-28,,0.0,pending,submitted,2023-07-28
O001473,000006.SZ,buy,500,2023-07-28,,0.0,pending,submitted,2023-07-28
O001474,000016.SZ,buy,500,2023-07-28,,0.0,pending,submitted,2023-07-28
O001475,000017.SZ,buy,300,2023-07-28,,0.0,pending,submitted,2023-07-28
O001476,000020.SZ,buy,500,2023-07-28,,0.0,pending,submitted,2023-07-28
O001477,000022.SZ,buy,500,2023-07-28,,0.0,pending,submitted,2023-07-28
O001478,000023.SZ,buy,400,2023-07-28,,0.0,pending,submitted,2023-07-28
O001479,000027.SZ,buy,400,2023-07-28,,0.0,pending,submitted,2023-07-28
O001480,000039.SZ,buy,400,2023-07-28,,0.0,pending,submitted,2023-07-28
O001481,000042.SZ,buy,500,2023-07-28,,0.0,pending,submitted,2023-07-28
O001470,000002.SZ,sell,2000,2023-07-28,2023-07-31,6.306687,filled,filled,2023-07-31
O001471,000007.SZ,sell,10700,2023-07-28,2023-07-31,13.47651,filled,filled,2023-07-31
O001472,000004.SZ,buy,300,2023-07-28,2023-07-31,11.343131799999998,filled,filled,2023-07-31
O001473,000006.SZ,buy,500,2023-07-28,2023-07-31,8.0307227,filled,filled,2023-07-31
O001474,000016.SZ,buy,500,2023-07-28,2023-07-31,8.1011931,filled,filled,2023-07-31
O001475,000017.SZ,buy,300,2023-07-28,2023-07-31,13.1708577,filled,filled,2023-07-31
O001476,000020.SZ,buy,500,2023-07-28,2023-07-31,7.2994921999999995,filled,filled,2023-07-31
O001477,000022.SZ,buy,500,2023-07-28,2023-07-31,7.428120699999999,filled,filled,2023-07-31
O001478,000023.SZ,buy,400,2023-07-28,2023-07-31,9.118108999999999,filled,filled,2023-07-31
O001479,000027.SZ,buy,400,2023-07-28,2023-07-31,9.772963199999998,filled,filled,2023-07-31
O001480,000039.SZ,buy,400,2023-07-28,2023-07-31,9.1309218,filled,filled,2023-07-31
O001481,000042.SZ,buy,500,2023-07-28,2023-07-31,8.286678399999998,filled,filled,2023-07-31
O001482,000009.SZ,sell,5900,2023-07-31,,0.0,pending,submitted,2023-07-31
O001483,000010.SZ,sell,6500,2023-07-31,,0.0,pending,submitted,2023-07-31
O001484,000005.SZ,buy,1100,2023-07-31,,0.0,pending,submitted,2023-07-31
O001485,000006.SZ,buy,1900,2023-07-31,,0.0,pending,submitted,2023-07-31
O001486,000011.SZ,buy,1300,2023-07-31,,0.0,pending,submitted,2023-07-31
O001487,000016.SZ,buy,1800,2023-07-31,,0.0,pending,submitted,2023-07-31
O001488,000017.SZ,buy,1200,2023-07-31,,0.0,pending,submitted,2023-07-31
O001489,000019.SZ,buy,1100,2023-07-31,,0.0,pending,submitted,2023-07-31
O001490,000020.SZ,buy,2100,2023-07-31,,0.0,pending,submitted,2023-07-31
O001491,000039.SZ,buy,1700,2023-07-31,,0.0,pending,submitted,2023-07-31
O001492,000041.SZ,buy,1200,2023-07-31,,0.0,pending,submitted,2023-07-31
O001493,000047.SZ,buy,1200,2023-07-31,,0.0,pending,submitted,2023-07-31
O001482,000009.SZ,sell,5900,2023-07-31,2023-08-01,12.067020900000001,filled,filled,2023-08-01
O001483,000010.SZ,sell,6500,2023-07-31,2023-08-01,10.0242657,filled,filled,2023-08-01
O001484,000005.SZ,buy,1100,2023-07-31,2023-08-01,13.041027999999999,filled,filled,2023-08-01
O001485,000006.SZ,buy,1900,2023-07-31,2023-08-01,8.1032952,filled,filled,2023-08-01
O001486,000011.SZ,buy,1300,2023-07-31,2023-08-01,11.192881699999997,filled,filled,2023-08-01
O001487,000016.SZ,buy,1800,2023-07-31,2023-08-01,8.376668299999999,filled,filled,2023-08-01
O001488,000017.SZ,buy,1200,2023-07-31,2023-08-01,12.9151022,filled,filled,2023-08-01
O001489,000019.SZ,buy,1100,2023-07-31,2023-08-01,13.034621599999998,filled,filled,2023-08-01
O001490,000020.SZ,buy,2100,2023-07-31,2023-08-01,7.094687599999999,filled,filled,2023-08-01
O001491,000039.SZ,buy,1700,2023-07-31,2023-08-01,9.047438399999999,filled,filled,2023-08-01
O001492,000041.SZ,buy,1200,2023-07-31,2023-08-01,12.3247124,filled,filled,2023-08-01
O001493,000047.SZ,buy,1200,2023-07-31,2023-08-01,12.029517499999999,filled,filled,2023-08-01
O001494,000032.SZ,sell,12200,2023-08-01,,0.0,pending,submitted,2023-08-01
O001495,000011.SZ,buy,1200,2023-08-01,,0.0,pending,submitted,2023-08-01
O001496,000014.SZ,buy,1100,2023-08-01,,0.0,pending,submitted,2023-08-01
O001497,000016.SZ,buy,1700,2023-08-01,,0.0,pending,submitted,2023-08-01
O001498,000017.SZ,buy,1000,2023-08-01,,0.0,pending,submitted,2023-08-01
O001499,000019.SZ,buy,1000,2023-08-01,,0.0,pending,submitted,2023-08-01
O001500,000020.SZ,buy,1900,2023-08-01,,0.0,pending,submitted,2023-08-01
O001501,000025.SZ,buy,1000,2023-08-01,,0.0,pending,submitted,2023-08-01
O001502,000039.SZ,buy,1500,2023-08-01,,0.0,pending,submitted,2023-08-01
O001503,000044.SZ,buy,1300,2023-08-01,,0.0,pending,submitted,2023-08-01
O001504,000047.SZ,buy,1200,2023-08-01,,0.0,pending,submitted,2023-08-01
O001494,000032.SZ,sell,12200,2023-08-01,2023-08-02,8.346245399999999,filled,filled,2023-08-02
O001495,000011.SZ,buy,1200,2023-08-01,2023-08-02,11.285574299999999,filled,filled,2023-08-02
O001496,000014.SZ,buy,1100,2023-08-01,2023-08-02,12.421308899999998,filled,filled,2023-08-02
O001497,000016.SZ,buy,1700,2023-08-01,2023-08-02,8.405396999999999,filled,filled,2023-08-02
O001498,000017.SZ,buy,1000,2023-08-01,2023-08-02,13.0982852,filled,filled,2023-08-02
O001499,000019.SZ,buy,1000,2023-08-01,2023-08-02,13.231318099999998,filled,filled,2023-08-02
O001500,000020.SZ,buy,1900,2023-08-01,2023-08-02,7.277970699999999,filled,filled,2023-08-02
O001501,000025.SZ,buy,1000,2023-08-01,2023-08-02,13.9497358,filled,filled,2023-08-02
O001502,000039.SZ,buy,1500,2023-08-01,2023-08-02,9.036527499999998,filled,filled,2023-08-02
O001503,000044.SZ,buy,1300,2023-08-01,2023-08-02,10.673663,filled,filled,2023-08-02
O001504,000047.SZ,buy,1200,2023-08-01,2023-08-02,11.9552433,filled,filled,2023-08-02
O001505,000027.SZ,sell,5300,2023-08-02,,0.0,pending,submitted,2023-08-02
O001506,000031.SZ,sell,100,2023-08-02,,0.0,pending,submitted,2023-08-02
O001507,000050.SZ,sell,5000,2023-08-02,,0.0,pending,submitted,2023-08-02
O001508,000005.SZ,buy,800,2023-08-02,,0.0,pending,submitted,2023-08-02
O001509,000006.SZ,buy,1300,2023-08-02,,0.0,pending,submitted,2023-08-02
O001510,000011.SZ,buy,900,2023-08-02,,0.0,pending,submitted,2023-08-02
O001511,000013.SZ,buy,1000,2023-08-02,,0.0,pending,submitted,2023-08-02
O001512,000014.SZ,buy,800,2023-08-02,,0.0,pending,submitted,2023-08-02
O001513,000016.SZ,buy,1300,2023-08-02,,0.0,pending,submitted,2023-08-02
O001514,000019.SZ,buy,800,2023-08-02,,0.0,pending,submitted,2023-08-02
O001515,000026.SZ,buy,900,2023-08-02,,0.0,pending,submitted,2023-08-02
O001516,000029.SZ,buy,1100,2023-08-02,,0.0,pending,submitted,2023-08-02
O001517,000047.SZ,buy,900,2023-08-02,,0.0,pending,submitted,2023-08-02
O001505,000027.SZ,sell,5300,2023-08-02,2023-08-03,9.295994700000001,filled,filled,2023-08-03
O001506,000031.SZ,sell,100,2023-08-02,2023-08-03,8.9322588,filled,filled,2023-08-03
O001507,000050.SZ,sell,5000,2023-08-02,2023-08-03,8.9656254,filled,filled,2023-08-03
O001508,000005.SZ,buy,800,2023-08-02,2023-08-03,13.136623499999999,filled,filled,2023-08-03
O001509,000006.SZ,buy,1300,2023-08-02,2023-08-03,8.112904799999999,filled,filled,2023-08-03
O001510,000011.SZ,buy,900,2023-08-02,2023-08-03,11.500989499999998,filled,filled,2023-08-03
O001511,000013.SZ,buy,1000,2023-08-02,2023-08-03,10.384774399999998,filled,filled,2023-08-03
O001512,000014.SZ,buy,800,2023-08-02,2023-08-03,12.439827399999999,filled,filled,2023-08-03
O001513,000016.SZ,buy,1300,2023-08-02,2023-08-03,8.4679595,filled,filled,2023-08-03
O001514,000019.SZ,buy,800,2023-08-02,2023-08-03,13.018605599999997,filled,filled,2023-08-03
O001515,000026.SZ,buy,900,2023-08-02,2023-08-03,11.7982865,filled,filled,2023-08-03
O001516,000029.SZ,buy,1100,2023-08-02,2023-08-03,9.7161064,filled,filled,2023-08-03
O001517,000047.SZ,buy,900,2023-08-02,2023-08-03,12.138025899999999,filled,filled,2023-08-03
O001518,000048.SZ,sell,200,2023-08-03,,0.0,pending,submitted,2023-08-03
O001519,000003.SZ,buy,700,2023-08-03,,0.0,pending,submitted,2023-08-03
O001520,000011.SZ,buy,800,2023-08-03,,0.0,pending,submitted,2023-08-03
O001521,000016.SZ,buy,1200,2023-08-03,,0.0,pending,submitted,2023-08-03
O001522,000020.SZ,buy,1400,2023-08-03,,0.0,pending,submitted,2023-08-03
O001523,000026.SZ,buy,800,2023-08-03,,0.0,pending,submitted,2023-08-03
O001524,000028.SZ,buy,1000,2023-08-03,,0.0,pending,submitted,2023-08-03
O001525,000029.SZ,buy,1000,2023-08-03,,0.0,pending,submitted,2023-08-03
O001526,000034.SZ,buy,1000,2023-08-03,,0.0,pending,submitted,2023-08-03
O001527,000044.SZ,buy,900,2023-08-03,,0.0,pending,submitted,2023-08-03
O001528,000047.SZ,buy,800,2023-08-03,,0.0,pending,submitted,2023-08-03
O001518,000048.SZ,sell,200,2023-08-03,2023-08-04,6.8508423,filled,filled,2023-08-04
O001519,000003.SZ,buy,700,2023-08-03,2023-08-04,14.1639498,filled,filled,2023-08-04
O001520,000011.SZ,buy,800,2023-08-03,2023-08-04,11.802190399999999,filled,filled,2023-08-04
O001521,000016.SZ,buy,1200,2023-08-03,2023-08-04,8.278069799999999,filled,filled,2023-08-04
O001522,000020.SZ,buy,1400,2023-08-03,2023-08-04,7.119111999999999,filled,filled,2023-08-04
O001523,000026.SZ,buy,800,2023-08-03,2023-08-04,11.850638799999999,filled,filled,2023-08-04
O001524,000028.SZ,buy,1000,2023-08-03,2023-08-04,9.913103199999998,filled,filled,2023-08-04
O001525,000029.SZ,buy,1000,2023-08-03,2023-08-04,9.709199499999999,filled,filled,2023-08-04
O001526,000034.SZ,buy,1000,2023-08-03,2023-08-04,9.5223128,filled,filled,2023-08-04
O001527,000044.SZ,buy,900,2023-08-03,2023-08-04,10.380069699999998,filled,filled,2023-08-04
O001528,000047.SZ,buy,800,2023-08-03,2023-08-04,12.4186062,filled,filled,2023-08-04
O001529,000004.SZ,sell,6200,2023-08-04,,0.0,pending,submitted,2023-08-04
O001530,000017.SZ,sell,11500,2023-08-04,,0.0,pending,submitted,2023-08-04
O001531,000028.SZ,sell,1000,2023-08-04,,0.0,pending,submitted,2023-08-04
O001532,000039.SZ,sell,3600,2023-08-04,,0.0,pending,submitted,2023-08-04
O001529,000004.SZ,sell,6200,2023-08-04,2023-08-07,10.8666225,filled,filled,2023-08-07
O001530,000017.SZ,sell,11500,2023-08-04,2023-08-07,12.722265,filled,filled,2023-08-07
O001531,000028.SZ,sell,1000,2023-08-04,2023-08-07,9.482408099999999,filled,filled,2023-08-07
O001532,000039.SZ,sell,3600,2023-08-04,2023-08-07,8.619072300000001,filled,filled,2023-08-07
O001533,000013.SZ,sell,1000,2023-08-07,,0.0,pending,submitted,2023-08-07
O001534,000035.SZ,sell,4500,2023-08-07,,0.0,pending,submitted,2023-08-07
O001535,000003.SZ,buy,1700,2023-08-07,,0.0,pending,submitted,2023-08-07
O001536,000020.SZ,buy,3300,2023-08-07,,0.0,pending,submitted,2023-08-07
O001537,000021.SZ,buy,1900,2023-08-07,,0.0,pending,submitted,2023-08-07
O001538,000025.SZ,buy,1700,2023-08-07,,0.0,pending,submitted,2023-08-07
O001539,000029.SZ,buy,2500,2023-08-07,,0.0,pending,submitted,2023-08-07
O001540,000032.SZ,buy,2900,2023-08-07,,0.0,pending,submitted,2023-08-07
O001541,000033.SZ,buy,1900,2023-08-07,,0.0,pending,submitted,2023-08-07
O001542,000041.SZ,buy,1800,2023-08-07,,0.0,pending,submitted,2023-08-07
O001543,000045.SZ,buy,2000,2023-08-07,,0.0,pending,submitted,2023-08-07
O001544,000049.SZ,buy,2400,2023-08-07,,0.0,pending,submitted,2023-08-07
O001533,000013.SZ,sell,1000,2023-08-07,2023-08-08,9.9591309,filled,filled,2023-08-08
O001534,000035.SZ,sell,4500,2023-08-07,2023-08-08,8.7518394,filled,filled,2023-08-08
O001535,000003.SZ,buy,1700,2023-08-07,2023-08-08,14.692577899999998,filled,filled,2023-08-08
O001536,000020.SZ,buy,3300,2023-08-07,2023-08-08,7.3677604,filled,filled,2023-08-08
O001537,000021.SZ,buy,1900,2023-08-07,2023-08-08,12.682369699999999,filled,filled,2023-08-08
O001538,000025.SZ,buy,1700,2023-08-07,2023-08-08,14.225811599999998,filled,filled,2023-08-08
O001539,000029.SZ,buy,2500,2023-08-07,2023-08-08,9.953643699999999,filled,filled,2023-08-08
O001540,000032.SZ,buy,2900,2023-08-07,2023-08-08,8.623414799999999,filled,filled,2023-08-08
O001541,000033.SZ,buy,1900,2023-08-07,2023-08-08,12.647534899999998,filled,filled,2023-08-08
O001542,000041.SZ,buy,1800,2023-08-07,2023-08-08,13.233620399999998,filled,filled,2023-08-08
O001543,000045.SZ,buy,2000,2023-08-07,2023-08-08,12.115203099999999,filled,filled,2023-08-08
O001544,000049.SZ,buy,2400,2023-08-07,2023-08-08,10.201791599999998,filled,filled,2023-08-08
O001545,000026.SZ,sell,2200,2023-08-08,,0.0,pending,submitted,2023-08-08
O001546,000038.SZ,sell,100,2023-08-08,,0.0,pending,submitted,2023-08-08
O001547,000044.SZ,sell,2200,2023-08-08,,0.0,pending,submitted,2023-08-08
O001548,000003.SZ,buy,400,2023-08-08,,0.0,pending,submitted,2023-08-08
O001549,000006.SZ,buy,800,2023-08-08,,0.0,pending,submitted,2023-08-08
O001550,000011.SZ,buy,500,2023-08-08,,0.0,pending,submitted,2023-08-08
O001551,000021.SZ,buy,500,2023-08-08,,0.0,pending,submitted,2023-08-08
O001552,000025.SZ,buy,400,2023-08-08,,0.0,pending,submitted,2023-08-08
O001553,000029.SZ,buy,600,2023-08-08,,0.0,pending,submitted,2023-08-08
O001554,000031.SZ,buy,600,2023-08-08,,0.0,pending,submitted,2023-08-08
O001555,000041.SZ,buy,400,2023-08-08,,0.0,pending,submitted,2023-08-08
O001556,000045.SZ,buy,500,2023-08-08,,0.0,pending,submitted,2023-08-08
O001557,000047.SZ,buy,500,2023-08-08,,0.0,pending,submitted,2023-08-08
O001545,000026.SZ,sell,2200,2023-08-08,2023-08-09,10.8715176,filled,filled,2023-08-09
O001546,000038.SZ,sell,100,2023-08-08,2023-08-09,14.423162399999999,filled,filled,2023-08-09
O001547,000044.SZ,sell,2200,2023-08-08,2023-08-09,10.086403500000001,filled,filled,2023-08-09
O001548,000003.SZ,buy,400,2023-08-08,2023-08-09,14.8086939,filled,filled,2023-08-09
O001549,000006.SZ,buy,800,2023-08-08,2023-08-09,8.1124043,filled,filled,2023-08-09
O001550,000011.SZ,buy,500,2023-08-08,2023-08-09,11.528617099999998,filled,filled,2023-08-09
O001551,000021.SZ,buy,500,2023-08-08,2023-08-09,12.6664538,filled,filled,2023-08-09
O001552,000025.SZ,buy,400,2023-08-08,2023-08-09,14.671556899999999,filled,filled,2023-08-09
O001553,000029.SZ,buy,600,2023-08-08,2023-08-09,9.833523699999999,filled,filled,2023-08-09
O001554,000031.SZ,buy,600,2023-08-08,2023-08-09,9.496887399999999,filled,filled,2023-08-09
O001555,000041.SZ,buy,400,2023-08-08,2023-08-09,13.491578099999998,filled,filled,2023-08-09
O001556,000045.SZ,buy,500,2023-08-08,2023-08-09,12.091579499999998,filled,filled,2023-08-09
O001557,000047.SZ,buy,500,2023-08-08,2023-08-09,12.324011699999998,filled,filled,2023-08-09
O001558,000005.SZ,sell,2900,2023-08-09,,0.0,pending,submitted,2023-08-09
O001559,000018.SZ,sell,900,2023-08-09,,0.0,pending,submitted,2023-08-09
O001560,000024.SZ,sell,5800,2023-08-09,,0.0,pending,submitted,2023-08-09
O001561,000003.SZ,buy,300,2023-08-09,,0.0,pending,submitted,2023-08-09
O001562,000014.SZ,buy,400,2023-08-09,,0.0,pending,submitted,2023-08-09
O001563,000021.SZ,buy,400,2023-08-09,,0.0,pending,submitted,2023-08-09
O001564,000027.SZ,buy,500,2023-08-09,,0.0,pending,submitted,2023-08-09
O001565,000033.SZ,buy,400,2023-08-09,,0.0,pending,submitted,2023-08-09
O001566,000040.SZ,buy,400,2023-08-09,,0.0,pending,submitted,2023-08-09
O001567,000041.SZ,buy,300,2023-08-09,,0.0,pending,submitted,2023-08-09
O001568,000045.SZ,buy,400,2023-08-09,,0.0,pending,submitted,2023-08-09
O001569,000046.SZ,buy,300,2023-08-09,,0.0,pending,submitted,2023-08-09
O001570,000047.SZ,buy,400,2023-08-09,,0.0,pending,submitted,2023-08-09
O001558,000005.SZ,sell,2900,2023-08-09,2023-08-10,12.320267399999999,filled,filled,2023-08-10
O001559,000018.SZ,sell,900,2023-08-09,2023-08-10,10.5992901,filled,filled,2023-08-10
O001560,000024.SZ,sell,5800,2023-08-09,2023-08-10,7.216376400000001,filled,filled,2023-08-10
O001561,000003.SZ,buy,300,2023-08-09,2023-08-10,14.750335599999998,filled,filled,2023-08-10
O001562,000014.SZ,buy,400,2023-08-09,2023-08-10,13.183270099999998,filled,filled,2023-08-10
O001563,000021.SZ,buy,400,2023-08-09,2023-08-10,12.5894769,filled,filled,2023-08-10
O001564,000027.SZ,buy,500,2023-08-09,2023-08-10,9.501191699999998,filled,filled,2023-08-10
O001565,000033.SZ,buy,400,2023-08-09,2023-08-10,12.941628699999997,filled,filled,2023-08-10
O001566,000040.SZ,buy,400,2023-08-09,2023-08-10,13.0515385,filled,filled,2023-08-10
O001567,000041.SZ,buy,300,2023-08-09,2023-08-10,13.638124499999998,filled,filled,2023-08-10
O001568,000045.SZ,buy,400,2023-08-09,2023-08-10,12.646834199999999,filled,filled,2023-08-10
O001569,000046.SZ,buy,300,2023-08-09,2023-08-10,15.357742399999998,filled,filled,2023-08-10
O001570,000047.SZ,buy,400,2023-08-09,2023-08-10,12.579867299999998,filled,filled,2023-08-10
O001571,000011.SZ,sell,4700,2023-08-10,,0.0,pending,submitted,2023-08-10
O001572,000031.SZ,sell,600,2023-08-10,,0.0,pending,submitted,2023-08-10
O001573,000034.SZ,sell,3000,2023-08-10,,0.0,pending,submitted,2023-08-10
O001574,000001.SZ,buy,800,2023-08-10,,0.0,pending,submitted,2023-08-10
O001575,000003.SZ,buy,600,2023-08-10,,0.0,pending,submitted,2023-08-10
O001576,000014.SZ,buy,600,2023-08-10,,0.0,pending,submitted,2023-08-10
O001577,000016.SZ,buy,1000,2023-08-10,,0.0,pending,submitted,2023-08-10
O001578,000027.SZ,buy,900,2023-08-10,,0.0,pending,submitted,2023-08-10
O001579,000029.SZ,buy,800,2023-08-10,,0.0,pending,submitted,2023-08-10
O001580,000041.SZ,buy,600,2023-08-10,,0.0,pending,submitted,2023-08-10
O001581,000045.SZ,buy,700,2023-08-10,,0.0,pending,submitted,2023-08-10
O001582,000046.SZ,buy,500,2023-08-10,,0.0,pending,submitted,2023-08-10
O001583,000048.SZ,buy,1200,2023-08-10,,0.0,pending,submitted,2023-08-10
O001571,000011.SZ,sell,4700,2023-08-10,2023-08-11,11.2927959,filled,filled,2023-08-11
O001572,000031.SZ,sell,600,2023-08-10,2023-08-11,8.4430485,filled,filled,2023-08-11
O001573,000034.SZ,sell,3000,2023-08-10,2023-08-11,9.1266642,filled,filled,2023-08-11
O001574,000001.SZ,buy,800,2023-08-10,2023-08-11,10.9961852,filled,filled,2023-08-11
O001575,000003.SZ,buy,600,2023-08-10,2023-08-11,14.661847199999999,filled,filled,2023-08-11
O001576,000014.SZ,buy,600,2023-08-10,2023-08-11,13.6483347,filled,filled,2023-08-11
O001577,000016.SZ,buy,1000,2023-08-10,2023-08-11,8.665857199999998,filled,filled,2023-08-11
O001578,000027.SZ,buy,900,2023-08-10,2023-08-11,9.459449999999999,filled,filled,2023-08-11
O001579,000029.SZ,buy,800,2023-08-10,2023-08-11,10.3562459,filled,filled,2023-08-11
O001580,000041.SZ,buy,600,2023-08-10,2023-08-11,13.8353215,filled,filled,2023-08-11
O001581,000045.SZ,buy,700,2023-08-10,2023-08-11,12.7883756,filled,filled,2023-08-11
O001582,000046.SZ,buy,500,2023-08-10,2023-08-11,15.597181599999999,filled,filled,2023-08-11
O001583,000048.SZ,buy,1200,2023-08-10,2023-08-11,7.1305233999999995,filled,filled,2023-08-11
O001584,000009.SZ,buy,700,2023-08-11,,0.0,pending,submitted,2023-08-11
O001585,000014.SZ,buy,600,2023-08-11,,0.0,pending,submitted,2023-08-11
O001586,000016.SZ,buy,1000,2023-08-11,,0.0,pending,submitted,2023-08-11
O001587,000026.SZ,buy,700,2023-08-11,,0.0,pending,submitted,2023-08-11
O001588,000029.SZ,buy,800,2023-08-11,,0.0,pending,submitted,2023-08-11
O001589,000041.SZ,buy,600,2023-08-11,,0.0,pending,submitted,2023-08-11
O001590,000045.SZ,buy,600,2023-08-11,,0.0,pending,submitted,2023-08-11
O001591,000046.SZ,buy,500,2023-08-11,,0.0,pending,submitted,2023-08-11
O001592,000047.SZ,buy,700,2023-08-11,,0.0,pending,submitted,2023-08-11
O001593,000048.SZ,buy,1200,2023-08-11,,0.0,pending,submitted,2023-08-11
O001584,000009.SZ,buy,700,2023-08-11,2023-08-14,12.555943399999999,filled,filled,2023-08-14
O001585,000014.SZ,buy,600,2023-08-11,2023-08-14,13.352038699999998,filled,filled,2023-08-14
O001586,000016.SZ,buy,1000,2023-08-11,2023-08-14,8.763454699999999,filled,filled,2023-08-14
O001587,000026.SZ,buy,700,2023-08-11,2023-08-14,11.656544899999998,filled,filled,2023-08-14
O001588,000029.SZ,buy,800,2023-08-11,2023-08-14,10.600089499999997,filled,filled,2023-08-14
O001589,000041.SZ,buy,600,2023-08-11,2023-08-14,13.5728593,filled,filled,2023-08-14
O001590,000045.SZ,buy,600,2023-08-11,2023-08-14,12.9517388,filled,filled,2023-08-14
O001591,000046.SZ,buy,500,2023-08-11,2023-08-14,15.901885999999998,filled,filled,2023-08-14
O001592,000047.SZ,buy,700,2023-08-11,2023-08-14,12.436223799999999,filled,filled,2023-08-14
O001593,000048.SZ,buy,1200,2023-08-11,2023-08-14,7.0861791,filled,filled,2023-08-14
O001594,000003.SZ,sell,3700,2023-08-14,,0.0,pending,submitted,2023-08-14
O001595,000020.SZ,sell,10600,2023-08-14,,0.0,pending,submitted,2023-08-14
O001596,000021.SZ,sell,6700,2023-08-14,,0.0,pending,submitted,2023-08-14
O001597,000022.SZ,sell,4600,2023-08-14,,0.0,pending,submitted,2023-08-14
O001598,000016.SZ,buy,100,2023-08-14,,0.0,pending,submitted,2023-08-14
O001599,000029.SZ,buy,100,2023-08-14,,0.0,pending,submitted,2023-08-14
O001600,000034.SZ,buy,100,2023-08-14,,0.0,pending,submitted,2023-08-14
O001601,000035.SZ,buy,100,2023-08-14,,0.0,pending,submitted,2023-08-14
O001602,000039.SZ,buy,100,2023-08-14,,0.0,pending,submitted,2023-08-14
O001603,000044.SZ,buy,100,2023-08-14,,0.0,pending,submitted,2023-08-14
O001594,000003.SZ,sell,3700,2023-08-14,2023-08-15,14.031054899999999,filled,filled,2023-08-15
O001595,000020.SZ,sell,10600,2023-08-14,2023-08-15,6.7703229,filled,filled,2023-08-15
O001596,000021.SZ,sell,6700,2023-08-14,2023-08-15,12.2596281,filled,filled,2023-08-15
O001597,000022.SZ,sell,4600,2023-08-14,2023-08-15,6.8374557,filled,filled,2023-08-15
O001598,000016.SZ,buy,100,2023-08-14,2023-08-15,9.1440349,filled,filled,2023-08-15
O001599,000029.SZ,buy,100,2023-08-14,2023-08-15,10.8038931,filled,filled,2023-08-15
O001600,000034.SZ,buy,100,2023-08-14,2023-08-15,9.240731499999999,filled,filled,2023-08-15
O001601,000035.SZ,buy,100,2023-08-14,2023-08-15,9.2166074,filled,filled,2023-08-15
O001602,000039.SZ,buy,100,2023-08-14,2023-08-15,8.996987999999998,filled,filled,2023-08-15
O001603,000044.SZ,buy,100,2023-08-14,2023-08-15,11.030219199999998,filled,filled,2023-08-15
O001604,000019.SZ,sell,2900,2023-08-15,,0.0,pending,submitted,2023-08-15
O001605,000023.SZ,sell,400,2023-08-15,,0.0,pending,submitted,2023-08-15
O001606,000007.SZ,buy,1500,2023-08-15,,0.0,pending,submitted,2023-08-15
O001607,000010.SZ,buy,2300,2023-08-15,,0.0,pending,submitted,2023-08-15
O001608,000016.SZ,buy,2500,2023-08-15,,0.0,pending,submitted,2023-08-15
O001609,000017.SZ,buy,1800,2023-08-15,,0.0,pending,submitted,2023-08-15
O001610,000026.SZ,buy,1900,2023-08-15,,0.0,pending,submitted,2023-08-15
O001611,000029.SZ,buy,2200,2023-08-15,,0.0,pending,submitted,2023-08-15
O001612,000034.SZ,buy,2400,2023-08-15,,0.0,pending,submitted,2023-08-15
O001613,000036.SZ,buy,1800,2023-08-15,,0.0,pending,submitted,2023-08-15
O001614,000044.SZ,buy,2100,2023-08-15,,0.0,pending,submitted,2023-08-15
O001615,000046.SZ,buy,1400,2023-08-15,,0.0,pending,submitted,2023-08-15
O001604,000019.SZ,sell,2900,2023-08-15,2023-08-16,12.462525,filled,filled,2023-08-16
O001605,000023.SZ,sell,400,2023-08-15,2023-08-16,8.5927986,filled,filled,2023-08-16
O001606,000007.SZ,buy,1500,2023-08-15,2023-08-16,14.556541999999999,filled,filled,2023-08-16
O001607,000010.SZ,buy,2300,2023-08-15,2023-08-16,9.994984999999998,filled,filled,2023-08-16
O001608,000016.SZ,buy,2500,2023-08-15,2023-08-16,8.961852899999998,filled,filled,2023-08-16
O001609,000017.SZ,buy,1800,2023-08-15,2023-08-16,12.805092299999998,filled,filled,2023-08-16
O001610,000026.SZ,buy,1900,2023-08-15,2023-08-16,11.804792999999998,filled,filled,2023-08-16
O001611,000029.SZ,buy,2200,2023-08-15,2023-08-16,10.404594199999998,filled,filled,2023-08-16
O001612,000034.SZ,buy,2400,2023-08-15,2023-08-16,9.4878784,filled,filled,2023-08-16
O001613,000036.SZ,buy,1800,2023-08-15,2023-08-16,12.226514299999998,filled,filled,2023-08-16
O001614,000044.SZ,buy,2100,2023-08-15,2023-08-16,10.950539599999999,filled,filled,2023-08-16
O001615,000046.SZ,buy,1400,2023-08-15,2023-08-16,16.0106947,filled,filled,2023-08-16
O001616,000027.SZ,sell,1400,2023-08-16,,0.0,pending,submitted,2023-08-16
O001617,000035.SZ,sell,100,2023-08-16,,0.0,pending,submitted,2023-08-16
O001618,000006.SZ,buy,600,2023-08-16,,0.0,pending,submitted,2023-08-16
O001619,000016.SZ,buy,500,2023-08-16,,0.0,pending,submitted,2023-08-16
O001620,000017.SZ,buy,400,2023-08-16,,0.0,pending,submitted,2023-08-16
O001621,000026.SZ,buy,400,2023-08-16,,0.0,pending,submitted,2023-08-16
O001622,000029.SZ,buy,500,2023-08-16,,0.0,pending,submitted,2023-08-16
O001623,000034.SZ,buy,500,2023-08-16,,0.0,pending,submitted,2023-08-16
O001624,000037.SZ,buy,600,2023-08-16,,0.0,pending,submitted,2023-08-16
O001625,000044.SZ,buy,500,2023-08-16,,0.0,pending,submitted,2023-08-16
O001626,000048.SZ,buy,700,2023-08-16,,0.0,pending,submitted,2023-08-16
O001627,000049.SZ,buy,500,2023-08-16,,0.0,pending,submitted,2023-08-16
O001616,000027.SZ,sell,1400,2023-08-16,2023-08-17,8.6047866,filled,filled,2023-08-17
O001617,000035.SZ,sell,100,2023-08-16,2023-08-17,8.685405900000001,filled,filled,2023-08-17
O001618,000006.SZ,buy,600,2023-08-16,2023-08-17,8.644135499999999,filled,filled,2023-08-17
O001619,000016.SZ,buy,500,2023-08-16,2023-08-17,9.224014799999999,filled,filled,2023-08-17
O001620,000017.SZ,buy,400,2023-08-16,2023-08-17,12.607695099999999,filled,filled,2023-08-17
O001621,000026.SZ,buy,400,2023-08-16,2023-08-17,11.742030299999998,filled,filled,2023-08-17
O001622,000029.SZ,buy,500,2023-08-16,2023-08-17,10.512301799999998,filled,filled,2023-08-17
O001623,000034.SZ,buy,500,2023-08-16,2023-08-17,9.5018924,filled,filled,2023-08-17
O001624,000037.SZ,buy,600,2023-08-16,2023-08-17,8.250942699999998,filled,filled,2023-08-17
O001625,000044.SZ,buy,500,2023-08-16,2023-08-17,10.6093988,filled,filled,2023-08-17
O001626,000048.SZ,buy,700,2023-08-16,2023-08-17,7.199492299999999,filled,filled,2023-08-17
O001627,000049.SZ,buy,500,2023-08-16,2023-08-17,10.661050399999999,filled,filled,2023-08-17
O001628,000040.SZ,sell,400,2023-08-17,,0.0,pending,submitted,2023-08-17
O001629,000041.SZ,sell,4900,2023-08-17,,0.0,pending,submitted,2023-08-17
O001630,000007.SZ,buy,100,2023-08-17,,0.0,pending,submitted,2023-08-17
O001631,000016.SZ,buy,100,2023-08-17,,0.0,pending,submitted,2023-08-17
O001632,000025.SZ,buy,100,2023-08-17,,0.0,pending,submitted,2023-08-17
O001633,000029.SZ,buy,100,2023-08-17,,0.0,pending,submitted,2023-08-17
O001634,000032.SZ,buy,200,2023-08-17,,0.0,pending,submitted,2023-08-17
O001635,000034.SZ,buy,100,2023-08-17,,0.0,pending,submitted,2023-08-17
O001636,000036.SZ,buy,100,2023-08-17,,0.0,pending,submitted,2023-08-17
O001637,000037.SZ,buy,200,2023-08-17,,0.0,pending,submitted,2023-08-17
O001638,000042.SZ,buy,200,2023-08-17,,0.0,pending,submitted,2023-08-17
O001639,000043.SZ,buy,100,2023-08-17,,0.0,pending,submitted,2023-08-17
O001628,000040.SZ,sell,400,2023-08-17,2023-08-18,12.2960916,filled,filled,2023-08-18
O001629,000041.SZ,sell,4900,2023-08-17,2023-08-18,12.825661499999999,filled,filled,2023-08-18
O001630,000007.SZ,buy,100,2023-08-17,2023-08-18,14.121507399999999,filled,filled,2023-08-18
O001631,000016.SZ,buy,100,2023-08-17,2023-08-18,9.603694099999998,filled,filled,2023-08-18
O001632,000025.SZ,buy,100,2023-08-17,2023-08-18,14.301487199999999,filled,filled,2023-08-18
O001633,000029.SZ,buy,100,2023-08-17,2023-08-18,10.7730623,filled,filled,2023-08-18
O001634,000032.SZ,buy,200,2023-08-17,2023-08-18,8.677568899999999,filled,filled,2023-08-18
O001635,000034.SZ,buy,100,2023-08-17,2023-08-18,9.764554799999999,filled,filled,2023-08-18
O001636,000036.SZ,buy,100,2023-08-17,2023-08-18,12.232019799999998,filled,filled,2023-08-18
O001637,000037.SZ,buy,200,2023-08-17,2023-08-18,8.155247099999999,filled,filled,2023-08-18
O001638,000042.SZ,buy,200,2023-08-17,2023-08-18,8.4201117,filled,filled,2023-08-18
O001639,000043.SZ,buy,100,2023-08-17,2023-08-18,9.771461699999998,filled,filled,2023-08-18
O001640,000014.SZ,sell,3500,2023-08-18,,0.0,pending,submitted,2023-08-18
O001641,000005.SZ,buy,500,2023-08-18,,0.0,pending,submitted,2023-08-18
O001642,000008.SZ,buy,900,2023-08-18,,0.0,pending,submitted,2023-08-18
O001643,000016.SZ,buy,700,2023-08-18,,0.0,pending,submitted,2023-08-18
O001644,000025.SZ,buy,400,2023-08-18,,0.0,pending,submitted,2023-08-18
O001645,000034.SZ,buy,700,2023-08-18,,0.0,pending,submitted,2023-08-18
O001646,000036.SZ,buy,500,2023-08-18,,0.0,pending,submitted,2023-08-18
O001647,000037.SZ,buy,800,2023-08-18,,0.0,pending,submitted,2023-08-18
O001648,000042.SZ,buy,700,2023-08-18,,0.0,pending,submitted,2023-08-18
O001649,000043.SZ,buy,700,2023-08-18,,0.0,pending,submitted,2023-08-18
O001650,000049.SZ,buy,600,2023-08-18,,0.0,pending,submitted,2023-08-18
O001640,000014.SZ,sell,3500,2023-08-18,2023-08-21,12.7080792,filled,filled,2023-08-21
O001641,000005.SZ,buy,500,2023-08-18,2023-08-21,12.820207399999997,filled,filled,2023-08-21
O001642,000008.SZ,buy,900,2023-08-18,2023-08-21,7.608300699999999,filled,filled,2023-08-21
O001643,000016.SZ,buy,700,2023-08-18,2023-08-21,9.8947849,filled,filled,2023-08-21
O001644,000025.SZ,buy,400,2023-08-18,2023-08-21,14.6393247,filled,filled,2023-08-21
O001645,000034.SZ,buy,700,2023-08-18,2023-08-21,9.8066969,filled,filled,2023-08-21
O001646,000036.SZ,buy,500,2023-08-18,2023-08-21,12.1912791,filled,filled,2023-08-21
O001647,000037.SZ,buy,800,2023-08-18,2023-08-21,8.334526199999999,filled,filled,2023-08-21
O001648,000042.SZ,buy,700,2023-08-18,2023-08-21,8.869861,filled,filled,2023-08-21
O001649,000043.SZ,buy,700,2023-08-18,2023-08-21,9.8450352,filled,filled,2023-08-21
O001650,000049.SZ,buy,600,2023-08-18,2023-08-21,10.841030199999999,filled,filled,2023-08-21
O001651,000009.SZ,sell,700,2023-08-21,,0.0,pending,submitted,2023-08-21
O001652,000010.SZ,sell,2300,2023-08-21,,0.0,pending,submitted,2023-08-21
O001653,000039.SZ,sell,100,2023-08-21,,0.0,pending,submitted,2023-08-21
O001654,000046.SZ,sell,2700,2023-08-21,,0.0,pending,submitted,2023-08-21
O001655,000007.SZ,buy,300,2023-08-21,,0.0,pending,submitted,2023-08-21
O001656,000013.SZ,buy,500,2023-08-21,,0.0,pending,submitted,2023-08-21
O001657,000016.SZ,buy,500,2023-08-21,,0.0,pending,submitted,2023-08-21
O001658,000028.SZ,buy,500,2023-08-21,,0.0,pending,submitted,2023-08-21
O001659,000031.SZ,buy,500,2023-08-21,,0.0,pending,submitted,2023-08-21
O001660,000034.SZ,buy,500,2023-08-21,,0.0,pending,submitted,2023-08-21
O001661,000037.SZ,buy,600,2023-08-21,,0.0,pending,submitted,2023-08-21
O001662,000042.SZ,buy,500,2023-08-21,,0.0,pending,submitted,2023-08-21
O001663,000043.SZ,buy,500,2023-08-21,,0.0,pending,submitted,2023-08-21
O001664,000049.SZ,buy,400,2023-08-21,,0.0,pending,submitted,2023-08-21
O001651,000009.SZ,sell,700,2023-08-21,2023-08-22,11.7625257,filled,filled,2023-08-22
O001652,000010.SZ,sell,2300,2023-08-21,2023-08-22,9.501389099999999,filled,filled,2023-08-22
O001653,000039.SZ,sell,100,2023-08-21,2023-08-22,8.513877599999999,filled,filled,2023-08-22
O001654,000046.SZ,sell,2700,2023-08-21,2023-08-22,15.137946900000001,filled,filled,2023-08-22
O001655,000007.SZ,buy,300,2023-08-21,2023-08-22,15.059244199999998,filled,filled,2023-08-22
O001656,000013.SZ,buy,500,2023-08-21,2023-08-22,9.8626528,filled,filled,2023-08-22
O001657,000016.SZ,buy,500,2023-08-21,2023-08-22,9.736927199999998,filled,filled,2023-08-22
O001658,000028.SZ,buy,500,2023-08-21,2023-08-22,9.587377799999999,filled,filled,2023-08-22
O001659,000031.SZ,buy,500,2023-08-21,2023-08-22,8.467158699999999,filled,filled,2023-08-22
O001660,000034.SZ,buy,500,2023-08-21,2023-08-22,9.701692,filled,filled,2023-08-22
O001661,000037.SZ,buy,600,2023-08-21,2023-08-22,8.267559299999999,filled,filled,2023-08-22
O001662,000042.SZ,buy,500,2023-08-21,2023-08-22,8.572564,filled,filled,2023-08-22
O001663,000043.SZ,buy,500,2023-08-21,2023-08-22,9.969859899999998,filled,filled,2023-08-22
O001664,000049.SZ,buy,400,2023-08-21,2023-08-22,10.7859752,filled,filled,2023-08-22
O001665,000025.SZ,sell,5000,2023-08-22,,0.0,pending,submitted,2023-08-22
O001666,000005.SZ,buy,500,2023-08-22,,0.0,pending,submitted,2023-08-22
O001667,000007.SZ,buy,400,2023-08-22,,0.0,pending,submitted,2023-08-22
O001668,000016.SZ,buy,700,2023-08-22,,0.0,pending,submitted,2023-08-22
O001669,000018.SZ,buy,600,2023-08-22,,0.0,pending,submitted,2023-08-22
O001670,000023.SZ,buy,800,2023-08-22,,0.0,pending,submitted,2023-08-22
O001671,000030.SZ,buy,900,2023-08-22,,0.0,pending,submitted,2023-08-22
O001672,000032.SZ,buy,800,2023-08-22,,0.0,pending,submitted,2023-08-22
O001673,000037.SZ,buy,900,2023-08-22,,0.0,pending,submitted,2023-08-22
O001674,000042.SZ,buy,800,2023-08-22,,0.0,pending,submitted,2023-08-22
O001675,000049.SZ,buy,600,2023-08-22,,0.0,pending,submitted,2023-08-22
O001665,000025.SZ,sell,5000,2023-08-22,2023-08-23,13.9207653,filled,filled,2023-08-23
O001666,000005.SZ,buy,500,2023-08-22,2023-08-23,13.220707499999998,filled,filled,2023-08-23
O001667,000007.SZ,buy,400,2023-08-22,2023-08-23,15.486671199999998,filled,filled,2023-08-23
O001668,000016.SZ,buy,700,2023-08-22,2023-08-23,9.610300699999998,filled,filled,2023-08-23
O001669,000018.SZ,buy,600,2023-08-22,2023-08-23,11.282771499999999,filled,filled,2023-08-23
O001670,000023.SZ,buy,800,2023-08-22,2023-08-23,8.984475499999999,filled,filled,2023-08-23
O001671,000030.SZ,buy,900,2023-08-22,2023-08-23,7.9374294999999995,filled,filled,2023-08-23
O001672,000032.SZ,buy,800,2023-08-22,2023-08-23,8.7024938,filled,filled,2023-08-23
O001673,000037.SZ,buy,900,2023-08-22,2023-08-23,8.178470299999999,filled,filled,2023-08-23
O001674,000042.SZ,buy,800,2023-08-22,2023-08-23,8.877868999999999,filled,filled,2023-08-23
O001675,000049.SZ,buy,600,2023-08-22,2023-08-23,11.0587477,filled,filled,2023-08-23
O001676,000006.SZ,sell,5600,2023-08-23,,0.0,pending,submitted,2023-08-23
O001677,000048.SZ,sell,3100,2023-08-23,,0.0,pending,submitted,2023-08-23
O001678,000005.SZ,buy,500,2023-08-23,,0.0,pending,submitted,2023-08-23
O001679,000007.SZ,buy,400,2023-08-23,,0.0,pending,submitted,2023-08-23
O001680,000018.SZ,buy,600,2023-08-23,,0.0,pending,submitted,2023-08-23
O001681,000023.SZ,buy,800,2023-08-23,,0.0,pending,submitted,2023-08-23
O001682,000026.SZ,buy,500,2023-08-23,,0.0,pending,submitted,2023-08-23
O001683,000030.SZ,buy,900,2023-08-23,,0.0,pending,submitted,2023-08-23
O001684,000035.SZ,buy,800,2023-08-23,,0.0,pending,submitted,2023-08-23
O001685,000036.SZ,buy,500,2023-08-23,,0.0,pending,submitted,2023-08-23
O001686,000044.SZ,buy,600,2023-08-23,,0.0,pending,submitted,2023-08-23
O001687,000045.SZ,buy,500,2023-08-23,,0.0,pending,submitted,2023-08-23
O001676,000006.SZ,sell,5600,2023-08-23,2023-08-24,8.099892,filled,filled,2023-08-24
O001677,000048.SZ,sell,3100,2023-08-23,2023-08-24,6.8606324999999995,filled,filled,2023-08-24
O001678,000005.SZ,buy,500,2023-08-23,2023-08-24,13.692378699999997,filled,filled,2023-08-24
O001679,000007.SZ,buy,400,2023-08-23,2023-08-24,15.698783099999998,filled,filled,2023-08-24
O001680,000018.SZ,buy,600,2023-08-23,2023-08-24,11.387375999999998,filled,filled,2023-08-24
O001681,000023.SZ,buy,800,2023-08-23,2023-08-24,8.835526699999999,filled,filled,2023-08-24
O001682,000026.SZ,buy,500,2023-08-23,2023-08-24,12.641028399999998,filled,filled,2023-08-24
O001683,000030.SZ,buy,900,2023-08-23,2023-08-24,7.8287208999999995,filled,filled,2023-08-24
O001684,000035.SZ,buy,800,2023-08-23,2023-08-24,9.044735699999999,filled,filled,2023-08-24
O001685,000036.SZ,buy,500,2023-08-23,2023-08-24,12.783771,filled,filled,2023-08-24
O001686,000044.SZ,buy,600,2023-08-23,2023-08-24,11.253742499999998,filled,filled,2023-08-24
O001687,000045.SZ,buy,500,2023-08-23,2023-08-24,12.869856999999998,filled,filled,2023-08-24
O001688,000029.SZ,sell,14600,2023-08-24,,0.0,pending,submitted,2023-08-24
O001689,000004.SZ,buy,600,2023-08-24,,0.0,pending,submitted,2023-08-24
O001690,000005.SZ,buy,500,2023-08-24,,0.0,pending,submitted,2023-08-24
O001691,000007.SZ,buy,400,2023-08-24,,0.0,pending,submitted,2023-08-24
O001692,000023.SZ,buy,800,2023-08-24,,0.0,pending,submitted,2023-08-24
O001693,000026.SZ,buy,500,2023-08-24,,0.0,pending,submitted,2023-08-24
O001694,000028.SZ,buy,700,2023-08-24,,0.0,pending,submitted,2023-08-24
O001695,000030.SZ,buy,800,2023-08-24,,0.0,pending,submitted,2023-08-24
O001696,000036.SZ,buy,500,2023-08-24,,0.0,pending,submitted,2023-08-24
O001697,000042.SZ,buy,800,2023-08-24,,0.0,pending,submitted,2023-08-24
O001698,000044.SZ,buy,600,2023-08-24,,0.0,pending,submitted,2023-08-24
O001688,000029.SZ,sell,14600,2023-08-24,2023-08-25,10.1642256,filled,filled,2023-08-25
O001689,000004.SZ,buy,600,2023-08-24,2023-08-25,11.022511499999998,filled,filled,2023-08-25
O001690,000005.SZ,buy,500,2023-08-24,2023-08-25,14.225210999999998,filled,filled,2023-08-25
O001691,000007.SZ,buy,400,2023-08-24,2023-08-25,15.395880499999999,filled,filled,2023-08-25
O001692,000023.SZ,buy,800,2023-08-24,2023-08-25,8.9210121,filled,filled,2023-08-25
O001693,000026.SZ,buy,500,2023-08-24,2023-08-25,12.505993499999997,filled,filled,2023-08-25
O001694,000028.SZ,buy,700,2023-08-24,2023-08-25,9.469560099999999,filled,filled,2023-08-25
O001695,000030.SZ,buy,800,2023-08-24,2023-08-25,8.322514199999999,filled,filled,2023-08-25
O001696,000036.SZ,buy,500,2023-08-24,2023-08-25,12.701688999999998,filled,filled,2023-08-25
O001697,000042.SZ,buy,800,2023-08-24,2023-08-25,8.8175087,filled,filled,2023-08-25
O001698,000044.SZ,buy,600,2023-08-24,2023-08-25,11.182771599999999,filled,filled,2023-08-25
O001699,000002.SZ,buy,2500,2023-08-25,,0.0,pending,submitted,2023-08-25
O001700,000004.SZ,buy,1300,2023-08-25,,0.0,pending,submitted,2023-08-25
O001701,000005.SZ,buy,1000,2023-08-25,,0.0,pending,submitted,2023-08-25
O001702,000007.SZ,buy,900,2023-08-25,,0.0,pending,submitted,2023-08-25
O001703,000020.SZ,buy,2100,2023-08-25,,0.0,pending,submitted,2023-08-25
O001704,000021.SZ,buy,1100,2023-08-25,,0.0,pending,submitted,2023-08-25
O001705,000026.SZ,buy,1200,2023-08-25,,0.0,pending,submitted,2023-08-25
O001706,000030.SZ,buy,1700,2023-08-25,,0.0,pending,submitted,2023-08-25
O001707,000036.SZ,buy,1100,2023-08-25,,0.0,pending,submitted,2023-08-25
O001708,000044.SZ,buy,1300,2023-08-25,,0.0,pending,submitted,2023-08-25
O001699,000002.SZ,buy,2500,2023-08-25,2023-08-28,5.8723665,filled,filled,2023-08-28
O001700,000004.SZ,buy,1300,2023-08-25,2023-08-28,10.9644535,filled,filled,2023-08-28
O001701,000005.SZ,buy,1000,2023-08-25,2023-08-28,13.859846,filled,filled,2023-08-28
O001702,000007.SZ,buy,900,2023-08-25,2023-08-28,15.906490599999998,filled,filled,2023-08-28
O001703,000020.SZ,buy,2100,2023-08-25,2023-08-28,7.032525499999999,filled,filled,2023-08-28
O001704,000021.SZ,buy,1100,2023-08-25,2023-08-28,13.0889759,filled,filled,2023-08-28
O001705,000026.SZ,buy,1200,2023-08-25,2023-08-28,11.839727899999998,filled,filled,2023-08-28
O001706,000030.SZ,buy,1700,2023-08-25,2023-08-28,8.485577099999999,filled,filled,2023-08-28
O001707,000036.SZ,buy,1100,2023-08-25,2023-08-28,12.9424295,filled,filled,2023-08-28
O001708,000044.SZ,buy,1300,2023-08-25,2023-08-28,11.104293199999999,filled,filled,2023-08-28
O001709,000031.SZ,sell,500,2023-08-28,,0.0,pending,submitted,2023-08-28
O001710,000002.SZ,buy,200,2023-08-28,,0.0,pending,submitted,2023-08-28
O001711,000004.SZ,buy,100,2023-08-28,,0.0,pending,submitted,2023-08-28
O001712,000005.SZ,buy,100,2023-08-28,,0.0,pending,submitted,2023-08-28
O001713,000021.SZ,buy,100,2023-08-28,,0.0,pending,submitted,2023-08-28
O001714,000026.SZ,buy,100,2023-08-28,,0.0,pending,submitted,2023-08-28
O001715,000030.SZ,buy,100,2023-08-28,,0.0,pending,submitted,2023-08-28
O001716,000039.SZ,buy,100,2023-08-28,,0.0,pending,submitted,2023-08-28
O001717,000045.SZ,buy,100,2023-08-28,,0.0,pending,submitted,2023-08-28
O001718,000047.SZ,buy,100,2023-08-28,,0.0,pending,submitted,2023-08-28
O001709,000031.SZ,sell,500,2023-08-28,2023-08-29,7.7474448,filled,filled,2023-08-29
O001710,000002.SZ,buy,200,2023-08-28,2023-08-29,5.823918099999999,filled,filled,2023-08-29
O001711,000004.SZ,buy,100,2023-08-28,2023-08-29,11.113202099999999,filled,filled,2023-08-29
O001712,000005.SZ,buy,100,2023-08-28,2023-08-29,13.8129992,filled,filled,2023-08-29
O001713,000021.SZ,buy,100,2023-08-28,2023-08-29,12.943330399999999,filled,filled,2023-08-29
O001714,000026.SZ,buy,100,2023-08-28,2023-08-29,12.330317999999998,filled,filled,2023-08-29
O001715,000030.SZ,buy,100,2023-08-28,2023-08-29,8.3885802,filled,filled,2023-08-29
O001716,000039.SZ,buy,100,2023-08-28,2023-08-29,8.9370281,filled,filled,2023-08-29
O001717,000045.SZ,buy,100,2023-08-28,2023-08-29,13.553539999999998,filled,filled,2023-08-29
O001718,000047.SZ,buy,100,2023-08-28,2023-08-29,13.024711699999997,filled,filled,2023-08-29
O001719,000002.SZ,buy,100,2023-08-29,,0.0,pending,submitted,2023-08-29
O001719,000002.SZ,buy,100,2023-08-29,2023-08-30,5.9596537,filled,filled,2023-08-30
O001720,000001.SZ,sell,800,2023-08-30,,0.0,pending,submitted,2023-08-30
O001721,000017.SZ,sell,2200,2023-08-30,,0.0,pending,submitted,2023-08-30
O001722,000018.SZ,sell,1200,2023-08-30,,0.0,pending,submitted,2023-08-30
O001723,000036.SZ,sell,4500,2023-08-30,,0.0,pending,submitted,2023-08-30
O001724,000002.SZ,buy,100,2023-08-30,,0.0,pending,submitted,2023-08-30
O001725,000008.SZ,buy,100,2023-08-30,,0.0,pending,submitted,2023-08-30
O001720,000001.SZ,sell,800,2023-08-30,2023-08-31,10.929759299999999,filled,filled,2023-08-31
O001721,000017.SZ,sell,2200,2023-08-30,2023-08-31,11.6933949,filled,filled,2023-08-31
O001722,000018.SZ,sell,1200,2023-08-30,2023-08-31,10.9315575,filled,filled,2023-08-31
O001723,000036.SZ,sell,4500,2023-08-30,2023-08-31,12.0900978,filled,filled,2023-08-31
O001724,000002.SZ,buy,100,2023-08-30,2023-08-31,6.1809747999999995,filled,filled,2023-08-31
O001725,000008.SZ,buy,100,2023-08-30,2023-08-31,7.673565899999999,filled,filled,2023-08-31
O001726,000005.SZ,sell,3100,2023-08-31,,0.0,pending,submitted,2023-08-31
O001727,000023.SZ,sell,2400,2023-08-31,,0.0,pending,submitted,2023-08-31
O001728,000042.SZ,sell,6000,2023-08-31,,0.0,pending,submitted,2023-08-31
O001729,000002.SZ,buy,1600,2023-08-31,,0.0,pending,submitted,2023-08-31
O001730,000003.SZ,buy,700,2023-08-31,,0.0,pending,submitted,2023-08-31
O001731,000007.SZ,buy,600,2023-08-31,,0.0,pending,submitted,2023-08-31
O001732,000008.SZ,buy,1300,2023-08-31,,0.0,pending,submitted,2023-08-31
O001733,000013.SZ,buy,1000,2023-08-31,,0.0,pending,submitted,2023-08-31
O001734,000025.SZ,buy,700,2023-08-31,,0.0,pending,submitted,2023-08-31
O001735,000030.SZ,buy,1100,2023-08-31,,0.0,pending,submitted,2023-08-31
O001736,000037.SZ,buy,1100,2023-08-31,,0.0,pending,submitted,2023-08-31
O001737,000039.SZ,buy,1100,2023-08-31,,0.0,pending,submitted,2023-08-31
O001738,000045.SZ,buy,700,2023-08-31,,0.0,pending,submitted,2023-08-31
O001726,000005.SZ,sell,3100,2023-08-31,2023-09-01,13.2018849,filled,filled,2023-09-01
O001727,000023.SZ,sell,2400,2023-08-31,2023-09-01,8.569322099999999,filled,filled,2023-09-01
O001728,000042.SZ,sell,6000,2023-08-31,2023-09-01,8.3999916,filled,filled,2023-09-01
O001729,000002.SZ,buy,1600,2023-08-31,2023-09-01,6.2785722999999996,filled,filled,2023-09-01
O001730,000003.SZ,buy,700,2023-08-31,2023-09-01,13.277964699999998,filled,filled,2023-09-01
O001731,000007.SZ,buy,600,2023-08-31,2023-09-01,16.161545399999998,filled,filled,2023-09-01
O001732,000008.SZ,buy,1300,2023-08-31,2023-09-01,7.696889199999998,filled,filled,2023-09-01
O001733,000013.SZ,buy,1000,2023-08-31,2023-09-01,10.034524499999998,filled,filled,2023-09-01
O001734,000025.SZ,buy,700,2023-08-31,2023-09-01,13.544130599999999,filled,filled,2023-09-01
O001735,000030.SZ,buy,1100,2023-08-31,2023-09-01,8.7166079,filled,filled,2023-09-01
O001736,000037.SZ,buy,1100,2023-08-31,2023-09-01,8.790982199999998,filled,filled,2023-09-01
O001737,000039.SZ,buy,1100,2023-08-31,2023-09-01,9.043434399999999,filled,filled,2023-09-01
O001738,000045.SZ,buy,700,2023-08-31,2023-09-01,13.218104899999998,filled,filled,2023-09-01
O001739,000021.SZ,sell,1200,2023-09-01,,0.0,pending,submitted,2023-09-01
O001740,000049.SZ,sell,7300,2023-09-01,,0.0,pending,submitted,2023-09-01
O001741,000002.SZ,buy,1800,2023-09-01,,0.0,pending,submitted,2023-09-01
O001742,000006.SZ,buy,1400,2023-09-01,,0.0,pending,submitted,2023-09-01
O001743,000008.SZ,buy,1400,2023-09-01,,0.0,pending,submitted,2023-09-01
O001744,000010.SZ,buy,1200,2023-09-01,,0.0,pending,submitted,2023-09-01
O001745,000013.SZ,buy,1100,2023-09-01,,0.0,pending,submitted,2023-09-01
O001746,000019.SZ,buy,900,2023-09-01,,0.0,pending,submitted,2023-09-01
O001747,000025.SZ,buy,800,2023-09-01,,0.0,pending,submitted,2023-09-01
O001748,000026.SZ,buy,900,2023-09-01,,0.0,pending,submitted,2023-09-01
O001749,000037.SZ,buy,1300,2023-09-01,,0.0,pending,submitted,2023-09-01
O001750,000047.SZ,buy,800,2023-09-01,,0.0,pending,submitted,2023-09-01
O001739,000021.SZ,sell,1200,2023-09-01,2023-09-04,12.438249299999999,filled,filled,2023-09-04
O001740,000049.SZ,sell,7300,2023-09-01,2023-09-04,10.5688206,filled,filled,2023-09-04
O001741,000002.SZ,buy,1800,2023-09-01,2023-09-04,6.186179999999999,filled,filled,2023-09-04
O001742,000006.SZ,buy,1400,2023-09-01,2023-09-04,8.1022942,filled,filled,2023-09-04
O001743,000008.SZ,buy,1400,2023-09-01,2023-09-04,7.956648699999999,filled,filled,2023-09-04
O001744,000010.SZ,buy,1200,2023-09-01,2023-09-04,9.039029999999999,filled,filled,2023-09-04
O001745,000013.SZ,buy,1100,2023-09-01,2023-09-04,9.826216399999998,filled,filled,2023-09-04
O001746,000019.SZ,buy,900,2023-09-01,2023-09-04,12.612599999999999,filled,filled,2023-09-04
O001747,000025.SZ,buy,800,2023-09-01,2023-09-04,13.7796659,filled,filled,2023-09-04
O001748,000026.SZ,buy,900,2023-09-01,2023-09-04,12.356343999999998,filled,filled,2023-09-04
O001749,000037.SZ,buy,1300,2023-09-01,2023-09-04,8.8724636,filled,filled,2023-09-04
O001750,000047.SZ,buy,800,2023-09-01,2023-09-04,13.202589399999997,filled,filled,2023-09-04
O001751,000044.SZ,sell,5200,2023-09-04,,0.0,pending,submitted,2023-09-04
O001752,000047.SZ,sell,6600,2023-09-04,,0.0,pending,submitted,2023-09-04
O001753,000002.SZ,buy,1600,2023-09-04,,0.0,pending,submitted,2023-09-04
O001754,000007.SZ,buy,600,2023-09-04,,0.0,pending,submitted,2023-09-04
O001755,000008.SZ,buy,1200,2023-09-04,,0.0,pending,submitted,2023-09-04
O001756,000009.SZ,buy,800,2023-09-04,,0.0,pending,submitted,2023-09-04
O001757,000016.SZ,buy,900,2023-09-04,,0.0,pending,submitted,2023-09-04
O001758,000019.SZ,buy,700,2023-09-04,,0.0,pending,submitted,2023-09-04
O001759,000020.SZ,buy,1400,2023-09-04,,0.0,pending,submitted,2023-09-04
O001760,000030.SZ,buy,1100,2023-09-04,,0.0,pending,submitted,2023-09-04
O001761,000042.SZ,buy,1100,2023-09-04,,0.0,pending,submitted,2023-09-04
O001762,000043.SZ,buy,900,2023-09-04,,0.0,pending,submitted,2023-09-04
O001751,000044.SZ,sell,5200,2023-09-04,2023-09-05,10.4895,filled,filled,2023-09-05
O001752,000047.SZ,sell,6600,2023-09-04,2023-09-05,12.4189686,filled,filled,2023-09-05
O001753,000002.SZ,buy,1600,2023-09-04,2023-09-05,6.1923862,filled,filled,2023-09-05
O001754,000007.SZ,buy,600,2023-09-04,2023-09-05,16.459543099999998,filled,filled,2023-09-05
O001755,000008.SZ,buy,1200,2023-09-04,2023-09-05,7.916308399999999,filled,filled,2023-09-05
O001756,000009.SZ,buy,800,2023-09-04,2023-09-05,11.770158399999998,filled,filled,2023-09-05
O001757,000016.SZ,buy,900,2023-09-04,2023-09-05,9.9478379,filled,filled,2023-09-05
O001758,000019.SZ,buy,700,2023-09-04,2023-09-05,12.834721899999998,filled,filled,2023-09-05
O001759,000020.SZ,buy,1400,2023-09-04,2023-09-05,7.0649579,filled,filled,2023-09-05
O001760,000030.SZ,buy,1100,2023-09-04,2023-09-05,8.666357699999999,filled,filled,2023-09-05
O001761,000042.SZ,buy,1100,2023-09-04,2023-09-05,8.6013928,filled,filled,2023-09-05
O001762,000043.SZ,buy,900,2023-09-04,2023-09-05,10.344934599999998,filled,filled,2023-09-05
O001763,000003.SZ,sell,700,2023-09-05,,0.0,pending,submitted,2023-09-05
O001764,000028.SZ,sell,1200,2023-09-05,,0.0,pending,submitted,2023-09-05
O001765,000035.SZ,sell,800,2023-09-05,,0.0,pending,submitted,2023-09-05
O001766,000002.SZ,buy,2100,2023-09-05,,0.0,pending,submitted,2023-09-05
O001767,000008.SZ,buy,1700,2023-09-05,,0.0,pending,submitted,2023-09-05
O001768,000013.SZ,buy,1300,2023-09-05,,0.0,pending,submitted,2023-09-05
O001769,000014.SZ,buy,1000,2023-09-05,,0.0,pending,submitted,2023-09-05
O001770,000016.SZ,buy,1300,2023-09-05,,0.0,pending,submitted,2023-09-05
O001771,000020.SZ,buy,1900,2023-09-05,,0.0,pending,submitted,2023-09-05
O001772,000022.SZ,buy,2000,2023-09-05,,0.0,pending,submitted,2023-09-05
O001773,000037.SZ,buy,1500,2023-09-05,,0.0,pending,submitted,2023-09-05
O001774,000040.SZ,buy,1000,2023-09-05,,0.0,pending,submitted,2023-09-05
O001775,000043.SZ,buy,1300,2023-09-05,,0.0,pending,submitted,2023-09-05
O001763,000003.SZ,sell,700,2023-09-05,2023-09-06,12.7648224,filled,filled,2023-09-06
O001764,000028.SZ,sell,1200,2023-09-05,2023-09-06,9.046344600000001,filled,filled,2023-09-06
O001765,000035.SZ,sell,800,2023-09-05,2023-09-06,8.876115,filled,filled,2023-09-06
O001766,000002.SZ,buy,2100,2023-09-05,2023-09-06,6.5117052,filled,filled,2023-09-06
O001767,000008.SZ,buy,1700,2023-09-05,2023-09-06,7.974466499999999,filled,filled,2023-09-06
O001768,000013.SZ,buy,1300,2023-09-05,2023-09-06,10.4020917,filled,filled,2023-09-06
O001769,000014.SZ,buy,1000,2023-09-05,2023-09-06,13.068155099999998,filled,filled,2023-09-06
O001770,000016.SZ,buy,1300,2023-09-05,2023-09-06,10.0407307,filled,filled,2023-09-06
O001771,000020.SZ,buy,1900,2023-09-05,2023-09-06,7.1048978,filled,filled,2023-09-06
O001772,000022.SZ,buy,2000,2023-09-05,2023-09-06,6.665759099999999,filled,filled,2023-09-06
O001773,000037.SZ,buy,1500,2023-09-05,2023-09-06,8.8397309,filled,filled,2023-09-06
O001774,000040.SZ,buy,1000,2023-09-05,2023-09-06,12.707394699999998,filled,filled,2023-09-06
O001775,000043.SZ,buy,1300,2023-09-05,2023-09-06,10.3636533,filled,filled,2023-09-06
O001776,000025.SZ,sell,1500,2023-09-06,,0.0,pending,submitted,2023-09-06
O001777,000026.SZ,sell,6200,2023-09-06,,0.0,pending,submitted,2023-09-06
O001778,000030.SZ,sell,6600,2023-09-06,,0.0,pending,submitted,2023-09-06
O001779,000034.SZ,sell,4300,2023-09-06,,0.0,pending,submitted,2023-09-06
O001780,000008.SZ,buy,400,2023-09-06,,0.0,pending,submitted,2023-09-06
O001781,000013.SZ,buy,300,2023-09-06,,0.0,pending,submitted,2023-09-06
O001782,000014.SZ,buy,200,2023-09-06,,0.0,pending,submitted,2023-09-06
O001783,000016.SZ,buy,300,2023-09-06,,0.0,pending,submitted,2023-09-06
O001784,000020.SZ,buy,500,2023-09-06,,0.0,pending,submitted,2023-09-06
O001785,000022.SZ,buy,500,2023-09-06,,0.0,pending,submitted,2023-09-06
O001786,000040.SZ,buy,200,2023-09-06,,0.0,pending,submitted,2023-09-06
O001787,000042.SZ,buy,400,2023-09-06,,0.0,pending,submitted,2023-09-06
O001788,000046.SZ,buy,200,2023-09-06,,0.0,pending,submitted,2023-09-06
O001789,000048.SZ,buy,500,2023-09-06,,0.0,pending,submitted,2023-09-06
O001776,000025.SZ,sell,1500,2023-09-06,2023-09-07,12.6120753,filled,filled,2023-09-07
O001777,000026.SZ,sell,6200,2023-09-06,2023-09-07,11.1892995,filled,filled,2023-09-07
O001778,000030.SZ,sell,6600,2023-09-06,2023-09-07,8.1992925,filled,filled,2023-09-07
O001779,000034.SZ,sell,4300,2023-09-06,2023-09-07,9.4297608,filled,filled,2023-09-07
O001780,000008.SZ,buy,400,2023-09-06,2023-09-07,8.080972899999999,filled,filled,2023-09-07
O001781,000013.SZ,buy,300,2023-09-06,2023-09-07,10.270259999999999,filled,filled,2023-09-07
O001782,000014.SZ,buy,200,2023-09-06,2023-09-07,13.239426199999999,filled,filled,2023-09-07
O001783,000016.SZ,buy,300,2023-09-06,2023-09-07,10.174264099999998,filled,filled,2023-09-07
O001784,000020.SZ,buy,500,2023-09-06,2023-09-07,7.192885699999999,filled,filled,2023-09-07
O001785,000022.SZ,buy,500,2023-09-06,2023-09-07,6.911004099999999,filled,filled,2023-09-07
O001786,000040.SZ,buy,200,2023-09-06,2023-09-07,12.595182599999998,filled,filled,2023-09-07
O001787,000042.SZ,buy,400,2023-09-06,2023-09-07,8.865856999999998,filled,filled,2023-09-07
O001788,000046.SZ,buy,200,2023-09-06,2023-09-07,14.471256799999997,filled,filled,2023-09-07
O001789,000048.SZ,buy,500,2023-09-06,2023-09-07,6.618712099999999,filled,filled,2023-09-07
O001790,000046.SZ,sell,200,2023-09-07,,0.0,pending,submitted,2023-09-07
O001791,000006.SZ,buy,2100,2023-09-07,,0.0,pending,submitted,2023-09-07
O001792,000008.SZ,buy,2200,2023-09-07,,0.0,pending,submitted,2023-09-07
O001793,000009.SZ,buy,1500,2023-09-07,,0.0,pending,submitted,2023-09-07
O001794,000013.SZ,buy,1600,2023-09-07,,0.0,pending,submitted,2023-09-07
O001795,000014.SZ,buy,1300,2023-09-07,,0.0,pending,submitted,2023-09-07
O001796,000016.SZ,buy,1700,2023-09-07,,0.0,pending,submitted,2023-09-07
O001797,000020.SZ,buy,2400,2023-09-07,,0.0,pending,submitted,2023-09-07
O001798,000022.SZ,buy,2500,2023-09-07,,0.0,pending,submitted,2023-09-07
O001799,000041.SZ,buy,1500,2023-09-07,,0.0,pending,submitted,2023-09-07
O001800,000042.SZ,buy,2000,2023-09-07,,0.0,pending,submitted,2023-09-07
O001790,000046.SZ,sell,200,2023-09-07,2023-09-08,13.759726500000001,filled,filled,2023-09-08
O001791,000006.SZ,buy,2100,2023-09-07,2023-09-08,8.253845599999998,filled,filled,2023-09-08
O001792,000008.SZ,buy,2200,2023-09-07,2023-09-08,8.120512399999999,filled,filled,2023-09-08
O001793,000009.SZ,buy,1500,2023-09-07,2023-09-08,11.7786669,filled,filled,2023-09-08
O001794,000013.SZ,buy,1600,2023-09-07,2023-09-08,10.910199299999999,filled,filled,2023-09-08
O001795,000014.SZ,buy,1300,2023-09-07,2023-09-08,13.1860729,filled,filled,2023-09-08
O001796,000016.SZ,buy,1700,2023-09-07,2023-09-08,10.4471367,filled,filled,2023-09-08
O001797,000020.SZ,buy,2400,2023-09-07,2023-09-08,7.336629299999999,filled,filled,2023-09-08
O001798,000022.SZ,buy,2500,2023-09-07,2023-09-08,6.993286299999999,filled,filled,2023-09-08
O001799,000041.SZ,buy,1500,2023-09-07,2023-09-08,11.579968399999998,filled,filled,2023-09-08
O001800,000042.SZ,buy,2000,2023-09-07,2023-09-08,8.8714626,filled,filled,2023-09-08
O001801,000048.SZ,sell,500,2023-09-08,,0.0,pending,submitted,2023-09-08
O001802,000004.SZ,buy,100,2023-09-08,,0.0,pending,submitted,2023-09-08
O001803,000006.SZ,buy,200,2023-09-08,,0.0,pending,submitted,2023-09-08
O001804,000013.SZ,buy,100,2023-09-08,,0.0,pending,submitted,2023-09-08
O001805,000016.SZ,buy,100,2023-09-08,,0.0,pending,submitted,2023-09-08
O001806,000020.SZ,buy,200,2023-09-08,,0.0,pending,submitted,2023-09-08
O001807,000022.SZ,buy,200,2023-09-08,,0.0,pending,submitted,2023-09-08
O001808,000035.SZ,buy,100,2023-09-08,,0.0,pending,submitted,2023-09-08
O001809,000040.SZ,buy,100,2023-09-08,,0.0,pending,submitted,2023-09-08
O001810,000041.SZ,buy,100,2023-09-08,,0.0,pending,submitted,2023-09-08
O001811,000042.SZ,buy,100,2023-09-08,,0.0,pending,submitted,2023-09-08
O001801,000048.SZ,sell,500,2023-09-08,2023-09-11,6.16383,filled,filled,2023-09-11
O001802,000004.SZ,buy,100,2023-09-08,2023-09-11,11.599187599999999,filled,filled,2023-09-11
O001803,000006.SZ,buy,200,2023-09-08,2023-09-11,8.5427342,filled,filled,2023-09-11
O001804,000013.SZ,buy,100,2023-09-08,2023-09-11,10.5864759,filled,filled,2023-09-11
O001805,000016.SZ,buy,100,2023-09-08,2023-09-11,10.525815299999998,filled,filled,2023-09-11
O001806,000020.SZ,buy,200,2023-09-08,2023-09-11,7.258150899999999,filled,filled,2023-09-11
O001807,000022.SZ,buy,200,2023-09-08,2023-09-11,7.043636599999999,filled,filled,2023-09-11
O001808,000035.SZ,buy,100,2023-09-08,2023-09-11,9.6270174,filled,filled,2023-09-11
O001809,000040.SZ,buy,100,2023-09-08,2023-09-11,12.584571999999998,filled,filled,2023-09-11
O001810,000041.SZ,buy,100,2023-09-08,2023-09-11,11.819107299999999,filled,filled,2023-09-11
O001811,000042.SZ,buy,100,2023-09-08,2023-09-11,8.723014299999999,filled,filled,2023-09-11
O001812,000033.SZ,sell,2400,2023-09-11,,0.0,pending,submitted,2023-09-11
O001813,000006.SZ,buy,100,2023-09-11,,0.0,pending,submitted,2023-09-11
O001814,000008.SZ,buy,100,2023-09-11,,0.0,pending,submitted,2023-09-11
O001815,000022.SZ,buy,100,2023-09-11,,0.0,pending,submitted,2023-09-11
O001816,000024.SZ,buy,100,2023-09-11,,0.0,pending,submitted,2023-09-11
O001812,000033.SZ,sell,2400,2023-09-11,2023-09-12,11.935952100000002,filled,filled,2023-09-12
O001813,000006.SZ,buy,100,2023-09-11,2023-09-12,8.6067982,filled,filled,2023-09-12
O001814,000008.SZ,buy,100,2023-09-11,2023-09-12,8.4277193,filled,filled,2023-09-12
O001815,000022.SZ,buy,100,2023-09-11,2023-09-12,7.0092022,filled,filled,2023-09-12
O001816,000024.SZ,buy,100,2023-09-11,2023-09-12,6.4648584,filled,filled,2023-09-12
O001817,000014.SZ,sell,2500,2023-09-12,,0.0,pending,submitted,2023-09-12
O001818,000040.SZ,sell,1300,2023-09-12,,0.0,pending,submitted,2023-09-12
O001819,000003.SZ,buy,200,2023-09-12,,0.0,pending,submitted,2023-09-12
O001820,000005.SZ,buy,200,2023-09-12,,0.0,pending,submitted,2023-09-12
O001821,000006.SZ,buy,300,2023-09-12,,0.0,pending,submitted,2023-09-12
O001822,000008.SZ,buy,400,2023-09-12,,0.0,pending,submitted,2023-09-12
O001823,000016.SZ,buy,300,2023-09-12,,0.0,pending,submitted,2023-09-12
O001824,000018.SZ,buy,200,2023-09-12,,0.0,pending,submitted,2023-09-12
O001825,000022.SZ,buy,400,2023-09-12,,0.0,pending,submitted,2023-09-12
O001826,000024.SZ,buy,400,2023-09-12,,0.0,pending,submitted,2023-09-12
O001827,000035.SZ,buy,300,2023-09-12,,0.0,pending,submitted,2023-09-12
O001828,000041.SZ,buy,200,2023-09-12,,0.0,pending,submitted,2023-09-12
O001817,000014.SZ,sell,2500,2023-09-12,2023-09-13,12.2741136,filled,filled,2023-09-13
O001818,000040.SZ,sell,1300,2023-09-12,2023-09-13,11.8502379,filled,filled,2023-09-13
O001819,000003.SZ,buy,200,2023-09-12,2023-09-13,13.544230699999998,filled,filled,2023-09-13
O001820,000005.SZ,buy,200,2023-09-12,2023-09-13,13.991277299999998,filled,filled,2023-09-13
O001821,000006.SZ,buy,300,2023-09-12,2023-09-13,8.516207699999999,filled,filled,2023-09-13
O001822,000008.SZ,buy,400,2023-09-12,2023-09-13,8.218009799999999,filled,filled,2023-09-13
O001823,000016.SZ,buy,300,2023-09-12,2023-09-13,10.537727199999999,filled,filled,2023-09-13
O001824,000018.SZ,buy,200,2023-09-12,2023-09-13,11.231820599999997,filled,filled,2023-09-13
O001825,000022.SZ,buy,400,2023-09-12,2023-09-13,7.195788599999999,filled,filled,2023-09-13
O001826,000024.SZ,buy,400,2023-09-12,2023-09-13,6.6261195,filled,filled,2023-09-13
O001827,000035.SZ,buy,300,2023-09-12,2023-09-13,9.6991895,filled,filled,2023-09-13
O001828,000041.SZ,buy,200,2023-09-12,2023-09-13,11.939427499999999,filled,filled,2023-09-13
O001829,000003.SZ,buy,300,2023-09-13,,0.0,pending,submitted,2023-09-13
O001830,000005.SZ,buy,300,2023-09-13,,0.0,pending,submitted,2023-09-13
O001831,000006.SZ,buy,600,2023-09-13,,0.0,pending,submitted,2023-09-13
O001832,000013.SZ,buy,400,2023-09-13,,0.0,pending,submitted,2023-09-13
O001833,000016.SZ,buy,400,2023-09-13,,0.0,pending,submitted,2023-09-13
O001834,000022.SZ,buy,600,2023-09-13,,0.0,pending,submitted,2023-09-13
O001835,000024.SZ,buy,700,2023-09-13,,0.0,pending,submitted,2023-09-13
O001836,000027.SZ,buy,500,2023-09-13,,0.0,pending,submitted,2023-09-13
O001837,000029.SZ,buy,500,2023-09-13,,0.0,pending,submitted,2023-09-13
O001838,000041.SZ,buy,400,2023-09-13,,0.0,pending,submitted,2023-09-13
O001829,000003.SZ,buy,300,2023-09-13,2023-09-14,13.277664399999999,filled,filled,2023-09-14
O001830,000005.SZ,buy,300,2023-09-13,2023-09-14,14.4707563,filled,filled,2023-09-14
O001831,000006.SZ,buy,600,2023-09-13,2023-09-14,8.400492099999997,filled,filled,2023-09-14
O001832,000013.SZ,buy,400,2023-09-13,2023-09-14,10.929418499999999,filled,filled,2023-09-14
O001833,000016.SZ,buy,400,2023-09-13,2023-09-14,10.653542899999998,filled,filled,2023-09-14
O001834,000022.SZ,buy,600,2023-09-13,2023-09-14,7.353145799999999,filled,filled,2023-09-14
O001835,000024.SZ,buy,700,2023-09-13,2023-09-14,6.633626999999999,filled,filled,2023-09-14
O001836,000027.SZ,buy,500,2023-09-13,2023-09-14,8.551142599999999,filled,filled,2023-09-14
O001837,000029.SZ,buy,500,2023-09-13,2023-09-14,9.9494395,filled,filled,2023-09-14
O001838,000041.SZ,buy,400,2023-09-13,2023-09-14,12.226414199999999,filled,filled,2023-09-14
O001839,000009.SZ,sell,2300,2023-09-14,,0.0,pending,submitted,2023-09-14
O001840,000037.SZ,sell,7000,2023-09-14,,0.0,pending,submitted,2023-09-14
O001841,000022.SZ,buy,100,2023-09-14,,0.0,pending,submitted,2023-09-14
O001842,000024.SZ,buy,100,2023-09-14,,0.0,pending,submitted,2023-09-14
O001839,000009.SZ,sell,2300,2023-09-14,2023-09-15,11.2633254,filled,filled,2023-09-15
O001840,000037.SZ,sell,7000,2023-09-14,2023-09-15,8.7059853,filled,filled,2023-09-15
O001841,000022.SZ,buy,100,2023-09-14,2023-09-15,7.287380099999999,filled,filled,2023-09-15
O001842,000024.SZ,buy,100,2023-09-14,2023-09-15,6.521014499999999,filled,filled,2023-09-15
O001843,000006.SZ,sell,4700,2023-09-15,,0.0,pending,submitted,2023-09-15
O001844,000022.SZ,sell,6400,2023-09-15,,0.0,pending,submitted,2023-09-15
O001845,000035.SZ,sell,400,2023-09-15,,0.0,pending,submitted,2023-09-15
O001846,000005.SZ,buy,600,2023-09-15,,0.0,pending,submitted,2023-09-15
O001847,000010.SZ,buy,900,2023-09-15,,0.0,pending,submitted,2023-09-15
O001848,000015.SZ,buy,700,2023-09-15,,0.0,pending,submitted,2023-09-15
O001849,000019.SZ,buy,600,2023-09-15,,0.0,pending,submitted,2023-09-15
O001850,000034.SZ,buy,800,2023-09-15,,0.0,pending,submitted,2023-09-15
O001851,000038.SZ,buy,600,2023-09-15,,0.0,pending,submitted,2023-09-15
O001852,000039.SZ,buy,900,2023-09-15,,0.0,pending,submitted,2023-09-15
O001853,000044.SZ,buy,800,2023-09-15,,0.0,pending,submitted,2023-09-15
O001854,000045.SZ,buy,600,2023-09-15,,0.0,pending,submitted,2023-09-15
O001855,000047.SZ,buy,600,2023-09-15,,0.0,pending,submitted,2023-09-15
O001843,000006.SZ,sell,4700,2023-09-15,2023-09-18,7.9555365,filled,filled,2023-09-18
O001844,000022.SZ,sell,6400,2023-09-15,2023-09-18,6.7575357,filled,filled,2023-09-18
O001845,000035.SZ,sell,400,2023-09-15,2023-09-18,9.0137772,filled,filled,2023-09-18
O001846,000005.SZ,buy,600,2023-09-15,2023-09-18,14.700585899999998,filled,filled,2023-09-18
O001847,000010.SZ,buy,900,2023-09-15,2023-09-18,9.444635199999999,filled,filled,2023-09-18
O001848,000015.SZ,buy,700,2023-09-15,2023-09-18,11.992380399999998,filled,filled,2023-09-18
O001849,000019.SZ,buy,600,2023-09-15,2023-09-18,12.8783655,filled,filled,2023-09-18
O001850,000034.SZ,buy,800,2023-09-15,2023-09-18,9.9778679,filled,filled,2023-09-18
O001851,000038.SZ,buy,600,2023-09-15,2023-09-18,12.979366399999998,filled,filled,2023-09-18
O001852,000039.SZ,buy,900,2023-09-15,2023-09-18,9.3409316,filled,filled,2023-09-18
O001853,000044.SZ,buy,800,2023-09-15,2023-09-18,10.973162199999997,filled,filled,2023-09-18
O001854,000045.SZ,buy,600,2023-09-15,2023-09-18,13.939425499999999,filled,filled,2023-09-18
O001855,000047.SZ,buy,600,2023-09-15,2023-09-18,13.306893599999999,filled,filled,2023-09-18
O001856,000024.SZ,sell,1300,2023-09-18,,0.0,pending,submitted,2023-09-18
O001857,000027.SZ,sell,500,2023-09-18,,0.0,pending,submitted,2023-09-18
O001858,000005.SZ,buy,600,2023-09-18,,0.0,pending,submitted,2023-09-18
O001859,000007.SZ,buy,500,2023-09-18,,0.0,pending,submitted,2023-09-18
O001860,000010.SZ,buy,900,2023-09-18,,0.0,pending,submitted,2023-09-18
O001861,000014.SZ,buy,600,2023-09-18,,0.0,pending,submitted,2023-09-18
O001862,000026.SZ,buy,700,2023-09-18,,0.0,pending,submitted,2023-09-18
O001863,000029.SZ,buy,800,2023-09-18,,0.0,pending,submitted,2023-09-18
O001864,000038.SZ,buy,600,2023-09-18,,0.0,pending,submitted,2023-09-18
O001865,000041.SZ,buy,700,2023-09-18,,0.0,pending,submitted,2023-09-18
O001866,000044.SZ,buy,800,2023-09-18,,0.0,pending,submitted,2023-09-18
O001867,000045.SZ,buy,600,2023-09-18,,0.0,pending,submitted,2023-09-18
O001856,000024.SZ,sell,1300,2023-09-18,2023-09-19,6.2483454,filled,filled,2023-09-19
O001857,000027.SZ,sell,500,2023-09-18,2023-09-19,7.8452469,filled,filled,2023-09-19
O001858,000005.SZ,buy,600,2023-09-18,2023-09-19,14.593879299999998,filled,filled,2023-09-19
O001859,000007.SZ,buy,500,2023-09-18,2023-09-19,16.5301136,filled,filled,2023-09-19
O001860,000010.SZ,buy,900,2023-09-18,2023-09-19,9.390381,filled,filled,2023-09-19
O001861,000014.SZ,buy,600,2023-09-18,2023-09-19,13.128215099999998,filled,filled,2023-09-19
O001862,000026.SZ,buy,700,2023-09-18,2023-09-19,11.4928814,filled,filled,2023-09-19
O001863,000029.SZ,buy,800,2023-09-18,2023-09-19,10.259749499999998,filled,filled,2023-09-19
O001864,000038.SZ,buy,600,2023-09-18,2023-09-19,12.970958,filled,filled,2023-09-19
O001865,000041.SZ,buy,700,2023-09-18,2023-09-19,12.2848726,filled,filled,2023-09-19
O001866,000044.SZ,buy,800,2023-09-18,2023-09-19,11.038627599999998,filled,filled,2023-09-19
O001867,000045.SZ,buy,600,2023-09-18,2023-09-19,14.294079799999999,filled,filled,2023-09-19
O001868,000019.SZ,sell,2200,2023-09-19,,0.0,pending,submitted,2023-09-19
O001869,000047.SZ,sell,600,2023-09-19,,0.0,pending,submitted,2023-09-19
O001870,000003.SZ,buy,100,2023-09-19,,0.0,pending,submitted,2023-09-19
O001871,000004.SZ,buy,100,2023-09-19,,0.0,pending,submitted,2023-09-19
O001872,000005.SZ,buy,100,2023-09-19,,0.0,pending,submitted,2023-09-19
O001873,000007.SZ,buy,100,2023-09-19,,0.0,pending,submitted,2023-09-19
O001874,000010.SZ,buy,200,2023-09-19,,0.0,pending,submitted,2023-09-19
O001875,000014.SZ,buy,100,2023-09-19,,0.0,pending,submitted,2023-09-19
O001876,000034.SZ,buy,200,2023-09-19,,0.0,pending,submitted,2023-09-19
O001877,000038.SZ,buy,100,2023-09-19,,0.0,pending,submitted,2023-09-19
O001878,000044.SZ,buy,100,2023-09-19,,0.0,pending,submitted,2023-09-19
O001879,000045.SZ,buy,100,2023-09-19,,0.0,pending,submitted,2023-09-19
O001868,000019.SZ,sell,2200,2023-09-19,2023-09-20,12.1671207,filled,filled,2023-09-20
O001869,000047.SZ,sell,600,2023-09-19,2023-09-20,12.833253899999999,filled,filled,2023-09-20
O001870,000003.SZ,buy,100,2023-09-19,2023-09-20,14.102788699999998,filled,filled,2023-09-20
O001871,000004.SZ,buy,100,2023-09-19,2023-09-20,12.150438299999998,filled,filled,2023-09-20
O001872,000005.SZ,buy,100,2023-09-19,2023-09-20,14.933518599999998,filled,filled,2023-09-20
O001873,000007.SZ,buy,100,2023-09-19,2023-09-20,16.5142978,filled,filled,2023-09-20
O001874,000010.SZ,buy,200,2023-09-19,2023-09-20,9.421011599999998,filled,filled,2023-09-20
O001875,000014.SZ,buy,100,2023-09-19,2023-09-20,13.599986399999997,filled,filled,2023-09-20
O001876,000034.SZ,buy,200,2023-09-19,2023-09-20,9.7860763,filled,filled,2023-09-20
O001877,000038.SZ,buy,100,2023-09-19,2023-09-20,13.466252799999998,filled,filled,2023-09-20
O001878,000044.SZ,buy,100,2023-09-19,2023-09-20,11.192281099999999,filled,filled,2023-09-20
O001879,000045.SZ,buy,100,2023-09-19,2023-09-20,14.593378799999998,filled,filled,2023-09-20
O001880,000018.SZ,sell,200,2023-09-20,,0.0,pending,submitted,2023-09-20
O001881,000032.SZ,sell,3900,2023-09-20,,0.0,pending,submitted,2023-09-20
O001882,000003.SZ,buy,200,2023-09-20,,0.0,pending,submitted,2023-09-20
O001883,000004.SZ,buy,300,2023-09-20,,0.0,pending,submitted,2023-09-20
O001884,000005.SZ,buy,200,2023-09-20,,0.0,pending,submitted,2023-09-20
O001885,000010.SZ,buy,400,2023-09-20,,0.0,pending,submitted,2023-09-20
O001886,000012.SZ,buy,200,2023-09-20,,0.0,pending,submitted,2023-09-20
O001887,000014.SZ,buy,200,2023-09-20,,0.0,pending,submitted,2023-09-20
O001888,000023.SZ,buy,500,2023-09-20,,0.0,pending,submitted,2023-09-20
O001889,000044.SZ,buy,300,2023-09-20,,0.0,pending,submitted,2023-09-20
O001890,000045.SZ,buy,200,2023-09-20,,0.0,pending,submitted,2023-09-20
O001891,000050.SZ,buy,400,2023-09-20,,0.0,pending,submitted,2023-09-20
O001880,000018.SZ,sell,200,2023-09-20,2023-09-21,10.2364533,filled,filled,2023-09-21
O001881,000032.SZ,sell,3900,2023-09-20,2023-09-21,8.3843073,filled,filled,2023-09-21
O001882,000003.SZ,buy,200,2023-09-20,2023-09-21,14.151136999999999,filled,filled,2023-09-21
O001883,000004.SZ,buy,300,2023-09-20,2023-09-21,12.483671199999998,filled,filled,2023-09-21
O001884,000005.SZ,buy,200,2023-09-20,2023-09-21,14.840325499999999,filled,filled,2023-09-21
O001885,000010.SZ,buy,400,2023-09-20,2023-09-21,9.540931399999998,filled,filled,2023-09-21
O001886,000012.SZ,buy,200,2023-09-20,2023-09-21,13.940226299999997,filled,filled,2023-09-21
O001887,000014.SZ,buy,200,2023-09-20,2023-09-21,13.7612475,filled,filled,2023-09-21
O001888,000023.SZ,buy,500,2023-09-20,2023-09-21,8.094085999999999,filled,filled,2023-09-21
O001889,000044.SZ,buy,300,2023-09-20,2023-09-21,11.1001891,filled,filled,2023-09-21
O001890,000045.SZ,buy,200,2023-09-20,2023-09-21,14.329915599999998,filled,filled,2023-09-21
O001891,000050.SZ,buy,400,2023-09-20,2023-09-21,8.5769684,filled,filled,2023-09-21
O001892,000013.SZ,sell,6300,2023-09-21,,0.0,pending,submitted,2023-09-21
O001893,000003.SZ,buy,300,2023-09-21,,0.0,pending,submitted,2023-09-21
O001894,000004.SZ,buy,300,2023-09-21,,0.0,pending,submitted,2023-09-21
O001895,000005.SZ,buy,200,2023-09-21,,0.0,pending,submitted,2023-09-21
O001896,000010.SZ,buy,400,2023-09-21,,0.0,pending,submitted,2023-09-21
O001897,000012.SZ,buy,300,2023-09-21,,0.0,pending,submitted,2023-09-21
O001898,000014.SZ,buy,300,2023-09-21,,0.0,pending,submitted,2023-09-21
O001899,000030.SZ,buy,400,2023-09-21,,0.0,pending,submitted,2023-09-21
O001900,000035.SZ,buy,400,2023-09-21,,0.0,pending,submitted,2023-09-21
O001901,000042.SZ,buy,400,2023-09-21,,0.0,pending,submitted,2023-09-21
O001902,000044.SZ,buy,300,2023-09-21,,0.0,pending,submitted,2023-09-21
O001892,000013.SZ,sell,6300,2023-09-21,2023-09-22,10.2230667,filled,filled,2023-09-22
O001893,000003.SZ,buy,300,2023-09-21,2023-09-22,13.831017199999998,filled,filled,2023-09-22
O001894,000004.SZ,buy,300,2023-09-21,2023-09-22,12.513601099999997,filled,filled,2023-09-22
O001895,000005.SZ,buy,200,2023-09-21,2023-09-22,15.336220899999999,filled,filled,2023-09-22
O001896,000010.SZ,buy,400,2023-09-21,2023-09-22,9.488879399999998,filled,filled,2023-09-22
O001897,000012.SZ,buy,300,2023-09-21,2023-09-22,13.982368399999999,filled,filled,2023-09-22
O001898,000014.SZ,buy,300,2023-09-21,2023-09-22,13.422809399999998,filled,filled,2023-09-22
O001899,000030.SZ,buy,400,2023-09-21,2023-09-22,8.63863,filled,filled,2023-09-22
O001900,000035.SZ,buy,400,2023-09-21,2023-09-22,9.763753999999999,filled,filled,2023-09-22
O001901,000042.SZ,buy,400,2023-09-21,2023-09-22,9.3588495,filled,filled,2023-09-22
O001902,000044.SZ,buy,300,2023-09-21,2023-09-22,11.1566455,filled,filled,2023-09-22
O001903,000020.SZ,sell,8500,2023-09-22,,0.0,pending,submitted,2023-09-22
O001904,000043.SZ,sell,3500,2023-09-22,,0.0,pending,submitted,2023-09-22
O001905,000003.SZ,buy,400,2023-09-22,,0.0,pending,submitted,2023-09-22
O001906,000005.SZ,buy,400,2023-09-22,,0.0,pending,submitted,2023-09-22
O001907,000012.SZ,buy,400,2023-09-22,,0.0,pending,submitted,2023-09-22
O001908,000014.SZ,buy,500,2023-09-22,,0.0,pending,submitted,2023-09-22
O001909,000026.SZ,buy,500,2023-09-22,,0.0,pending,submitted,2023-09-22
O001910,000028.SZ,buy,700,2023-09-22,,0.0,pending,submitted,2023-09-22
O001911,000030.SZ,buy,700,2023-09-22,,0.0,pending,submitted,2023-09-22
O001912,000035.SZ,buy,600,2023-09-22,,0.0,pending,submitted,2023-09-22
O001913,000039.SZ,buy,600,2023-09-22,,0.0,pending,submitted,2023-09-22
O001914,000042.SZ,buy,700,2023-09-22,,0.0,pending,submitted,2023-09-22
O001903,000020.SZ,sell,8500,2023-09-22,2023-09-25,7.1122806,filled,filled,2023-09-25
O001904,000043.SZ,sell,3500,2023-09-22,2023-09-25,9.6065838,filled,filled,2023-09-25
O001905,000003.SZ,buy,400,2023-09-22,2023-09-25,14.089175099999999,filled,filled,2023-09-25
O001906,000005.SZ,buy,400,2023-09-22,2023-09-25,15.452336899999997,filled,filled,2023-09-25
O001907,000012.SZ,buy,400,2023-09-22,2023-09-25,13.746732999999999,filled,filled,2023-09-25
O001908,000014.SZ,buy,500,2023-09-22,2023-09-25,13.550937399999999,filled,filled,2023-09-25
O001909,000026.SZ,buy,500,2023-09-22,2023-09-25,11.7710593,filled,filled,2023-09-25
O001910,000028.SZ,buy,700,2023-09-22,2023-09-25,8.827018199999998,filled,filled,2023-09-25
O001911,000030.SZ,buy,700,2023-09-22,2023-09-25,8.7472385,filled,filled,2023-09-25
O001912,000035.SZ,buy,600,2023-09-22,2023-09-25,9.833123299999999,filled,filled,2023-09-25
O001913,000039.SZ,buy,600,2023-09-22,2023-09-25,9.8555457,filled,filled,2023-09-25
O001914,000042.SZ,buy,700,2023-09-22,2023-09-25,9.384975599999999,filled,filled,2023-09-25
O001915,000007.SZ,sell,5800,2023-09-25,,0.0,pending,submitted,2023-09-25
O001916,000045.SZ,sell,7000,2023-09-25,,0.0,pending,submitted,2023-09-25
O001917,000005.SZ,buy,600,2023-09-25,,0.0,pending,submitted,2023-09-25
O001918,000006.SZ,buy,1200,2023-09-25,,0.0,pending,submitted,2023-09-25
O001919,000008.SZ,buy,1100,2023-09-25,,0.0,pending,submitted,2023-09-25
O001920,000010.SZ,buy,1000,2023-09-25,,0.0,pending,submitted,2023-09-25
O001921,000029.SZ,buy,900,2023-09-25,,0.0,pending,submitted,2023-09-25
O001922,000030.SZ,buy,1100,2023-09-25,,0.0,pending,submitted,2023-09-25
O001923,000035.SZ,buy,1000,2023-09-25,,0.0,pending,submitted,2023-09-25
O001924,000039.SZ,buy,1000,2023-09-25,,0.0,pending,submitted,2023-09-25
O001925,000042.SZ,buy,1000,2023-09-25,,0.0,pending,submitted,2023-09-25
O001926,000050.SZ,buy,1100,2023-09-25,,0.0,pending,submitted,2023-09-25
O001915,000007.SZ,sell,5800,2023-09-25,2023-09-26,15.4724121,filled,filled,2023-09-26
O001916,000045.SZ,sell,7000,2023-09-25,2023-09-26,13.448138400000001,filled,filled,2023-09-26
O001917,000005.SZ,buy,600,2023-09-25,2023-09-26,15.686871199999999,filled,filled,2023-09-26
O001918,000006.SZ,buy,1200,2023-09-25,2023-09-26,8.182974799999998,filled,filled,2023-09-26
O001919,000008.SZ,buy,1100,2023-09-25,2023-09-26,8.635526899999999,filled,filled,2023-09-26
O001920,000010.SZ,buy,1000,2023-09-25,2023-09-26,9.8959861,filled,filled,2023-09-26
O001921,000029.SZ,buy,900,2023-09-25,2023-09-26,10.726615899999999,filled,filled,2023-09-26
O001922,000030.SZ,buy,1100,2023-09-25,2023-09-26,8.8731643,filled,filled,2023-09-26
O001923,000035.SZ,buy,1000,2023-09-25,2023-09-26,9.818608799999998,filled,filled,2023-09-26
O001924,000039.SZ,buy,1000,2023-09-25,2023-09-26,9.9457358,filled,filled,2023-09-26
O001925,000042.SZ,buy,1000,2023-09-25,2023-09-26,9.321111799999999,filled,filled,2023-09-26
O001926,000050.SZ,buy,1100,2023-09-25,2023-09-26,9.008399399999998,filled,filled,2023-09-26
O001927,000038.SZ,sell,1300,2023-09-26,,0.0,pending,submitted,2023-09-26
O001928,000005.SZ,buy,1100,2023-09-26,,0.0,pending,submitted,2023-09-26
O001929,000006.SZ,buy,2100,2023-09-26,,0.0,pending,submitted,2023-09-26
O001930,000010.SZ,buy,1700,2023-09-26,,0.0,pending,submitted,2023-09-26
O001931,000026.SZ,buy,1500,2023-09-26,,0.0,pending,submitted,2023-09-26
O001932,000029.SZ,buy,1700,2023-09-26,,0.0,pending,submitted,2023-09-26
O001933,000030.SZ,buy,2000,2023-09-26,,0.0,pending,submitted,2023-09-26
O001934,000035.SZ,buy,1700,2023-09-26,,0.0,pending,submitted,2023-09-26
O001935,000037.SZ,buy,1900,2023-09-26,,0.0,pending,submitted,2023-09-26
O001936,000039.SZ,buy,1700,2023-09-26,,0.0,pending,submitted,2023-09-26
O001937,000040.SZ,buy,1500,2023-09-26,,0.0,pending,submitted,2023-09-26
O001927,000038.SZ,sell,1300,2023-09-26,2023-09-27,12.8693178,filled,filled,2023-09-27
O001928,000005.SZ,buy,1100,2023-09-26,2023-09-27,15.724909199999997,filled,filled,2023-09-27
O001929,000006.SZ,buy,2100,2023-09-26,2023-09-27,8.341733399999999,filled,filled,2023-09-27
O001930,000010.SZ,buy,1700,2023-09-26,2023-09-27,10.298288,filled,filled,2023-09-27
O001931,000026.SZ,buy,1500,2023-09-26,2023-09-27,11.874762899999999,filled,filled,2023-09-27
O001932,000029.SZ,buy,1700,2023-09-26,2023-09-27,10.664453799999999,filled,filled,2023-09-27
O001933,000030.SZ,buy,2000,2023-09-26,2023-09-27,8.933824899999998,filled,filled,2023-09-27
O001934,000035.SZ,buy,1700,2023-09-26,2023-09-27,10.141030899999999,filled,filled,2023-09-27
O001935,000037.SZ,buy,1900,2023-09-26,2023-09-27,9.346537199999998,filled,filled,2023-09-27
O001936,000039.SZ,buy,1700,2023-09-26,2023-09-27,10.2807705,filled,filled,2023-09-27
O001937,000040.SZ,buy,1500,2023-09-26,2023-09-27,11.7866749,filled,filled,2023-09-27
O001938,000004.SZ,sell,2800,2023-09-27,,0.0,pending,submitted,2023-09-27
O001939,000005.SZ,buy,100,2023-09-27,,0.0,pending,submitted,2023-09-27
O001940,000006.SZ,buy,300,2023-09-27,,0.0,pending,submitted,2023-09-27
O001941,000008.SZ,buy,300,2023-09-27,,0.0,pending,submitted,2023-09-27
O001942,000010.SZ,buy,200,2023-09-27,,0.0,pending,submitted,2023-09-27
O001943,000018.SZ,buy,200,2023-09-27,,0.0,pending,submitted,2023-09-27
O001944,000029.SZ,buy,200,2023-09-27,,0.0,pending,submitted,2023-09-27
O001945,000030.SZ,buy,300,2023-09-27,,0.0,pending,submitted,2023-09-27
O001946,000039.SZ,buy,200,2023-09-27,,0.0,pending,submitted,2023-09-27
O001947,000040.SZ,buy,200,2023-09-27,,0.0,pending,submitted,2023-09-27
O001948,000047.SZ,buy,200,2023-09-27,,0.0,pending,submitted,2023-09-27
O001938,000004.SZ,sell,2800,2023-09-27,2023-09-28,11.7014868,filled,filled,2023-09-28
O001939,000005.SZ,buy,100,2023-09-27,2023-09-28,15.678262599999998,filled,filled,2023-09-28
O001940,000006.SZ,buy,300,2023-09-27,2023-09-28,8.334626299999998,filled,filled,2023-09-28
O001941,000008.SZ,buy,300,2023-09-27,2023-09-28,8.916907999999998,filled,filled,2023-09-28
O001942,000010.SZ,buy,200,2023-09-27,2023-09-28,10.484173699999998,filled,filled,2023-09-28
O001943,000018.SZ,buy,200,2023-09-27,2023-09-28,10.814203399999998,filled,filled,2023-09-28
O001944,000029.SZ,buy,200,2023-09-27,2023-09-28,10.9382273,filled,filled,2023-09-28
O001945,000030.SZ,buy,300,2023-09-27,2023-09-28,9.311802499999999,filled,filled,2023-09-28
O001946,000039.SZ,buy,200,2023-09-27,2023-09-28,10.246035799999998,filled,filled,2023-09-28
O001947,000040.SZ,buy,200,2023-09-27,2023-09-28,11.821609799999997,filled,filled,2023-09-28
O001948,000047.SZ,buy,200,2023-09-27,2023-09-28,13.686472799999999,filled,filled,2023-09-28
O001949,000028.SZ,sell,700,2023-09-28,,0.0,pending,submitted,2023-09-28
O001950,000042.SZ,sell,5700,2023-09-28,,0.0,pending,submitted,2023-09-28
O001951,000006.SZ,buy,400,2023-09-28,,0.0,pending,submitted,2023-09-28
O001952,000010.SZ,buy,300,2023-09-28,,0.0,pending,submitted,2023-09-28
O001953,000013.SZ,buy,300,2023-09-28,,0.0,pending,submitted,2023-09-28
O001954,000023.SZ,buy,400,2023-09-28,,0.0,pending,submitted,2023-09-28
O001955,000030.SZ,buy,400,2023-09-28,,0.0,pending,submitted,2023-09-28
O001956,000032.SZ,buy,400,2023-09-28,,0.0,pending,submitted,2023-09-28
O001957,000035.SZ,buy,300,2023-09-28,,0.0,pending,submitted,2023-09-28
O001958,000037.SZ,buy,400,2023-09-28,,0.0,pending,submitted,2023-09-28
O001959,000039.SZ,buy,300,2023-09-28,,0.0,pending,submitted,2023-09-28
O001960,000047.SZ,buy,200,2023-09-28,,0.0,pending,submitted,2023-09-28
O001949,000028.SZ,sell,700,2023-09-28,2023-09-29,7.9324596000000005,filled,filled,2023-09-29
O001950,000042.SZ,sell,5700,2023-09-28,2023-09-29,8.6588325,filled,filled,2023-09-29
O001951,000006.SZ,buy,400,2023-09-28,2023-09-29,8.255246999999999,filled,filled,2023-09-29
O001952,000010.SZ,buy,300,2023-09-28,2023-09-29,10.5586481,filled,filled,2023-09-29
O001953,000013.SZ,buy,300,2023-09-28,2023-09-29,11.026115099999998,filled,filled,2023-09-29
O001954,000023.SZ,buy,400,2023-09-28,2023-09-29,8.3335252,filled,filled,2023-09-29
O001955,000030.SZ,buy,400,2023-09-28,2023-09-29,9.198189,filled,filled,2023-09-29
O001956,000032.SZ,buy,400,2023-09-28,2023-09-29,8.605697099999999,filled,filled,2023-09-29
O001957,000035.SZ,buy,300,2023-09-28,2023-09-29,10.0635535,filled,filled,2023-09-29
O001958,000037.SZ,buy,400,2023-09-28,2023-09-29,9.374064699999998,filled,filled,2023-09-29
O001959,000039.SZ,buy,300,2023-09-28,2023-09-29,10.103593499999999,filled,filled,2023-09-29
O001960,000047.SZ,buy,200,2023-09-28,2023-09-29,13.568354799999998,filled,filled,2023-09-29
O001961,000008.SZ,buy,600,2023-09-29,,0.0,pending,submitted,2023-09-29
O001962,000010.SZ,buy,500,2023-09-29,,0.0,pending,submitted,2023-09-29
O001963,000013.SZ,buy,500,2023-09-29,,0.0,pending,submitted,2023-09-29
O001964,000023.SZ,buy,700,2023-09-29,,0.0,pending,submitted,2023-09-29
O001965,000029.SZ,buy,500,2023-09-29,,0.0,pending,submitted,2023-09-29
O001966,000030.SZ,buy,600,2023-09-29,,0.0,pending,submitted,2023-09-29
O001967,000035.SZ,buy,500,2023-09-29,,0.0,pending,submitted,2023-09-29
O001968,000040.SZ,buy,400,2023-09-29,,0.0,pending,submitted,2023-09-29
O001969,000043.SZ,buy,500,2023-09-29,,0.0,pending,submitted,2023-09-29
O001970,000047.SZ,buy,400,2023-09-29,,0.0,pending,submitted,2023-09-29
O001961,000008.SZ,buy,600,2023-09-29,2023-10-02,9.0095005,filled,filled,2023-10-02
O001962,000010.SZ,buy,500,2023-09-29,2023-10-02,10.693182499999999,filled,filled,2023-10-02
O001963,000013.SZ,buy,500,2023-09-29,2023-10-02,11.156245099999998,filled,filled,2023-10-02
O001964,000023.SZ,buy,700,2023-09-29,2023-10-02,8.4025942,filled,filled,2023-10-02
O001965,000029.SZ,buy,500,2023-09-29,2023-10-02,10.8032925,filled,filled,2023-10-02
O001966,000030.SZ,buy,600,2023-09-29,2023-10-02,9.264455199999999,filled,filled,2023-10-02
O001967,000035.SZ,buy,500,2023-09-29,2023-10-02,10.5323218,filled,filled,2023-10-02
O001968,000040.SZ,buy,400,2023-09-29,2023-10-02,12.036124099999999,filled,filled,2023-10-02
O001969,000043.SZ,buy,500,2023-09-29,2023-10-02,10.030620599999999,filled,filled,2023-10-02
O001970,000047.SZ,buy,400,2023-09-29,2023-10-02,13.7840703,filled,filled,2023-10-02
O001971,000026.SZ,sell,2700,2023-10-02,,0.0,pending,submitted,2023-10-02
O001972,000022.SZ,buy,100,2023-10-02,,0.0,pending,submitted,2023-10-02
O001973,000023.SZ,buy,100,2023-10-02,,0.0,pending,submitted,2023-10-02
O001971,000026.SZ,sell,2700,2023-10-02,2023-10-03,11.2653234,filled,filled,2023-10-03
O001972,000022.SZ,buy,100,2023-10-02,2023-10-03,7.027120099999999,filled,filled,2023-10-03
O001973,000023.SZ,buy,100,2023-10-02,2023-10-03,8.603795199999999,filled,filled,2023-10-03
O001974,000041.SZ,sell,2900,2023-10-03,,0.0,pending,submitted,2023-10-03
O001975,000001.SZ,buy,300,2023-10-03,,0.0,pending,submitted,2023-10-03
O001976,000013.SZ,buy,300,2023-10-03,,0.0,pending,submitted,2023-10-03
O001977,000016.SZ,buy,300,2023-10-03,,0.0,pending,submitted,2023-10-03
O001978,000021.SZ,buy,300,2023-10-03,,0.0,pending,submitted,2023-10-03
O001979,000023.SZ,buy,400,2023-10-03,,0.0,pending,submitted,2023-10-03
O001980,000030.SZ,buy,300,2023-10-03,,0.0,pending,submitted,2023-10-03
O001981,000038.SZ,buy,200,2023-10-03,,0.0,pending,submitted,2023-10-03
O001982,000040.SZ,buy,200,2023-10-03,,0.0,pending,submitted,2023-10-03
O001983,000047.SZ,buy,200,2023-10-03,,0.0,pending,submitted,2023-10-03
O001984,000050.SZ,buy,300,2023-10-03,,0.0,pending,submitted,2023-10-03
O001974,000041.SZ,sell,2900,2023-10-03,2023-10-04,11.5667217,filled,filled,2023-10-04
O001975,000001.SZ,buy,300,2023-10-03,2023-10-04,10.492481999999999,filled,filled,2023-10-04
O001976,000013.SZ,buy,300,2023-10-03,2023-10-04,11.439227799999998,filled,filled,2023-10-04
O001977,000016.SZ,buy,300,2023-10-03,2023-10-04,11.260349099999999,filled,filled,2023-10-04
O001978,000021.SZ,buy,300,2023-10-03,2023-10-04,11.584272699999998,filled,filled,2023-10-04
O001979,000023.SZ,buy,400,2023-10-03,2023-10-04,8.578069499999998,filled,filled,2023-10-04
O001980,000030.SZ,buy,300,2023-10-03,2023-10-04,9.4308214,filled,filled,2023-10-04
O001981,000038.SZ,buy,200,2023-10-03,2023-10-04,13.270256999999999,filled,filled,2023-10-04
O001982,000040.SZ,buy,200,2023-10-03,2023-10-04,12.419507099999999,filled,filled,2023-10-04
O001983,000047.SZ,buy,200,2023-10-03,2023-10-04,13.6185049,filled,filled,2023-10-04
O001984,000050.SZ,buy,300,2023-10-03,2023-10-04,9.3947854,filled,filled,2023-10-04
O001985,000014.SZ,sell,1700,2023-10-04,,0.0,pending,submitted,2023-10-04
O001986,000029.SZ,sell,4600,2023-10-04,,0.0,pending,submitted,2023-10-04
O001987,000013.SZ,buy,300,2023-10-04,,0.0,pending,submitted,2023-10-04
O001988,000021.SZ,buy,300,2023-10-04,,0.0,pending,submitted,2023-10-04
O001989,000022.SZ,buy,500,2023-10-04,,0.0,pending,submitted,2023-10-04
O001990,000023.SZ,buy,400,2023-10-04,,0.0,pending,submitted,2023-10-04
O001991,000024.SZ,buy,500,2023-10-04,,0.0,pending,submitted,2023-10-04
O001992,000027.SZ,buy,400,2023-10-04,,0.0,pending,submitted,2023-10-04
O001993,000030.SZ,buy,400,2023-10-04,,0.0,pending,submitted,2023-10-04
O001994,000033.SZ,buy,300,2023-10-04,,0.0,pending,submitted,2023-10-04
O001995,000035.SZ,buy,300,2023-10-04,,0.0,pending,submitted,2023-10-04
O001996,000050.SZ,buy,400,2023-10-04,,0.0,pending,submitted,2023-10-04
O001985,000014.SZ,sell,1700,2023-10-04,2023-10-05,13.661125199999999,filled,filled,2023-10-05
O001986,000029.SZ,sell,4600,2023-10-04,2023-10-05,10.4631264,filled,filled,2023-10-05
O001987,000013.SZ,buy,300,2023-10-04,2023-10-05,11.603091499999998,filled,filled,2023-10-05
O001988,000021.SZ,buy,300,2023-10-04,2023-10-05,11.6695579,filled,filled,2023-10-05
O001989,000022.SZ,buy,500,2023-10-04,2023-10-05,6.972065099999999,filled,filled,2023-10-05
O001990,000023.SZ,buy,400,2023-10-04,2023-10-05,8.8145057,filled,filled,2023-10-05
O001991,000024.SZ,buy,500,2023-10-04,2023-10-05,6.761855099999999,filled,filled,2023-10-05
O001992,000027.SZ,buy,400,2023-10-04,2023-10-05,7.892584699999999,filled,filled,2023-10-05
O001993,000030.SZ,buy,400,2023-10-04,2023-10-05,9.6399303,filled,filled,2023-10-05
O001994,000033.SZ,buy,300,2023-10-04,2023-10-05,12.327815499999998,filled,filled,2023-10-05
O001995,000035.SZ,buy,300,2023-10-04,2023-10-05,10.5209104,filled,filled,2023-10-05
O001996,000050.SZ,buy,400,2023-10-04,2023-10-05,9.456246799999999,filled,filled,2023-10-05
O001997,000008.SZ,sell,11700,2023-10-05,,0.0,pending,submitted,2023-10-05
O001998,000015.SZ,sell,700,2023-10-05,,0.0,pending,submitted,2023-10-05
O001999,000009.SZ,buy,600,2023-10-05,,0.0,pending,submitted,2023-10-05
O002000,000013.SZ,buy,600,2023-10-05,,0.0,pending,submitted,2023-10-05
O002001,000016.SZ,buy,600,2023-10-05,,0.0,pending,submitted,2023-10-05
O002002,000019.SZ,buy,600,2023-10-05,,0.0,pending,submitted,2023-10-05
O002003,000023.SZ,buy,800,2023-10-05,,0.0,pending,submitted,2023-10-05
O002004,000024.SZ,buy,1000,2023-10-05,,0.0,pending,submitted,2023-10-05
O002005,000027.SZ,buy,900,2023-10-05,,0.0,pending,submitted,2023-10-05
O002006,000031.SZ,buy,1100,2023-10-05,,0.0,pending,submitted,2023-10-05
O002007,000033.SZ,buy,600,2023-10-05,,0.0,pending,submitted,2023-10-05
O002008,000050.SZ,buy,700,2023-10-05,,0.0,pending,submitted,2023-10-05
O001997,000008.SZ,sell,11700,2023-10-05,2023-10-06,8.4816099,filled,filled,2023-10-06
O001998,000015.SZ,sell,700,2023-10-05,2023-10-06,11.382606000000001,filled,filled,2023-10-06
O001999,000009.SZ,buy,600,2023-10-05,2023-10-06,11.617706099999998,filled,filled,2023-10-06
O002000,000013.SZ,buy,600,2023-10-05,2023-10-06,11.601589999999998,filled,filled,2023-10-06
O002001,000016.SZ,buy,600,2023-10-05,2023-10-06,11.0405295,filled,filled,2023-10-06
O002002,000019.SZ,buy,600,2023-10-05,2023-10-06,12.233421199999999,filled,filled,2023-10-06
O002003,000023.SZ,buy,800,2023-10-05,2023-10-06,9.011302299999999,filled,filled,2023-10-06
O002004,000024.SZ,buy,1000,2023-10-05,2023-10-06,6.8383315,filled,filled,2023-10-06
O002005,000027.SZ,buy,900,2023-10-05,2023-10-06,7.811403599999999,filled,filled,2023-10-06
O002006,000031.SZ,buy,1100,2023-10-05,2023-10-06,6.299092799999999,filled,filled,2023-10-06
O002007,000033.SZ,buy,600,2023-10-05,2023-10-06,12.127515399999998,filled,filled,2023-10-06
O002008,000050.SZ,buy,700,2023-10-05,2023-10-06,9.798188399999999,filled,filled,2023-10-06
O002009,000038.SZ,sell,200,2023-10-06,,0.0,pending,submitted,2023-10-06
O002010,000005.SZ,buy,600,2023-10-06,,0.0,pending,submitted,2023-10-06
O002011,000013.SZ,buy,900,2023-10-06,,0.0,pending,submitted,2023-10-06
O002012,000019.SZ,buy,900,2023-10-06,,0.0,pending,submitted,2023-10-06
O002013,000023.SZ,buy,1200,2023-10-06,,0.0,pending,submitted,2023-10-06
O002014,000024.SZ,buy,1600,2023-10-06,,0.0,pending,submitted,2023-10-06
O002015,000027.SZ,buy,1400,2023-10-06,,0.0,pending,submitted,2023-10-06
O002016,000033.SZ,buy,800,2023-10-06,,0.0,pending,submitted,2023-10-06
O002017,000035.SZ,buy,900,2023-10-06,,0.0,pending,submitted,2023-10-06
O002018,000037.SZ,buy,1100,2023-10-06,,0.0,pending,submitted,2023-10-06
O002019,000050.SZ,buy,1100,2023-10-06,,0.0,pending,submitted,2023-10-06
O002009,000038.SZ,sell,200,2023-10-06,2023-10-09,12.275312399999999,filled,filled,2023-10-09
O002010,000005.SZ,buy,600,2023-10-06,2023-10-09,16.1450289,filled,filled,2023-10-09
O002011,000013.SZ,buy,900,2023-10-06,2023-10-09,12.000388399999999,filled,filled,2023-10-09
O002012,000019.SZ,buy,900,2023-10-06,2023-10-09,11.7655538,filled,filled,2023-10-09
O002013,000023.SZ,buy,1200,2023-10-06,2023-10-09,8.8797709,filled,filled,2023-10-09
O002014,000024.SZ,buy,1600,2023-10-06,2023-10-09,6.754247499999999,filled,filled,2023-10-09
O002015,000027.SZ,buy,1400,2023-10-06,2023-10-09,7.7199122,filled,filled,2023-10-09
O002016,000033.SZ,buy,800,2023-10-06,2023-10-09,12.3849726,filled,filled,2023-10-09
O002017,000035.SZ,buy,900,2023-10-06,2023-10-09,10.9428319,filled,filled,2023-10-09
O002018,000037.SZ,buy,1100,2023-10-06,2023-10-09,9.692082399999999,filled,filled,2023-10-09
O002019,000050.SZ,buy,1100,2023-10-06,2023-10-09,9.537027499999999,filled,filled,2023-10-09
O002020,000019.SZ,buy,100,2023-10-09,,0.0,pending,submitted,2023-10-09
O002021,000024.SZ,buy,100,2023-10-09,,0.0,pending,submitted,2023-10-09
O002022,000027.SZ,buy,100,2023-10-09,,0.0,pending,submitted,2023-10-09
O002023,000032.SZ,buy,100,2023-10-09,,0.0,pending,submitted,2023-10-09
O002024,000034.SZ,buy,100,2023-10-09,,0.0,pending,submitted,2023-10-09
O002025,000037.SZ,buy,100,2023-10-09,,0.0,pending,submitted,2023-10-09
O002026,000039.SZ,buy,100,2023-10-09,,0.0,pending,submitted,2023-10-09
O002027,000050.SZ,buy,100,2023-10-09,,0.0,pending,submitted,2023-10-09
O002020,000019.SZ,buy,100,2023-10-09,2023-10-10,11.404993599999997,filled,filled,2023-10-10
O002021,000024.SZ,buy,100,2023-10-09,2023-10-10,6.769562799999999,filled,filled,2023-10-10
O002022,000027.SZ,buy,100,2023-10-09,2023-10-10,7.834826999999999,filled,filled,2023-10-10
O002023,000032.SZ,buy,100,2023-10-09,2023-10-10,8.6890804,filled,filled,2023-10-10
O002024,000034.SZ,buy,100,2023-10-09,2023-10-10,10.162852699999998,filled,filled,2023-10-10
O002025,000037.SZ,buy,100,2023-10-09,2023-10-10,9.755445699999997,filled,filled,2023-10-10
O002026,000039.SZ,buy,100,2023-10-09,2023-10-10,10.3714611,filled,filled,2023-10-10
O002027,000050.SZ,buy,100,2023-10-09,2023-10-10,9.6054959,filled,filled,2023-10-10
O002028,000001.SZ,sell,300,2023-10-10,,0.0,pending,submitted,2023-10-10
O002028,000001.SZ,sell,300,2023-10-10,2023-10-11,10.047442499999999,filled,filled,2023-10-11
O002029,000019.SZ,sell,1600,2023-10-11,,0.0,pending,submitted,2023-10-11
O002029,000019.SZ,sell,1600,2023-10-11,2023-10-12,11.0398491,filled,filled,2023-10-12
O002030,000037.SZ,sell,3500,2023-10-12,,0.0,pending,submitted,2023-10-12
O002031,000010.SZ,buy,200,2023-10-12,,0.0,pending,submitted,2023-10-12
O002032,000013.SZ,buy,100,2023-10-12,,0.0,pending,submitted,2023-10-12
O002033,000014.SZ,buy,100,2023-10-12,,0.0,pending,submitted,2023-10-12
O002034,000022.SZ,buy,300,2023-10-12,,0.0,pending,submitted,2023-10-12
O002035,000030.SZ,buy,200,2023-10-12,,0.0,pending,submitted,2023-10-12
O002036,000036.SZ,buy,200,2023-10-12,,0.0,pending,submitted,2023-10-12
O002037,000039.SZ,buy,200,2023-10-12,,0.0,pending,submitted,2023-10-12
O002038,000040.SZ,buy,100,2023-10-12,,0.0,pending,submitted,2023-10-12
O002039,000044.SZ,buy,200,2023-10-12,,0.0,pending,submitted,2023-10-12
O002040,000047.SZ,buy,100,2023-10-12,,0.0,pending,submitted,2023-10-12
O002030,000037.SZ,sell,3500,2023-10-12,2023-10-13,9.1974933,filled,filled,2023-10-13
O002031,000010.SZ,buy,200,2023-10-12,2023-10-13,11.0098989,filled,filled,2023-10-13
O002032,000013.SZ,buy,100,2023-10-12,2023-10-13,12.9364235,filled,filled,2023-10-13
O002033,000014.SZ,buy,100,2023-10-12,2023-10-13,13.232319099999998,filled,filled,2023-10-13
O002034,000022.SZ,buy,300,2023-10-12,2023-10-13,7.116809699999999,filled,filled,2023-10-13
O002035,000030.SZ,buy,200,2023-10-12,2023-10-13,9.794885099999998,filled,filled,2023-10-13
O002036,000036.SZ,buy,200,2023-10-12,2023-10-13,10.620009399999999,filled,filled,2023-10-13
O002037,000039.SZ,buy,200,2023-10-12,2023-10-13,10.8139031,filled,filled,2023-10-13
O002038,000040.SZ,buy,100,2023-10-12,2023-10-13,13.083970899999999,filled,filled,2023-10-13
O002039,000044.SZ,buy,200,2023-10-12,2023-10-13,11.7690573,filled,filled,2023-10-13
O002040,000047.SZ,buy,100,2023-10-12,2023-10-13,13.9742603,filled,filled,2023-10-13
O002041,000035.SZ,sell,5700,2023-10-13,,0.0,pending,submitted,2023-10-13
O002042,000004.SZ,buy,300,2023-10-13,,0.0,pending,submitted,2023-10-13
O002043,000010.SZ,buy,300,2023-10-13,,0.0,pending,submitted,2023-10-13
O002044,000013.SZ,buy,200,2023-10-13,,0.0,pending,submitted,2023-10-13
O002045,000022.SZ,buy,500,2023-10-13,,0.0,pending,submitted,2023-10-13
O002046,000024.SZ,buy,500,2023-10-13,,0.0,pending,submitted,2023-10-13
O002047,000027.SZ,buy,400,2023-10-13,,0.0,pending,submitted,2023-10-13
O002048,000030.SZ,buy,300,2023-10-13,,0.0,pending,submitted,2023-10-13
O002049,000032.SZ,buy,400,2023-10-13,,0.0,pending,submitted,2023-10-13
O002050,000039.SZ,buy,300,2023-10-13,,0.0,pending,submitted,2023-10-13
O002051,000044.SZ,buy,300,2023-10-13,,0.0,pending,submitted,2023-10-13
O002041,000035.SZ,sell,5700,2023-10-13,2023-10-16,10.0466433,filled,filled,2023-10-16
O002042,000004.SZ,buy,300,2023-10-13,2023-10-16,11.972961,filled,filled,2023-10-16
O002043,000010.SZ,buy,300,2023-10-13,2023-10-16,11.1473362,filled,filled,2023-10-16
O002044,000013.SZ,buy,200,2023-10-13,2023-10-16,13.179165999999999,filled,filled,2023-10-16
O002045,000022.SZ,buy,500,2023-10-13,2023-10-16,7.2677605,filled,filled,2023-10-16
O002046,000024.SZ,buy,500,2023-10-13,2023-10-16,7.101494399999999,filled,filled,2023-10-16
O002047,000027.SZ,buy,400,2023-10-13,2023-10-16,7.845337499999999,filled,filled,2023-10-16
O002048,000030.SZ,buy,300,2023-10-13,2023-10-16,10.0548448,filled,filled,2023-10-16
O002049,000032.SZ,buy,400,2023-10-13,2023-10-16,9.1419328,filled,filled,2023-10-16
O002050,000039.SZ,buy,300,2023-10-13,2023-10-16,10.984373399999999,filled,filled,2023-10-16
O002051,000044.SZ,buy,300,2023-10-13,2023-10-16,11.7769652,filled,filled,2023-10-16
O002052,000006.SZ,sell,4000,2023-10-16,,0.0,pending,submitted,2023-10-16
O002053,000018.SZ,sell,200,2023-10-16,,0.0,pending,submitted,2023-10-16
O002054,000023.SZ,sell,4500,2023-10-16,,0.0,pending,submitted,2023-10-16
O002055,000002.SZ,buy,800,2023-10-16,,0.0,pending,submitted,2023-10-16
O002056,000004.SZ,buy,500,2023-10-16,,0.0,pending,submitted,2023-10-16
O002057,000010.SZ,buy,500,2023-10-16,,0.0,pending,submitted,2023-10-16
O002058,000024.SZ,buy,800,2023-10-16,,0.0,pending,submitted,2023-10-16
O002059,000030.SZ,buy,600,2023-10-16,,0.0,pending,submitted,2023-10-16
O002060,000032.SZ,buy,600,2023-10-16,,0.0,pending,submitted,2023-10-16
O002061,000039.SZ,buy,500,2023-10-16,,0.0,pending,submitted,2023-10-16
O002062,000044.SZ,buy,500,2023-10-16,,0.0,pending,submitted,2023-10-16
O002063,000045.SZ,buy,400,2023-10-16,,0.0,pending,submitted,2023-10-16
O002064,000046.SZ,buy,400,2023-10-16,,0.0,pending,submitted,2023-10-16
O002052,000006.SZ,sell,4000,2023-10-16,2023-10-17,8.180411399999999,filled,filled,2023-10-17
O002053,000018.SZ,sell,200,2023-10-16,2023-10-17,10.3332564,filled,filled,2023-10-17
O002054,000023.SZ,sell,4500,2023-10-16,2023-10-17,8.4129786,filled,filled,2023-10-17
O002055,000002.SZ,buy,800,2023-10-16,2023-10-17,6.7760693,filled,filled,2023-10-17
O002056,000004.SZ,buy,500,2023-10-16,2023-10-17,12.046434399999999,filled,filled,2023-10-17
O002057,000010.SZ,buy,500,2023-10-16,2023-10-17,10.840029199999998,filled,filled,2023-10-17
O002058,000024.SZ,buy,800,2023-10-16,2023-10-17,7.030022999999999,filled,filled,2023-10-17
O002059,000030.SZ,buy,600,2023-10-16,2023-10-17,9.892782899999998,filled,filled,2023-10-17
O002060,000032.SZ,buy,600,2023-10-16,2023-10-17,9.025316299999998,filled,filled,2023-10-17
O002061,000039.SZ,buy,500,2023-10-16,2023-10-17,10.8836728,filled,filled,2023-10-17
O002062,000044.SZ,buy,500,2023-10-16,2023-10-17,11.890278399999998,filled,filled,2023-10-17
O002063,000045.SZ,buy,400,2023-10-16,2023-10-17,13.480066599999999,filled,filled,2023-10-17
O002064,000046.SZ,buy,400,2023-10-16,2023-10-17,14.254440199999998,filled,filled,2023-10-17
O002065,000009.SZ,sell,600,2023-10-17,,0.0,pending,submitted,2023-10-17
O002066,000036.SZ,sell,200,2023-10-17,,0.0,pending,submitted,2023-10-17
O002067,000050.SZ,sell,4100,2023-10-17,,0.0,pending,submitted,2023-10-17
O002068,000002.SZ,buy,1100,2023-10-17,,0.0,pending,submitted,2023-10-17
O002069,000004.SZ,buy,600,2023-10-17,,0.0,pending,submitted,2023-10-17
O002070,000008.SZ,buy,800,2023-10-17,,0.0,pending,submitted,2023-10-17
O002071,000011.SZ,buy,700,2023-10-17,,0.0,pending,submitted,2023-10-17
O002072,000016.SZ,buy,600,2023-10-17,,0.0,pending,submitted,2023-10-17
O002073,000024.SZ,buy,1000,2023-10-17,,0.0,pending,submitted,2023-10-17
O002074,000039.SZ,buy,600,2023-10-17,,0.0,pending,submitted,2023-10-17
O002075,000040.SZ,buy,500,2023-10-17,,0.0,pending,submitted,2023-10-17
O002076,000044.SZ,buy,600,2023-10-17,,0.0,pending,submitted,2023-10-17
O002077,000045.SZ,buy,500,2023-10-17,,0.0,pending,submitted,2023-10-17
O002065,000009.SZ,sell,600,2023-10-17,2023-10-18,10.7486406,filled,filled,2023-10-18
O002066,000036.SZ,sell,200,2023-10-17,2023-10-18,10.0711188,filled,filled,2023-10-18
O002067,000050.SZ,sell,4100,2023-10-17,2023-10-18,9.2424483,filled,filled,2023-10-18
O002068,000002.SZ,buy,1100,2023-10-17,2023-10-18,6.6905839,filled,filled,2023-10-18
O002069,000004.SZ,buy,600,2023-10-17,2023-10-18,11.743731999999998,filled,filled,2023-10-18
O002070,000008.SZ,buy,800,2023-10-17,2023-10-18,8.411002599999998,filled,filled,2023-10-18
O002071,000011.SZ,buy,700,2023-10-17,2023-10-18,9.522412899999999,filled,filled,2023-10-18
O002072,000016.SZ,buy,600,2023-10-17,2023-10-18,11.087276199999998,filled,filled,2023-10-18
O002073,000024.SZ,buy,1000,2023-10-17,2023-10-18,7.3689616,filled,filled,2023-10-18
O002074,000039.SZ,buy,600,2023-10-17,2023-10-18,10.904493599999999,filled,filled,2023-10-18
O002075,000040.SZ,buy,500,2023-10-17,2023-10-18,12.795883099999998,filled,filled,2023-10-18
O002076,000044.SZ,buy,600,2023-10-17,2023-10-18,11.9522403,filled,filled,2023-10-18
O002077,000045.SZ,buy,500,2023-10-17,2023-10-18,13.530516999999998,filled,filled,2023-10-18
O002078,000005.SZ,sell,5000,2023-10-18,,0.0,pending,submitted,2023-10-18
O002079,000014.SZ,sell,100,2023-10-18,,0.0,pending,submitted,2023-10-18
O002080,000016.SZ,sell,23800,2023-10-18,,0.0,pending,submitted,2023-10-18
O002081,000032.SZ,sell,1500,2023-10-18,,0.0,pending,submitted,2023-10-18
O002082,000002.SZ,buy,800,2023-10-18,,0.0,pending,submitted,2023-10-18
O002083,000011.SZ,buy,500,2023-10-18,,0.0,pending,submitted,2023-10-18
O002084,000017.SZ,buy,500,2023-10-18,,0.0,pending,submitted,2023-10-18
O002085,000020.SZ,buy,800,2023-10-18,,0.0,pending,submitted,2023-10-18
O002086,000024.SZ,buy,700,2023-10-18,,0.0,pending,submitted,2023-10-18
O002087,000031.SZ,buy,800,2023-10-18,,0.0,pending,submitted,2023-10-18
O002088,000042.SZ,buy,600,2023-10-18,,0.0,pending,submitted,2023-10-18
O002089,000044.SZ,buy,400,2023-10-18,,0.0,pending,submitted,2023-10-18
O002090,000045.SZ,buy,400,2023-10-18,,0.0,pending,submitted,2023-10-18
O002091,000046.SZ,buy,300,2023-10-18,,0.0,pending,submitted,2023-10-18
O002078,000005.SZ,sell,5000,2023-10-18,2023-10-19,15.5897946,filled,filled,2023-10-19
O002079,000014.SZ,sell,100,2023-10-18,2023-10-19,12.5535339,filled,filled,2023-10-19
O002080,000016.SZ,sell,23800,2023-10-18,2023-10-19,10.7581311,filled,filled,2023-10-19
O002081,000032.SZ,sell,1500,2023-10-18,2023-10-19,8.598393,filled,filled,2023-10-19
O002082,000002.SZ,buy,800,2023-10-18,2023-10-19,6.601294699999999,filled,filled,2023-10-19
O002083,000011.SZ,buy,500,2023-10-18,2023-10-19,9.5032938,filled,filled,2023-10-19
O002084,000017.SZ,buy,500,2023-10-18,2023-10-19,10.1709608,filled,filled,2023-10-19
O002085,000020.SZ,buy,800,2023-10-18,2023-10-19,6.475268799999999,filled,filled,2023-10-19
O002086,000024.SZ,buy,700,2023-10-18,2023-10-19,7.3110037,filled,filled,2023-10-19
O002087,000031.SZ,buy,800,2023-10-18,2023-10-19,6.3541478,filled,filled,2023-10-19
O002088,000042.SZ,buy,600,2023-10-18,2023-10-19,8.248940699999999,filled,filled,2023-10-19
O002089,000044.SZ,buy,400,2023-10-18,2023-10-19,11.977765799999998,filled,filled,2023-10-19
O002090,000045.SZ,buy,400,2023-10-18,2023-10-19,13.3171038,filled,filled,2023-10-19
O002091,000046.SZ,buy,300,2023-10-18,2023-10-19,14.460045599999999,filled,filled,2023-10-19
O002092,000047.SZ,sell,1100,2023-10-19,,0.0,pending,submitted,2023-10-19
O002093,000002.SZ,buy,4900,2023-10-19,,0.0,pending,submitted,2023-10-19
O002094,000006.SZ,buy,3900,2023-10-19,,0.0,pending,submitted,2023-10-19
O002095,000024.SZ,buy,4600,2023-10-19,,0.0,pending,submitted,2023-10-19
O002096,000025.SZ,buy,3200,2023-10-19,,0.0,pending,submitted,2023-10-19
O002097,000028.SZ,buy,4200,2023-10-19,,0.0,pending,submitted,2023-10-19
O002098,000031.SZ,buy,5100,2023-10-19,,0.0,pending,submitted,2023-10-19
O002099,000034.SZ,buy,3200,2023-10-19,,0.0,pending,submitted,2023-10-19
O002100,000041.SZ,buy,2800,2023-10-19,,0.0,pending,submitted,2023-10-19
O002101,000042.SZ,buy,4000,2023-10-19,,0.0,pending,submitted,2023-10-19
O002102,000046.SZ,buy,2200,2023-10-19,,0.0,pending,submitted,2023-10-19
O002092,000047.SZ,sell,1100,2023-10-19,2023-10-20,13.317768899999999,filled,filled,2023-10-20
O002093,000002.SZ,buy,4900,2023-10-19,2023-10-20,6.849842999999999,filled,filled,2023-10-20
O002094,000006.SZ,buy,3900,2023-10-19,2023-10-20,8.593585,filled,filled,2023-10-20
O002095,000024.SZ,buy,4600,2023-10-19,2023-10-20,7.302495199999999,filled,filled,2023-10-20
O002096,000025.SZ,buy,3200,2023-10-19,2023-10-20,10.443833399999999,filled,filled,2023-10-20
O002097,000028.SZ,buy,4200,2023-10-19,2023-10-20,7.904296399999999,filled,filled,2023-10-20
O002098,000031.SZ,buy,5100,2023-10-19,2023-10-20,6.592586,filled,filled,2023-10-20
O002099,000034.SZ,buy,3200,2023-10-19,2023-10-20,10.3675572,filled,filled,2023-10-20
O002100,000041.SZ,buy,2800,2023-10-19,2023-10-20,11.9267148,filled,filled,2023-10-20
O002101,000042.SZ,buy,4000,2023-10-19,2023-10-20,8.409601199999999,filled,filled,2023-10-20
O002102,000046.SZ,buy,2200,2023-10-19,2023-10-20,14.701186499999999,filled,filled,2023-10-20
O002103,000001.SZ,buy,300,2023-10-20,,0.0,pending,submitted,2023-10-20
O002104,000002.SZ,buy,400,2023-10-20,,0.0,pending,submitted,2023-10-20
O002105,000008.SZ,buy,400,2023-10-20,,0.0,pending,submitted,2023-10-20
O002106,000020.SZ,buy,500,2023-10-20,,0.0,pending,submitted,2023-10-20
O002107,000028.SZ,buy,400,2023-10-20,,0.0,pending,submitted,2023-10-20
O002108,000031.SZ,buy,500,2023-10-20,,0.0,pending,submitted,2023-10-20
O002109,000041.SZ,buy,200,2023-10-20,,0.0,pending,submitted,2023-10-20
O002110,000042.SZ,buy,400,2023-10-20,,0.0,pending,submitted,2023-10-20
O002111,000046.SZ,buy,200,2023-10-20,,0.0,pending,submitted,2023-10-20
O002112,000050.SZ,buy,300,2023-10-20,,0.0,pending,submitted,2023-10-20
O002103,000001.SZ,buy,300,2023-10-20,2023-10-23,10.2990888,filled,filled,2023-10-23
O002104,000002.SZ,buy,400,2023-10-20,2023-10-23,6.915808899999999,filled,filled,2023-10-23
O002105,000008.SZ,buy,400,2023-10-20,2023-10-23,8.356147799999999,filled,filled,2023-10-23
O002106,000020.SZ,buy,500,2023-10-20,2023-10-23,6.559753199999999,filled,filled,2023-10-23
O002107,000028.SZ,buy,400,2023-10-20,2023-10-23,7.8099020999999995,filled,filled,2023-10-23
O002108,000031.SZ,buy,500,2023-10-20,2023-10-23,6.5380315,filled,filled,2023-10-23
O002109,000041.SZ,buy,200,2023-10-20,2023-10-23,12.2240118,filled,filled,2023-10-23
O002110,000042.SZ,buy,400,2023-10-20,2023-10-23,8.523915399999998,filled,filled,2023-10-23
O002111,000046.SZ,buy,200,2023-10-20,2023-10-23,14.808393599999999,filled,filled,2023-10-23
O002112,000050.SZ,buy,300,2023-10-20,2023-10-23,9.839129299999998,filled,filled,2023-10-23
O002113,000004.SZ,sell,1400,2023-10-23,,0.0,pending,submitted,2023-10-23
O002113,000004.SZ,sell,1400,2023-10-23,2023-10-24,11.2534353,filled,filled,2023-10-24
O002114,000043.SZ,sell,500,2023-10-24,,0.0,pending,submitted,2023-10-24
O002115,000001.SZ,buy,100,2023-10-24,,0.0,pending,submitted,2023-10-24
O002116,000006.SZ,buy,200,2023-10-24,,0.0,pending,submitted,2023-10-24
O002117,000017.SZ,buy,100,2023-10-24,,0.0,pending,submitted,2023-10-24
O002118,000022.SZ,buy,200,2023-10-24,,0.0,pending,submitted,2023-10-24
O002119,000029.SZ,buy,100,2023-10-24,,0.0,pending,submitted,2023-10-24
O002120,000031.SZ,buy,300,2023-10-24,,0.0,pending,submitted,2023-10-24
O002121,000038.SZ,buy,100,2023-10-24,,0.0,pending,submitted,2023-10-24
O002122,000041.SZ,buy,100,2023-10-24,,0.0,pending,submitted,2023-10-24
O002123,000042.SZ,buy,200,2023-10-24,,0.0,pending,submitted,2023-10-24
O002124,000050.SZ,buy,200,2023-10-24,,0.0,pending,submitted,2023-10-24
O002114,000043.SZ,sell,500,2023-10-24,2023-10-25,9.124366499999999,filled,filled,2023-10-25
O002115,000001.SZ,buy,100,2023-10-24,2023-10-25,10.643132499999998,filled,filled,2023-10-25
O002116,000006.SZ,buy,200,2023-10-24,2023-10-25,8.924916,filled,filled,2023-10-25
O002117,000017.SZ,buy,100,2023-10-24,2023-10-25,10.740329599999999,filled,filled,2023-10-25
O002118,000022.SZ,buy,200,2023-10-24,2023-10-25,7.269962699999999,filled,filled,2023-10-25
O002119,000029.SZ,buy,100,2023-10-24,2023-10-25,10.234224,filled,filled,2023-10-25
O002120,000031.SZ,buy,300,2023-10-24,2023-10-25,6.632025399999999,filled,filled,2023-10-25
O002121,000038.SZ,buy,100,2023-10-24,2023-10-25,12.017905899999999,filled,filled,2023-10-25
O002122,000041.SZ,buy,100,2023-10-24,2023-10-25,12.532519999999998,filled,filled,2023-10-25
O002123,000042.SZ,buy,200,2023-10-24,2023-10-25,8.7890803,filled,filled,2023-10-25
O002124,000050.SZ,buy,200,2023-10-24,2023-10-25,9.7771674,filled,filled,2023-10-25
O002125,000011.SZ,sell,1200,2023-10-25,,0.0,pending,submitted,2023-10-25
O002126,000027.SZ,sell,3200,2023-10-25,,0.0,pending,submitted,2023-10-25
O002127,000002.SZ,buy,100,2023-10-25,,0.0,pending,submitted,2023-10-25
O002128,000022.SZ,buy,100,2023-10-25,,0.0,pending,submitted,2023-10-25
O002129,000042.SZ,buy,100,2023-10-25,,0.0,pending,submitted,2023-10-25
O002130,000048.SZ,buy,100,2023-10-25,,0.0,pending,submitted,2023-10-25
O002131,000050.SZ,buy,100,2023-10-25,,0.0,pending,submitted,2023-10-25
O002125,000011.SZ,sell,1200,2023-10-25,2023-10-26,9.0467442,filled,filled,2023-10-26
O002126,000027.SZ,sell,3200,2023-10-25,2023-10-26,7.391601,filled,filled,2023-10-26
O002127,000002.SZ,buy,100,2023-10-25,2023-10-26,7.1214143,filled,filled,2023-10-26
O002128,000022.SZ,buy,100,2023-10-25,2023-10-26,7.3185112,filled,filled,2023-10-26
O002129,000042.SZ,buy,100,2023-10-25,2023-10-26,8.9623534,filled,filled,2023-10-26
O002130,000048.SZ,buy,100,2023-10-25,2023-10-26,5.462156699999999,filled,filled,2023-10-26
O002131,000050.SZ,buy,100,2023-10-25,2023-10-26,10.1388287,filled,filled,2023-10-26
O002132,000003.SZ,sell,1500,2023-10-26,,0.0,pending,submitted,2023-10-26
O002133,000028.SZ,sell,4600,2023-10-26,,0.0,pending,submitted,2023-10-26
O002134,000033.SZ,sell,1700,2023-10-26,,0.0,pending,submitted,2023-10-26
O002135,000001.SZ,buy,300,2023-10-26,,0.0,pending,submitted,2023-10-26
O002136,000002.SZ,buy,500,2023-10-26,,0.0,pending,submitted,2023-10-26
O002137,000012.SZ,buy,200,2023-10-26,,0.0,pending,submitted,2023-10-26
O002138,000017.SZ,buy,300,2023-10-26,,0.0,pending,submitted,2023-10-26
O002139,000022.SZ,buy,500,2023-10-26,,0.0,pending,submitted,2023-10-26
O002140,000038.SZ,buy,300,2023-10-26,,0.0,pending,submitted,2023-10-26
O002141,000041.SZ,buy,300,2023-10-26,,0.0,pending,submitted,2023-10-26
O002142,000042.SZ,buy,400,2023-10-26,,0.0,pending,submitted,2023-10-26
O002143,000048.SZ,buy,700,2023-10-26,,0.0,pending,submitted,2023-10-26
O002144,000049.SZ,buy,400,2023-10-26,,0.0,pending,submitted,2023-10-26
O002132,000003.SZ,sell,1500,2023-10-26,2023-10-27,13.0631238,filled,filled,2023-10-27
O002133,000028.SZ,sell,4600,2023-10-26,2023-10-27,7.190002799999999,filled,filled,2023-10-27
O002134,000033.SZ,sell,1700,2023-10-26,2023-10-27,11.661526799999999,filled,filled,2023-10-27
O002135,000001.SZ,buy,300,2023-10-26,2023-10-27,10.643733099999999,filled,filled,2023-10-27
O002136,000002.SZ,buy,500,2023-10-26,2023-10-27,7.216208999999999,filled,filled,2023-10-27
O002137,000012.SZ,buy,200,2023-10-26,2023-10-27,14.154740599999998,filled,filled,2023-10-27
O002138,000017.SZ,buy,300,2023-10-26,2023-10-27,11.419007599999999,filled,filled,2023-10-27
O002139,000022.SZ,buy,500,2023-10-26,2023-10-27,7.415107699999999,filled,filled,2023-10-27
O002140,000038.SZ,buy,300,2023-10-26,2023-10-27,11.502290799999999,filled,filled,2023-10-27
O002141,000041.SZ,buy,300,2023-10-26,2023-10-27,12.889476599999998,filled,filled,2023-10-27
O002142,000042.SZ,buy,400,2023-10-26,2023-10-27,9.1229138,filled,filled,2023-10-27
O002143,000048.SZ,buy,700,2023-10-26,2023-10-27,5.512106599999999,filled,filled,2023-10-27
O002144,000049.SZ,buy,400,2023-10-26,2023-10-27,9.609700099999998,filled,filled,2023-10-27
O002145,000008.SZ,sell,1200,2023-10-27,,0.0,pending,submitted,2023-10-27
O002146,000020.SZ,sell,1300,2023-10-27,,0.0,pending,submitted,2023-10-27
O002147,000001.SZ,buy,700,2023-10-27,,0.0,pending,submitted,2023-10-27
O002148,000002.SZ,buy,900,2023-10-27,,0.0,pending,submitted,2023-10-27
O002149,000012.SZ,buy,500,2023-10-27,,0.0,pending,submitted,2023-10-27
O002150,000017.SZ,buy,600,2023-10-27,,0.0,pending,submitted,2023-10-27
O002151,000018.SZ,buy,700,2023-10-27,,0.0,pending,submitted,2023-10-27
O002152,000021.SZ,buy,600,2023-10-27,,0.0,pending,submitted,2023-10-27
O002153,000022.SZ,buy,900,2023-10-27,,0.0,pending,submitted,2023-10-27
O002154,000042.SZ,buy,800,2023-10-27,,0.0,pending,submitted,2023-10-27
O002155,000047.SZ,buy,500,2023-10-27,,0.0,pending,submitted,2023-10-27
O002156,000049.SZ,buy,700,2023-10-27,,0.0,pending,submitted,2023-10-27
O002145,000008.SZ,sell,1200,2023-10-27,2023-10-30,7.9852068,filled,filled,2023-10-30
O002146,000020.SZ,sell,1300,2023-10-27,2023-10-30,6.199694099999999,filled,filled,2023-10-30
O002147,000001.SZ,buy,700,2023-10-27,2023-10-30,10.573262699999999,filled,filled,2023-10-30
O002148,000002.SZ,buy,900,2023-10-27,2023-10-30,7.5943868,filled,filled,2023-10-30
O002149,000012.SZ,buy,500,2023-10-27,2023-10-30,14.183469299999999,filled,filled,2023-10-30
O002150,000017.SZ,buy,600,2023-10-27,2023-10-30,11.5183068,filled,filled,2023-10-30
O002151,000018.SZ,buy,700,2023-10-27,2023-10-30,10.426916499999997,filled,filled,2023-10-30
O002152,000021.SZ,buy,600,2023-10-27,2023-10-30,11.767755999999999,filled,filled,2023-10-30
O002153,000022.SZ,buy,900,2023-10-27,2023-10-30,7.623515899999999,filled,filled,2023-10-30
O002154,000042.SZ,buy,800,2023-10-27,2023-10-30,9.208399199999999,filled,filled,2023-10-30
O002155,000047.SZ,buy,500,2023-10-27,2023-10-30,13.819005199999998,filled,filled,2023-10-30
O002156,000049.SZ,buy,700,2023-10-27,2023-10-30,9.460751299999998,filled,filled,2023-10-30
O002157,000029.SZ,sell,100,2023-10-30,,0.0,pending,submitted,2023-10-30
O002158,000034.SZ,sell,4300,2023-10-30,,0.0,pending,submitted,2023-10-30
O002159,000002.SZ,buy,300,2023-10-30,,0.0,pending,submitted,2023-10-30
O002160,000005.SZ,buy,100,2023-10-30,,0.0,pending,submitted,2023-10-30
O002161,000012.SZ,buy,100,2023-10-30,,0.0,pending,submitted,2023-10-30
O002162,000017.SZ,buy,200,2023-10-30,,0.0,pending,submitted,2023-10-30
O002163,000018.SZ,buy,200,2023-10-30,,0.0,pending,submitted,2023-10-30
O002164,000022.SZ,buy,300,2023-10-30,,0.0,pending,submitted,2023-10-30
O002165,000035.SZ,buy,200,2023-10-30,,0.0,pending,submitted,2023-10-30
O002166,000042.SZ,buy,200,2023-10-30,,0.0,pending,submitted,2023-10-30
O002167,000047.SZ,buy,100,2023-10-30,,0.0,pending,submitted,2023-10-30
O002168,000049.SZ,buy,200,2023-10-30,,0.0,pending,submitted,2023-10-30
O002157,000029.SZ,sell,100,2023-10-30,2023-10-31,9.8132769,filled,filled,2023-10-31
O002158,000034.SZ,sell,4300,2023-10-30,2023-10-31,9.5995908,filled,filled,2023-10-31
O002159,000002.SZ,buy,300,2023-10-30,2023-10-31,7.453746299999999,filled,filled,2023-10-31
O002160,000005.SZ,buy,100,2023-10-30,2023-10-31,15.892076199999998,filled,filled,2023-10-31
O002161,000012.SZ,buy,100,2023-10-30,2023-10-31,14.306992699999999,filled,filled,2023-10-31
O002162,000017.SZ,buy,200,2023-10-30,2023-10-31,11.6007892,filled,filled,2023-10-31
O002163,000018.SZ,buy,200,2023-10-30,2023-10-31,10.4239135,filled,filled,2023-10-31
O002164,000022.SZ,buy,300,2023-10-30,2023-10-31,7.3810737,filled,filled,2023-10-31
O002165,000035.SZ,buy,200,2023-10-30,2023-10-31,9.710300599999998,filled,filled,2023-10-31
O002166,000042.SZ,buy,200,2023-10-30,2023-10-31,9.397688299999999,filled,filled,2023-10-31
O002167,000047.SZ,buy,100,2023-10-30,2023-10-31,13.750736999999999,filled,filled,2023-10-31
O002168,000049.SZ,buy,200,2023-10-30,2023-10-31,9.5572477,filled,filled,2023-10-31
O002169,000001.SZ,sell,1400,2023-10-31,,0.0,pending,submitted,2023-10-31
O002170,000030.SZ,sell,7300,2023-10-31,,0.0,pending,submitted,2023-10-31
O002171,000038.SZ,sell,400,2023-10-31,,0.0,pending,submitted,2023-10-31
O002172,000002.SZ,buy,600,2023-10-31,,0.0,pending,submitted,2023-10-31
O002173,000010.SZ,buy,300,2023-10-31,,0.0,pending,submitted,2023-10-31
O002174,000013.SZ,buy,300,2023-10-31,,0.0,pending,submitted,2023-10-31
O002175,000015.SZ,buy,400,2023-10-31,,0.0,pending,submitted,2023-10-31
O002176,000017.SZ,buy,300,2023-10-31,,0.0,pending,submitted,2023-10-31
O002177,000018.SZ,buy,400,2023-10-31,,0.0,pending,submitted,2023-10-31
O002178,000042.SZ,buy,400,2023-10-31,,0.0,pending,submitted,2023-10-31
O002179,000047.SZ,buy,300,2023-10-31,,0.0,pending,submitted,2023-10-31
O002180,000049.SZ,buy,400,2023-10-31,,0.0,pending,submitted,2023-10-31
O002181,000050.SZ,buy,400,2023-10-31,,0.0,pending,submitted,2023-10-31
O002169,000001.SZ,sell,1400,2023-10-31,2023-11-01,10.205084699999999,filled,filled,2023-11-01
O002170,000030.SZ,sell,7300,2023-10-31,2023-11-01,9.6504399,filled,filled,2023-11-01
O002171,000038.SZ,sell,400,2023-10-31,2023-11-01,11.2923963,filled,filled,2023-11-01
O002172,000002.SZ,buy,600,2023-10-31,2023-11-01,7.507900399999999,filled,filled,2023-11-01
O002173,000010.SZ,buy,300,2023-10-31,2023-11-01,11.996784799999999,filled,filled,2023-11-01
O002174,000013.SZ,buy,300,2023-10-31,2023-11-01,13.116102999999999,filled,filled,2023-11-01
O002175,000015.SZ,buy,400,2023-10-31,2023-11-01,11.009398399999998,filled,filled,2023-11-01
O002176,000017.SZ,buy,300,2023-10-31,2023-11-01,11.6891775,filled,filled,2023-11-01
O002177,000018.SZ,buy,400,2023-10-31,2023-11-01,10.456946499999999,filled,filled,2023-11-01
O002178,000042.SZ,buy,400,2023-10-31,2023-11-01,9.355345999999999,filled,filled,2023-11-01
O002179,000047.SZ,buy,300,2023-10-31,2023-11-01,14.228614399999998,filled,filled,2023-11-01
O002180,000049.SZ,buy,400,2023-10-31,2023-11-01,9.6861765,filled,filled,2023-11-01
O002181,000050.SZ,buy,400,2023-10-31,2023-11-01,10.205195,filled,filled,2023-11-01
O002182,000021.SZ,sell,1200,2023-11-01,,0.0,pending,submitted,2023-11-01
O002183,000044.SZ,sell,4300,2023-11-01,,0.0,pending,submitted,2023-11-01
O002184,000006.SZ,buy,1000,2023-11-01,,0.0,pending,submitted,2023-11-01
O002185,000009.SZ,buy,800,2023-11-01,,0.0,pending,submitted,2023-11-01
O002186,000010.SZ,buy,700,2023-11-01,,0.0,pending,submitted,2023-11-01
O002187,000013.SZ,buy,700,2023-11-01,,0.0,pending,submitted,2023-11-01
O002188,000015.SZ,buy,800,2023-11-01,,0.0,pending,submitted,2023-11-01
O002189,000017.SZ,buy,700,2023-11-01,,0.0,pending,submitted,2023-11-01
O002190,000018.SZ,buy,800,2023-11-01,,0.0,pending,submitted,2023-11-01
O002191,000042.SZ,buy,900,2023-11-01,,0.0,pending,submitted,2023-11-01
O002192,000047.SZ,buy,600,2023-11-01,,0.0,pending,submitted,2023-11-01
O002193,000049.SZ,buy,900,2023-11-01,,0.0,pending,submitted,2023-11-01
O002182,000021.SZ,sell,1200,2023-11-01,2023-11-02,11.1636252,filled,filled,2023-11-02
O002183,000044.SZ,sell,4300,2023-11-01,2023-11-02,11.0078811,filled,filled,2023-11-02
O002184,000006.SZ,buy,1000,2023-11-01,2023-11-02,9.153544399999998,filled,filled,2023-11-02
O002185,000009.SZ,buy,800,2023-11-01,2023-11-02,10.377467099999999,filled,filled,2023-11-02
O002186,000010.SZ,buy,700,2023-11-01,2023-11-02,11.937725799999999,filled,filled,2023-11-02
O002187,000013.SZ,buy,700,2023-11-01,2023-11-02,13.172158999999999,filled,filled,2023-11-02
O002188,000015.SZ,buy,800,2023-11-01,2023-11-02,11.439528099999999,filled,filled,2023-11-02
O002189,000017.SZ,buy,700,2023-11-01,2023-11-02,11.725413699999997,filled,filled,2023-11-02
O002190,000018.SZ,buy,800,2023-11-01,2023-11-02,10.432221799999999,filled,filled,2023-11-02
O002191,000042.SZ,buy,900,2023-11-01,2023-11-02,9.4849755,filled,filled,2023-11-02
O002192,000047.SZ,buy,600,2023-11-01,2023-11-02,14.385571199999998,filled,filled,2023-11-02
O002193,000049.SZ,buy,900,2023-11-01,2023-11-02,9.854845,filled,filled,2023-11-02
O002194,000025.SZ,sell,3200,2023-11-02,,0.0,pending,submitted,2023-11-02
O002195,000045.SZ,sell,1300,2023-11-02,,0.0,pending,submitted,2023-11-02
O002196,000006.SZ,buy,700,2023-11-02,,0.0,pending,submitted,2023-11-02
O002197,000010.SZ,buy,500,2023-11-02,,0.0,pending,submitted,2023-11-02
O002198,000013.SZ,buy,400,2023-11-02,,0.0,pending,submitted,2023-11-02
O002199,000015.SZ,buy,500,2023-11-02,,0.0,pending,submitted,2023-11-02
O002200,000018.SZ,buy,600,2023-11-02,,0.0,pending,submitted,2023-11-02
O002201,000036.SZ,buy,600,2023-11-02,,0.0,pending,submitted,2023-11-02
O002202,000042.SZ,buy,600,2023-11-02,,0.0,pending,submitted,2023-11-02
O002203,000043.SZ,buy,700,2023-11-02,,0.0,pending,submitted,2023-11-02
O002204,000048.SZ,buy,1100,2023-11-02,,0.0,pending,submitted,2023-11-02
O002205,000049.SZ,buy,600,2023-11-02,,0.0,pending,submitted,2023-11-02
O002194,000025.SZ,sell,3200,2023-11-02,2023-11-03,10.241548199999999,filled,filled,2023-11-03
O002195,000045.SZ,sell,1300,2023-11-02,2023-11-03,12.790197000000001,filled,filled,2023-11-03
O002196,000006.SZ,buy,700,2023-11-02,2023-11-03,9.221712499999999,filled,filled,2023-11-03
O002197,000010.SZ,buy,500,2023-11-02,2023-11-03,12.145032899999999,filled,filled,2023-11-03
O002198,000013.SZ,buy,400,2023-11-02,2023-11-03,13.782969199999998,filled,filled,2023-11-03
O002199,000015.SZ,buy,500,2023-11-02,2023-11-03,11.371460099999998,filled,filled,2023-11-03
O002200,000018.SZ,buy,600,2023-11-02,2023-11-03,10.594684099999998,filled,filled,2023-11-03
O002201,000036.SZ,buy,600,2023-11-02,2023-11-03,10.0548448,filled,filled,2023-11-03
O002202,000042.SZ,buy,600,2023-11-02,2023-11-03,9.8197099,filled,filled,2023-11-03
O002203,000043.SZ,buy,700,2023-11-02,2023-11-03,9.703493799999999,filled,filled,2023-11-03
O002204,000048.SZ,buy,1100,2023-11-02,2023-11-03,5.7420363,filled,filled,2023-11-03
O002205,000049.SZ,buy,600,2023-11-02,2023-11-03,10.1686585,filled,filled,2023-11-03
O002206,000002.SZ,sell,20400,2023-11-03,,0.0,pending,submitted,2023-11-03
O002207,000005.SZ,sell,100,2023-11-03,,0.0,pending,submitted,2023-11-03
O002208,000022.SZ,sell,3400,2023-11-03,,0.0,pending,submitted,2023-11-03
O002209,000010.SZ,buy,400,2023-11-03,,0.0,pending,submitted,2023-11-03
O002210,000013.SZ,buy,400,2023-11-03,,0.0,pending,submitted,2023-11-03
O002211,000015.SZ,buy,500,2023-11-03,,0.0,pending,submitted,2023-11-03
O002212,000018.SZ,buy,500,2023-11-03,,0.0,pending,submitted,2023-11-03
O002213,000036.SZ,buy,500,2023-11-03,,0.0,pending,submitted,2023-11-03
O002214,000042.SZ,buy,500,2023-11-03,,0.0,pending,submitted,2023-11-03
O002215,000043.SZ,buy,500,2023-11-03,,0.0,pending,submitted,2023-11-03
O002216,000048.SZ,buy,900,2023-11-03,,0.0,pending,submitted,2023-11-03
O002217,000049.SZ,buy,500,2023-11-03,,0.0,pending,submitted,2023-11-03
O002218,000050.SZ,buy,500,2023-11-03,,0.0,pending,submitted,2023-11-03
O002206,000002.SZ,sell,20400,2023-11-03,2023-11-06,7.2805121999999995,filled,filled,2023-11-06
O002207,000005.SZ,sell,100,2023-11-03,2023-11-06,14.411773799999999,filled,filled,2023-11-06
O002208,000022.SZ,sell,3400,2023-11-03,2023-11-06,7.216276499999999,filled,filled,2023-11-06
O002209,000010.SZ,buy,400,2023-11-03,2023-11-06,12.249136899999998,filled,filled,2023-11-06
O002210,000013.SZ,buy,400,2023-11-03,2023-11-06,13.5040906,filled,filled,2023-11-06
O002211,000015.SZ,buy,500,2023-11-03,2023-11-06,11.210299099999999,filled,filled,2023-11-06
O002212,000018.SZ,buy,500,2023-11-03,2023-11-06,11.0022913,filled,filled,2023-11-06
O002213,000036.SZ,buy,500,2023-11-03,2023-11-06,10.079569499999998,filled,filled,2023-11-06
O002214,000042.SZ,buy,500,2023-11-03,2023-11-06,10.0525425,filled,filled,2023-11-06
O002215,000043.SZ,buy,500,2023-11-03,2023-11-06,9.753744,filled,filled,2023-11-06
O002216,000048.SZ,buy,900,2023-11-03,2023-11-06,5.771465699999999,filled,filled,2023-11-06
O002217,000049.SZ,buy,500,2023-11-03,2023-11-06,10.178067899999999,filled,filled,2023-11-06
O002218,000050.SZ,buy,500,2023-11-03,2023-11-06,10.325615299999999,filled,filled,2023-11-06
O002219,000012.SZ,sell,1700,2023-11-06,,0.0,pending,submitted,2023-11-06
O002220,000017.SZ,sell,2700,2023-11-06,,0.0,pending,submitted,2023-11-06
O002221,000003.SZ,buy,1200,2023-11-06,,0.0,pending,submitted,2023-11-06
O002222,000010.SZ,buy,1400,2023-11-06,,0.0,pending,submitted,2023-11-06
O002223,000026.SZ,buy,1700,2023-11-06,,0.0,pending,submitted,2023-11-06
O002224,000030.SZ,buy,1600,2023-11-06,,0.0,pending,submitted,2023-11-06
O002225,000032.SZ,buy,2000,2023-11-06,,0.0,pending,submitted,2023-11-06
O002226,000035.SZ,buy,1600,2023-11-06,,0.0,pending,submitted,2023-11-06
O002227,000042.SZ,buy,1700,2023-11-06,,0.0,pending,submitted,2023-11-06
O002228,000043.SZ,buy,1700,2023-11-06,,0.0,pending,submitted,2023-11-06
O002229,000046.SZ,buy,1100,2023-11-06,,0.0,pending,submitted,2023-11-06
O002230,000049.SZ,buy,1600,2023-11-06,,0.0,pending,submitted,2023-11-06
O002219,000012.SZ,sell,1700,2023-11-06,2023-11-07,13.7090772,filled,filled,2023-11-07
O002220,000017.SZ,sell,2700,2023-11-06,2023-11-07,11.325363300000001,filled,filled,2023-11-07
O002221,000003.SZ,buy,1200,2023-11-06,2023-11-07,13.666352699999997,filled,filled,2023-11-07
O002222,000010.SZ,buy,1400,2023-11-06,2023-11-07,12.3416293,filled,filled,2023-11-07
O002223,000026.SZ,buy,1700,2023-11-06,2023-11-07,9.8174076,filled,filled,2023-11-07
O002224,000030.SZ,buy,1600,2023-11-06,2023-11-07,10.4173069,filled,filled,2023-11-07
O002225,000032.SZ,buy,2000,2023-11-06,2023-11-07,8.505496999999998,filled,filled,2023-11-07
O002226,000035.SZ,buy,1600,2023-11-06,2023-11-07,10.275365099999998,filled,filled,2023-11-07
O002227,000042.SZ,buy,1700,2023-11-06,2023-11-07,9.978968999999998,filled,filled,2023-11-07
O002228,000043.SZ,buy,1700,2023-11-06,2023-11-07,9.822112299999999,filled,filled,2023-11-07
O002229,000046.SZ,buy,1100,2023-11-06,2023-11-07,15.689373699999999,filled,filled,2023-11-07
O002230,000049.SZ,buy,1600,2023-11-06,2023-11-07,10.3819716,filled,filled,2023-11-07
O002231,000039.SZ,sell,7600,2023-11-07,,0.0,pending,submitted,2023-11-07
O002232,000003.SZ,buy,400,2023-11-07,,0.0,pending,submitted,2023-11-07
O002233,000018.SZ,buy,500,2023-11-07,,0.0,pending,submitted,2023-11-07
O002234,000026.SZ,buy,600,2023-11-07,,0.0,pending,submitted,2023-11-07
O002235,000030.SZ,buy,600,2023-11-07,,0.0,pending,submitted,2023-11-07
O002236,000032.SZ,buy,700,2023-11-07,,0.0,pending,submitted,2023-11-07
O002237,000035.SZ,buy,600,2023-11-07,,0.0,pending,submitted,2023-11-07
O002238,000040.SZ,buy,400,2023-11-07,,0.0,pending,submitted,2023-11-07
O002239,000043.SZ,buy,600,2023-11-07,,0.0,pending,submitted,2023-11-07
O002240,000047.SZ,buy,400,2023-11-07,,0.0,pending,submitted,2023-11-07
O002241,000049.SZ,buy,500,2023-11-07,,0.0,pending,submitted,2023-11-07
O002231,000039.SZ,sell,7600,2023-11-07,2023-11-08,10.2874023,filled,filled,2023-11-08
O002232,000003.SZ,buy,400,2023-11-07,2023-11-08,13.958544599999998,filled,filled,2023-11-08
O002233,000018.SZ,buy,500,2023-11-07,2023-11-08,11.157146,filled,filled,2023-11-08
O002234,000026.SZ,buy,600,2023-11-07,2023-11-08,9.9600501,filled,filled,2023-11-08
O002235,000030.SZ,buy,600,2023-11-07,2023-11-08,10.4521417,filled,filled,2023-11-08
O002236,000032.SZ,buy,700,2023-11-07,2023-11-08,8.758850099999998,filled,filled,2023-11-08
O002237,000035.SZ,buy,600,2023-11-07,2023-11-08,10.1768667,filled,filled,2023-11-08
O002238,000040.SZ,buy,400,2023-11-07,2023-11-08,13.630516899999998,filled,filled,2023-11-08
O002239,000043.SZ,buy,600,2023-11-07,2023-11-08,9.9243144,filled,filled,2023-11-08
O002240,000047.SZ,buy,400,2023-11-07,2023-11-08,15.0939789,filled,filled,2023-11-08
O002241,000049.SZ,buy,500,2023-11-07,2023-11-08,10.7979872,filled,filled,2023-11-08
O002242,000041.SZ,sell,3400,2023-11-08,,0.0,pending,submitted,2023-11-08
O002243,000003.SZ,buy,600,2023-11-08,,0.0,pending,submitted,2023-11-08
O002244,000016.SZ,buy,700,2023-11-08,,0.0,pending,submitted,2023-11-08
O002245,000018.SZ,buy,700,2023-11-08,,0.0,pending,submitted,2023-11-08
O002246,000026.SZ,buy,800,2023-11-08,,0.0,pending,submitted,2023-11-08
O002247,000027.SZ,buy,1000,2023-11-08,,0.0,pending,submitted,2023-11-08
O002248,000030.SZ,buy,700,2023-11-08,,0.0,pending,submitted,2023-11-08
O002249,000032.SZ,buy,900,2023-11-08,,0.0,pending,submitted,2023-11-08
O002250,000040.SZ,buy,600,2023-11-08,,0.0,pending,submitted,2023-11-08
O002251,000048.SZ,buy,1400,2023-11-08,,0.0,pending,submitted,2023-11-08
O002252,000049.SZ,buy,700,2023-11-08,,0.0,pending,submitted,2023-11-08
O002242,000041.SZ,sell,3400,2023-11-08,2023-11-09,12.414572999999999,filled,filled,2023-11-09
O002243,000003.SZ,buy,600,2023-11-08,2023-11-09,13.460246799999998,filled,filled,2023-11-09
O002244,000016.SZ,buy,700,2023-11-08,2023-11-09,11.0389279,filled,filled,2023-11-09
O002245,000018.SZ,buy,700,2023-11-08,2023-11-09,10.952341399999998,filled,filled,2023-11-09
O002246,000026.SZ,buy,800,2023-11-08,2023-11-09,9.428018599999998,filled,filled,2023-11-09
O002247,000027.SZ,buy,1000,2023-11-08,2023-11-09,7.974866899999999,filled,filled,2023-11-09
O002248,000030.SZ,buy,700,2023-11-08,2023-11-09,10.5088984,filled,filled,2023-11-09
O002249,000032.SZ,buy,900,2023-11-08,2023-11-09,8.4829745,filled,filled,2023-11-09
O002250,000040.SZ,buy,600,2023-11-08,2023-11-09,13.722208499999999,filled,filled,2023-11-09
O002251,000048.SZ,buy,1400,2023-11-08,2023-11-09,5.908902999999999,filled,filled,2023-11-09
O002252,000049.SZ,buy,700,2023-11-08,2023-11-09,10.775865099999999,filled,filled,2023-11-09
O002253,000013.SZ,sell,5000,2023-11-09,,0.0,pending,submitted,2023-11-09
O002254,000036.SZ,sell,1100,2023-11-09,,0.0,pending,submitted,2023-11-09
O002255,000042.SZ,sell,10800,2023-11-09,,0.0,pending,submitted,2023-11-09
O002256,000002.SZ,buy,600,2023-11-09,,0.0,pending,submitted,2023-11-09
O002257,000003.SZ,buy,300,2023-11-09,,0.0,pending,submitted,2023-11-09
O002258,000010.SZ,buy,300,2023-11-09,,0.0,pending,submitted,2023-11-09
O002259,000016.SZ,buy,400,2023-11-09,,0.0,pending,submitted,2023-11-09
O002260,000027.SZ,buy,600,2023-11-09,,0.0,pending,submitted,2023-11-09
O002261,000030.SZ,buy,400,2023-11-09,,0.0,pending,submitted,2023-11-09
O002262,000032.SZ,buy,500,2023-11-09,,0.0,pending,submitted,2023-11-09
O002263,000046.SZ,buy,300,2023-11-09,,0.0,pending,submitted,2023-11-09
O002264,000048.SZ,buy,700,2023-11-09,,0.0,pending,submitted,2023-11-09
O002265,000049.SZ,buy,400,2023-11-09,,0.0,pending,submitted,2023-11-09
O002253,000013.SZ,sell,5000,2023-11-09,2023-11-10,12.954432599999999,filled,filled,2023-11-10
O002254,000036.SZ,sell,1100,2023-11-09,2023-11-10,9.3457449,filled,filled,2023-11-10
O002255,000042.SZ,sell,10800,2023-11-09,2023-11-10,9.2765142,filled,filled,2023-11-10
O002256,000002.SZ,buy,600,2023-11-09,2023-11-10,7.599391799999999,filled,filled,2023-11-10
O002257,000003.SZ,buy,300,2023-11-09,2023-11-10,13.159346199999998,filled,filled,2023-11-10
O002258,000010.SZ,buy,300,2023-11-09,2023-11-10,12.5268143,filled,filled,2023-11-10
O002259,000016.SZ,buy,400,2023-11-09,2023-11-10,11.2799687,filled,filled,2023-11-10
O002260,000027.SZ,buy,600,2023-11-09,2023-11-10,8.0646566,filled,filled,2023-11-10
O002261,000030.SZ,buy,400,2023-11-09,2023-11-10,10.552041499999998,filled,filled,2023-11-10
O002262,000032.SZ,buy,500,2023-11-09,2023-11-10,8.672764099999998,filled,filled,2023-11-10
O002263,000046.SZ,buy,300,2023-11-09,2023-11-10,15.674658999999998,filled,filled,2023-11-10
O002264,000048.SZ,buy,700,2023-11-09,2023-11-10,6.120013899999999,filled,filled,2023-11-10
O002265,000049.SZ,buy,400,2023-11-09,2023-11-10,10.667056399999998,filled,filled,2023-11-10
O002266,000001.SZ,buy,1800,2023-11-10,,0.0,pending,submitted,2023-11-10
O002267,000002.SZ,buy,2200,2023-11-10,,0.0,pending,submitted,2023-11-10
O002268,000003.SZ,buy,1200,2023-11-10,,0.0,pending,submitted,2023-11-10
O002269,000015.SZ,buy,1400,2023-11-10,,0.0,pending,submitted,2023-11-10
O002270,000016.SZ,buy,1500,2023-11-10,,0.0,pending,submitted,2023-11-10
O002271,000022.SZ,buy,2200,2023-11-10,,0.0,pending,submitted,2023-11-10
O002272,000030.SZ,buy,1600,2023-11-10,,0.0,pending,submitted,2023-11-10
O002273,000033.SZ,buy,1400,2023-11-10,,0.0,pending,submitted,2023-11-10
O002274,000048.SZ,buy,2700,2023-11-10,,0.0,pending,submitted,2023-11-10
O002275,000049.SZ,buy,1500,2023-11-10,,0.0,pending,submitted,2023-11-10
O002266,000001.SZ,buy,1800,2023-11-10,2023-11-13,9.5337242,filled,filled,2023-11-13
O002267,000002.SZ,buy,2200,2023-11-10,2023-11-13,7.584076499999999,filled,filled,2023-11-13
O002268,000003.SZ,buy,1200,2023-11-10,2023-11-13,13.692278599999998,filled,filled,2023-11-13
O002269,000015.SZ,buy,1400,2023-11-10,2023-11-13,11.625213599999999,filled,filled,2023-11-13
O002270,000016.SZ,buy,1500,2023-11-10,2023-11-13,11.191680499999999,filled,filled,2023-11-13
O002271,000022.SZ,buy,2200,2023-11-10,2023-11-13,7.604296699999999,filled,filled,2023-11-13
O002272,000030.SZ,buy,1600,2023-11-10,2023-11-13,10.3520417,filled,filled,2023-11-13
O002273,000033.SZ,buy,1400,2023-11-10,2023-11-13,12.330718399999999,filled,filled,2023-11-13
O002274,000048.SZ,buy,2700,2023-11-10,2023-11-13,6.406600199999999,filled,filled,2023-11-13
O002275,000049.SZ,buy,1500,2023-11-10,2023-11-13,11.092781699999998,filled,filled,2023-11-13
O002276,000018.SZ,sell,4400,2023-11-13,,0.0,pending,submitted,2023-11-13
O002277,000001.SZ,buy,100,2023-11-13,,0.0,pending,submitted,2023-11-13
O002278,000002.SZ,buy,100,2023-11-13,,0.0,pending,submitted,2023-11-13
O002279,000004.SZ,buy,100,2023-11-13,,0.0,pending,submitted,2023-11-13
O002280,000006.SZ,buy,100,2023-11-13,,0.0,pending,submitted,2023-11-13
O002281,000016.SZ,buy,100,2023-11-13,,0.0,pending,submitted,2023-11-13
O002282,000027.SZ,buy,100,2023-11-13,,0.0,pending,submitted,2023-11-13
O002283,000033.SZ,buy,100,2023-11-13,,0.0,pending,submitted,2023-11-13
O002284,000040.SZ,buy,100,2023-11-13,,0.0,pending,submitted,2023-11-13
O002285,000048.SZ,buy,200,2023-11-13,,0.0,pending,submitted,2023-11-13
O002286,000049.SZ,buy,100,2023-11-13,,0.0,pending,submitted,2023-11-13
O002276,000018.SZ,sell,4400,2023-11-13,2023-11-14,10.3952943,filled,filled,2023-11-14
O002277,000001.SZ,buy,100,2023-11-13,2023-11-14,9.6382286,filled,filled,2023-11-14
O002278,000002.SZ,buy,100,2023-11-13,2023-11-14,7.758250499999999,filled,filled,2023-11-14
O002279,000004.SZ,buy,100,2023-11-13,2023-11-14,11.667255599999999,filled,filled,2023-11-14
O002280,000006.SZ,buy,100,2023-11-13,2023-11-14,9.5940845,filled,filled,2023-11-14
O002281,000016.SZ,buy,100,2023-11-13,2023-11-14,11.207996799999998,filled,filled,2023-11-14
O002282,000027.SZ,buy,100,2023-11-13,2023-11-14,7.7930852999999995,filled,filled,2023-11-14
O002283,000033.SZ,buy,100,2023-11-13,2023-11-14,12.482269799999997,filled,filled,2023-11-14
O002284,000040.SZ,buy,100,2023-11-13,2023-11-14,14.033119099999999,filled,filled,2023-11-14
O002285,000048.SZ,buy,200,2023-11-13,2023-11-14,6.588581999999999,filled,filled,2023-11-14
O002286,000049.SZ,buy,100,2023-11-13,2023-11-14,11.2624512,filled,filled,2023-11-14
O002287,000047.SZ,sell,1900,2023-11-14,,0.0,pending,submitted,2023-11-14
O002288,000002.SZ,buy,600,2023-11-14,,0.0,pending,submitted,2023-11-14
O002289,000004.SZ,buy,400,2023-11-14,,0.0,pending,submitted,2023-11-14
O002290,000006.SZ,buy,400,2023-11-14,,0.0,pending,submitted,2023-11-14
O002291,000013.SZ,buy,300,2023-11-14,,0.0,pending,submitted,2023-11-14
O002292,000014.SZ,buy,400,2023-11-14,,0.0,pending,submitted,2023-11-14
O002293,000016.SZ,buy,400,2023-11-14,,0.0,pending,submitted,2023-11-14
O002294,000028.SZ,buy,600,2023-11-14,,0.0,pending,submitted,2023-11-14
O002295,000031.SZ,buy,700,2023-11-14,,0.0,pending,submitted,2023-11-14
O002296,000033.SZ,buy,300,2023-11-14,,0.0,pending,submitted,2023-11-14
O002297,000048.SZ,buy,700,2023-11-14,,0.0,pending,submitted,2023-11-14
O002287,000047.SZ,sell,1900,2023-11-14,2023-11-15,14.2940916,filled,filled,2023-11-15
O002288,000002.SZ,buy,600,2023-11-14,2023-11-15,7.600592999999999,filled,filled,2023-11-15
O002289,000004.SZ,buy,400,2023-11-14,2023-11-15,11.726214499999998,filled,filled,2023-11-15
O002290,000006.SZ,buy,400,2023-11-14,2023-11-15,9.668358699999999,filled,filled,2023-11-15
O002291,000013.SZ,buy,300,2023-11-14,2023-11-15,13.382368999999999,filled,filled,2023-11-15
O002292,000014.SZ,buy,400,2023-11-14,2023-11-15,11.188176999999998,filled,filled,2023-11-15
O002293,000016.SZ,buy,400,2023-11-14,2023-11-15,11.485073599999998,filled,filled,2023-11-15
O002294,000028.SZ,buy,600,2023-11-14,2023-11-15,7.745337599999999,filled,filled,2023-11-15
O002295,000031.SZ,buy,700,2023-11-14,2023-11-15,6.7720652999999995,filled,filled,2023-11-15
O002296,000033.SZ,buy,300,2023-11-14,2023-11-15,12.736824099999998,filled,filled,2023-11-15
O002297,000048.SZ,buy,700,2023-11-14,2023-11-15,6.558752199999999,filled,filled,2023-11-15
O002298,000022.SZ,sell,2200,2023-11-15,,0.0,pending,submitted,2023-11-15
O002299,000030.SZ,sell,4900,2023-11-15,,0.0,pending,submitted,2023-11-15
O002300,000001.SZ,buy,300,2023-11-15,,0.0,pending,submitted,2023-11-15
O002301,000002.SZ,buy,400,2023-11-15,,0.0,pending,submitted,2023-11-15
O002302,000006.SZ,buy,300,2023-11-15,,0.0,pending,submitted,2023-11-15
O002303,000016.SZ,buy,200,2023-11-15,,0.0,pending,submitted,2023-11-15
O002304,000026.SZ,buy,300,2023-11-15,,0.0,pending,submitted,2023-11-15
O002305,000028.SZ,buy,300,2023-11-15,,0.0,pending,submitted,2023-11-15
O002306,000031.SZ,buy,400,2023-11-15,,0.0,pending,submitted,2023-11-15
O002307,000048.SZ,buy,400,2023-11-15,,0.0,pending,submitted,2023-11-15
O002308,000049.SZ,buy,200,2023-11-15,,0.0,pending,submitted,2023-11-15
O002309,000050.SZ,buy,200,2023-11-15,,0.0,pending,submitted,2023-11-15
O002298,000022.SZ,sell,2200,2023-11-15,2023-11-16,7.1910017999999996,filled,filled,2023-11-16
O002299,000030.SZ,sell,4900,2023-11-15,2023-11-16,9.8114787,filled,filled,2023-11-16
O002300,000001.SZ,buy,300,2023-11-15,2023-11-16,9.5023929,filled,filled,2023-11-16
O002301,000002.SZ,buy,400,2023-11-15,2023-11-16,7.6128051999999995,filled,filled,2023-11-16
O002302,000006.SZ,buy,300,2023-11-15,2023-11-16,9.4009916,filled,filled,2023-11-16
O002303,000016.SZ,buy,200,2023-11-15,2023-11-16,11.777365599999998,filled,filled,2023-11-16
O002304,000026.SZ,buy,300,2023-11-15,2023-11-16,9.8275177,filled,filled,2023-11-16
O002305,000028.SZ,buy,300,2023-11-15,2023-11-16,7.852744899999999,filled,filled,2023-11-16
O002306,000031.SZ,buy,400,2023-11-15,2023-11-16,6.600293699999999,filled,filled,2023-11-16
O002307,000048.SZ,buy,400,2023-11-15,2023-11-16,6.376970599999999,filled,filled,2023-11-16
O002308,000049.SZ,buy,200,2023-11-15,2023-11-16,11.267356099999999,filled,filled,2023-11-16
O002309,000050.SZ,buy,200,2023-11-15,2023-11-16,10.6677571,filled,filled,2023-11-16
O002310,000001.SZ,buy,700,2023-11-16,,0.0,pending,submitted,2023-11-16
O002311,000009.SZ,buy,600,2023-11-16,,0.0,pending,submitted,2023-11-16
O002312,000013.SZ,buy,400,2023-11-16,,0.0,pending,submitted,2023-11-16
O002313,000026.SZ,buy,600,2023-11-16,,0.0,pending,submitted,2023-11-16
O002314,000028.SZ,buy,800,2023-11-16,,0.0,pending,submitted,2023-11-16
O002315,000035.SZ,buy,600,2023-11-16,,0.0,pending,submitted,2023-11-16
O002316,000037.SZ,buy,700,2023-11-16,,0.0,pending,submitted,2023-11-16
O002317,000042.SZ,buy,600,2023-11-16,,0.0,pending,submitted,2023-11-16
O002318,000048.SZ,buy,1000,2023-11-16,,0.0,pending,submitted,2023-11-16
O002319,000049.SZ,buy,500,2023-11-16,,0.0,pending,submitted,2023-11-16
O002310,000001.SZ,buy,700,2023-11-16,2023-11-17,9.4187093,filled,filled,2023-11-17
O002311,000009.SZ,buy,600,2023-11-16,2023-11-17,10.4279175,filled,filled,2023-11-17
O002312,000013.SZ,buy,400,2023-11-16,2023-11-17,13.524310799999999,filled,filled,2023-11-17
O002313,000026.SZ,buy,600,2023-11-16,2023-11-17,9.814704899999999,filled,filled,2023-11-17
O002314,000028.SZ,buy,800,2023-11-16,2023-11-17,7.862054199999998,filled,filled,2023-11-17
O002315,000035.SZ,buy,600,2023-11-16,2023-11-17,10.079269199999999,filled,filled,2023-11-17
O002316,000037.SZ,buy,700,2023-11-16,2023-11-17,8.4425341,filled,filled,2023-11-17
O002317,000042.SZ,buy,600,2023-11-16,2023-11-17,10.0145045,filled,filled,2023-11-17
O002318,000048.SZ,buy,1000,2023-11-16,2023-11-17,6.411104699999999,filled,filled,2023-11-17
O002319,000049.SZ,buy,500,2023-11-16,2023-11-17,11.469057599999998,filled,filled,2023-11-17
O002320,000015.SZ,sell,3600,2023-11-17,,0.0,pending,submitted,2023-11-17
O002321,000033.SZ,sell,1800,2023-11-17,,0.0,pending,submitted,2023-11-17
O002322,000040.SZ,sell,4000,2023-11-17,,0.0,pending,submitted,2023-11-17
O002323,000028.SZ,buy,100,2023-11-17,,0.0,pending,submitted,2023-11-17
O002324,000029.SZ,buy,100,2023-11-17,,0.0,pending,submitted,2023-11-17
O002325,000037.SZ,buy,100,2023-11-17,,0.0,pending,submitted,2023-11-17
O002320,000015.SZ,sell,3600,2023-11-17,2023-11-20,10.6296597,filled,filled,2023-11-20
O002321,000033.SZ,sell,1800,2023-11-17,2023-11-20,11.863524600000002,filled,filled,2023-11-20
O002322,000040.SZ,sell,4000,2023-11-17,2023-11-20,13.1482386,filled,filled,2023-11-20
O002323,000028.SZ,buy,100,2023-11-17,2023-11-20,7.6622546,filled,filled,2023-11-20
O002324,000029.SZ,buy,100,2023-11-17,2023-11-20,9.2899807,filled,filled,2023-11-20
O002325,000037.SZ,buy,100,2023-11-17,2023-11-20,8.3862779,filled,filled,2023-11-20
O002326,000002.SZ,sell,3900,2023-11-20,,0.0,pending,submitted,2023-11-20
O002327,000031.SZ,sell,8900,2023-11-20,,0.0,pending,submitted,2023-11-20
O002328,000048.SZ,sell,9900,2023-11-20,,0.0,pending,submitted,2023-11-20
O002329,000004.SZ,buy,900,2023-11-20,,0.0,pending,submitted,2023-11-20
O002330,000009.SZ,buy,1000,2023-11-20,,0.0,pending,submitted,2023-11-20
O002331,000013.SZ,buy,800,2023-11-20,,0.0,pending,submitted,2023-11-20
O002332,000018.SZ,buy,1000,2023-11-20,,0.0,pending,submitted,2023-11-20
O002333,000024.SZ,buy,1500,2023-11-20,,0.0,pending,submitted,2023-11-20
O002334,000026.SZ,buy,1100,2023-11-20,,0.0,pending,submitted,2023-11-20
O002335,000027.SZ,buy,1300,2023-11-20,,0.0,pending,submitted,2023-11-20
O002336,000042.SZ,buy,1100,2023-11-20,,0.0,pending,submitted,2023-11-20
O002337,000047.SZ,buy,700,2023-11-20,,0.0,pending,submitted,2023-11-20
O002338,000050.SZ,buy,1000,2023-11-20,,0.0,pending,submitted,2023-11-20
O002326,000002.SZ,sell,3900,2023-11-20,2023-11-21,7.1991936,filled,filled,2023-11-21
O002327,000031.SZ,sell,8900,2023-11-20,2023-11-21,6.389604,filled,filled,2023-11-21
O002328,000048.SZ,sell,9900,2023-11-20,2023-11-21,6.3214722,filled,filled,2023-11-21
O002329,000004.SZ,buy,900,2023-11-20,2023-11-21,12.284672399999998,filled,filled,2023-11-21
O002330,000009.SZ,buy,1000,2023-11-20,2023-11-21,10.7634527,filled,filled,2023-11-21
O002331,000013.SZ,buy,800,2023-11-20,2023-11-21,13.948434499999998,filled,filled,2023-11-21
O002332,000018.SZ,buy,1000,2023-11-20,2023-11-21,11.1792681,filled,filled,2023-11-21
O002333,000024.SZ,buy,1500,2023-11-20,2023-11-21,7.543235699999999,filled,filled,2023-11-21
O002334,000026.SZ,buy,1100,2023-11-20,2023-11-21,10.008398399999999,filled,filled,2023-11-21
O002335,000027.SZ,buy,1300,2023-11-20,2023-11-21,8.328620299999999,filled,filled,2023-11-21
O002336,000042.SZ,buy,1100,2023-11-20,2023-11-21,10.104794699999998,filled,filled,2023-11-21
O002337,000047.SZ,buy,700,2023-11-20,2023-11-21,14.664149499999999,filled,filled,2023-11-21
O002338,000050.SZ,buy,1000,2023-11-20,2023-11-21,10.824914099999999,filled,filled,2023-11-21
O002339,000004.SZ,buy,1200,2023-11-21,,0.0,pending,submitted,2023-11-21
O002340,000009.SZ,buy,1300,2023-11-21,,0.0,pending,submitted,2023-11-21
O002341,000018.SZ,buy,1300,2023-11-21,,0.0,pending,submitted,2023-11-21
O002342,000023.SZ,buy,1800,2023-11-21,,0.0,pending,submitted,2023-11-21
O002343,000024.SZ,buy,1900,2023-11-21,,0.0,pending,submitted,2023-11-21
O002344,000035.SZ,buy,1400,2023-11-21,,0.0,pending,submitted,2023-11-21
O002345,000039.SZ,buy,1300,2023-11-21,,0.0,pending,submitted,2023-11-21
O002346,000042.SZ,buy,1400,2023-11-21,,0.0,pending,submitted,2023-11-21
O002347,000047.SZ,buy,900,2023-11-21,,0.0,pending,submitted,2023-11-21
O002348,000050.SZ,buy,1300,2023-11-21,,0.0,pending,submitted,2023-11-21
O002339,000004.SZ,buy,1200,2023-11-21,2023-11-22,12.263050799999998,filled,filled,2023-11-22
O002340,000009.SZ,buy,1300,2023-11-21,2023-11-22,10.937426499999999,filled,filled,2023-11-22
O002341,000018.SZ,buy,1300,2023-11-21,2023-11-22,11.356445099999998,filled,filled,2023-11-22
O002342,000023.SZ,buy,1800,2023-11-21,2023-11-22,8.2786704,filled,filled,2023-11-22
O002343,000024.SZ,buy,1900,2023-11-21,2023-11-22,7.8246167999999985,filled,filled,2023-11-22
O002344,000035.SZ,buy,1400,2023-11-21,2023-11-22,10.199789599999999,filled,filled,2023-11-22
O002345,000039.SZ,buy,1300,2023-11-21,2023-11-22,10.7092986,filled,filled,2023-11-22
O002346,000042.SZ,buy,1400,2023-11-21,2023-11-22,10.284974699999998,filled,filled,2023-11-22
O002347,000047.SZ,buy,900,2023-11-21,2023-11-22,15.406691299999997,filled,filled,2023-11-22
O002348,000050.SZ,buy,1300,2023-11-21,2023-11-22,10.875564699999998,filled,filled,2023-11-22
O002349,000004.SZ,buy,100,2023-11-22,,0.0,pending,submitted,2023-11-22
O002350,000014.SZ,buy,100,2023-11-22,,0.0,pending,submitted,2023-11-22
O002351,000023.SZ,buy,100,2023-11-22,,0.0,pending,submitted,2023-11-22
O002352,000024.SZ,buy,100,2023-11-22,,0.0,pending,submitted,2023-11-22
O002353,000036.SZ,buy,100,2023-11-22,,0.0,pending,submitted,2023-11-22
O002354,000039.SZ,buy,100,2023-11-22,,0.0,pending,submitted,2023-11-22
O002355,000042.SZ,buy,100,2023-11-22,,0.0,pending,submitted,2023-11-22
O002349,000004.SZ,buy,100,2023-11-22,2023-11-23,12.320508199999997,filled,filled,2023-11-23
O002350,000014.SZ,buy,100,2023-11-22,2023-11-23,11.48147,filled,filled,2023-11-23
O002351,000023.SZ,buy,100,2023-11-22,2023-11-23,8.396988599999998,filled,filled,2023-11-23
O002352,000024.SZ,buy,100,2023-11-22,2023-11-23,8.276868599999998,filled,filled,2023-11-23
O002353,000036.SZ,buy,100,2023-11-22,2023-11-23,9.4231137,filled,filled,2023-11-23
O002354,000039.SZ,buy,100,2023-11-22,2023-11-23,11.202791599999998,filled,filled,2023-11-23
O002355,000042.SZ,buy,100,2023-11-22,2023-11-23,10.2116014,filled,filled,2023-11-23
O002356,000029.SZ,sell,100,2023-11-23,,0.0,pending,submitted,2023-11-23
O002357,000043.SZ,sell,3500,2023-11-23,,0.0,pending,submitted,2023-11-23
O002356,000029.SZ,sell,100,2023-11-23,2023-11-24,8.541849599999999,filled,filled,2023-11-24
O002357,000043.SZ,sell,3500,2023-11-23,2023-11-24,9.1706202,filled,filled,2023-11-24
O002358,000018.SZ,sell,2300,2023-11-24,,0.0,pending,submitted,2023-11-24
O002359,000032.SZ,sell,4100,2023-11-24,,0.0,pending,submitted,2023-11-24
O002360,000046.SZ,sell,4500,2023-11-24,,0.0,pending,submitted,2023-11-24
O002361,000001.SZ,buy,300,2023-11-24,,0.0,pending,submitted,2023-11-24
O002362,000005.SZ,buy,200,2023-11-24,,0.0,pending,submitted,2023-11-24
O002363,000023.SZ,buy,400,2023-11-24,,0.0,pending,submitted,2023-11-24
O002364,000024.SZ,buy,400,2023-11-24,,0.0,pending,submitted,2023-11-24
O002365,000030.SZ,buy,300,2023-11-24,,0.0,pending,submitted,2023-11-24
O002366,000041.SZ,buy,300,2023-11-24,,0.0,pending,submitted,2023-11-24
O002367,000042.SZ,buy,300,2023-11-24,,0.0,pending,submitted,2023-11-24
O002368,000044.SZ,buy,300,2023-11-24,,0.0,pending,submitted,2023-11-24
O002369,000045.SZ,buy,300,2023-11-24,,0.0,pending,submitted,2023-11-24
O002370,000047.SZ,buy,200,2023-11-24,,0.0,pending,submitted,2023-11-24
O002358,000018.SZ,sell,2300,2023-11-24,2023-11-27,10.5827067,filled,filled,2023-11-27
O002359,000032.SZ,sell,4100,2023-11-24,2023-11-27,8.159132699999999,filled,filled,2023-11-27
O002360,000046.SZ,sell,4500,2023-11-24,2023-11-27,14.1442416,filled,filled,2023-11-27
O002361,000001.SZ,buy,300,2023-11-24,2023-11-27,9.8710612,filled,filled,2023-11-27
O002362,000005.SZ,buy,200,2023-11-24,2023-11-27,14.341427099999999,filled,filled,2023-11-27
O002363,000023.SZ,buy,400,2023-11-24,2023-11-27,8.573364799999998,filled,filled,2023-11-27
O002364,000024.SZ,buy,400,2023-11-24,2023-11-27,8.745736999999998,filled,filled,2023-11-27
O002365,000030.SZ,buy,300,2023-11-24,2023-11-27,10.164153999999998,filled,filled,2023-11-27
O002366,000041.SZ,buy,300,2023-11-24,2023-11-27,11.260048799999998,filled,filled,2023-11-27
O002367,000042.SZ,buy,300,2023-11-24,2023-11-27,10.8931823,filled,filled,2023-11-27
O002368,000044.SZ,buy,300,2023-11-24,2023-11-27,11.323912599999998,filled,filled,2023-11-27
O002369,000045.SZ,buy,300,2023-11-24,2023-11-27,11.7805688,filled,filled,2023-11-27
O002370,000047.SZ,buy,200,2023-11-24,2023-11-27,14.782467699999998,filled,filled,2023-11-27
O002371,000006.SZ,sell,6600,2023-11-27,,0.0,pending,submitted,2023-11-27
O002372,000050.SZ,sell,4000,2023-11-27,,0.0,pending,submitted,2023-11-27
O002373,000016.SZ,buy,1000,2023-11-27,,0.0,pending,submitted,2023-11-27
O002374,000022.SZ,buy,1600,2023-11-27,,0.0,pending,submitted,2023-11-27
O002375,000024.SZ,buy,1400,2023-11-27,,0.0,pending,submitted,2023-11-27
O002376,000028.SZ,buy,1500,2023-11-27,,0.0,pending,submitted,2023-11-27
O002377,000030.SZ,buy,1200,2023-11-27,,0.0,pending,submitted,2023-11-27
O002378,000035.SZ,buy,1100,2023-11-27,,0.0,pending,submitted,2023-11-27
O002379,000036.SZ,buy,1200,2023-11-27,,0.0,pending,submitted,2023-11-27
O002380,000042.SZ,buy,1100,2023-11-27,,0.0,pending,submitted,2023-11-27
O002381,000044.SZ,buy,1000,2023-11-27,,0.0,pending,submitted,2023-11-27
O002382,000049.SZ,buy,1000,2023-11-27,,0.0,pending,submitted,2023-11-27
O002371,000006.SZ,sell,6600,2023-11-27,2023-11-28,9.0160749,filled,filled,2023-11-28
O002372,000050.SZ,sell,4000,2023-11-27,2023-11-28,10.2060837,filled,filled,2023-11-28
O002373,000016.SZ,buy,1000,2023-11-27,2023-11-28,11.751139399999998,filled,filled,2023-11-28
O002374,000022.SZ,buy,1600,2023-11-27,2023-11-28,7.356449099999999,filled,filled,2023-11-28
O002375,000024.SZ,buy,1400,2023-11-27,2023-11-28,8.403394999999998,filled,filled,2023-11-28
O002376,000028.SZ,buy,1500,2023-11-27,2023-11-28,7.939831899999999,filled,filled,2023-11-28
O002377,000030.SZ,buy,1200,2023-11-27,2023-11-28,9.9844745,filled,filled,2023-11-28
O002378,000035.SZ,buy,1100,2023-11-27,2023-11-28,10.429519099999998,filled,filled,2023-11-28
O002379,000036.SZ,buy,1200,2023-11-27,2023-11-28,9.6389293,filled,filled,2023-11-28
O002380,000042.SZ,buy,1100,2023-11-27,2023-11-28,10.900489599999998,filled,filled,2023-11-28
O002381,000044.SZ,buy,1000,2023-11-27,2023-11-28,11.667455799999997,filled,filled,2023-11-28
O002382,000049.SZ,buy,1000,2023-11-27,2023-11-28,11.135124,filled,filled,2023-11-28
O002383,000045.SZ,sell,300,2023-11-28,,0.0,pending,submitted,2023-11-28
O002384,000047.SZ,sell,1800,2023-11-28,,0.0,pending,submitted,2023-11-28
O002385,000004.SZ,buy,800,2023-11-28,,0.0,pending,submitted,2023-11-28
O002386,000016.SZ,buy,800,2023-11-28,,0.0,pending,submitted,2023-11-28
O002387,000024.SZ,buy,1200,2023-11-28,,0.0,pending,submitted,2023-11-28
O002388,000028.SZ,buy,1300,2023-11-28,,0.0,pending,submitted,2023-11-28
O002389,000030.SZ,buy,1000,2023-11-28,,0.0,pending,submitted,2023-11-28
O002390,000035.SZ,buy,900,2023-11-28,,0.0,pending,submitted,2023-11-28
O002391,000036.SZ,buy,1100,2023-11-28,,0.0,pending,submitted,2023-11-28
O002392,000037.SZ,buy,1200,2023-11-28,,0.0,pending,submitted,2023-11-28
O002393,000039.SZ,buy,900,2023-11-28,,0.0,pending,submitted,2023-11-28
O002394,000042.SZ,buy,900,2023-11-28,,0.0,pending,submitted,2023-11-28
O002383,000045.SZ,sell,300,2023-11-28,2023-11-29,11.0072817,filled,filled,2023-11-29
O002384,000047.SZ,sell,1800,2023-11-28,2023-11-29,14.0484375,filled,filled,2023-11-29
O002385,000004.SZ,buy,800,2023-11-28,2023-11-29,12.8197069,filled,filled,2023-11-29
O002386,000016.SZ,buy,800,2023-11-28,2023-11-29,11.7699582,filled,filled,2023-11-29
O002387,000024.SZ,buy,1200,2023-11-28,2023-11-29,8.482674199999998,filled,filled,2023-11-29
O002388,000028.SZ,buy,1300,2023-11-28,2023-11-29,8.0403323,filled,filled,2023-11-29
O002389,000030.SZ,buy,1000,2023-11-28,2023-11-29,10.167257099999999,filled,filled,2023-11-29
O002390,000035.SZ,buy,900,2023-11-28,2023-11-29,10.576966399999998,filled,filled,2023-11-29
O002391,000036.SZ,buy,1100,2023-11-28,2023-11-29,9.4656562,filled,filled,2023-11-29
O002392,000037.SZ,buy,1200,2023-11-28,2023-11-29,8.7929842,filled,filled,2023-11-29
O002393,000039.SZ,buy,900,2023-11-28,2023-11-29,11.060349299999999,filled,filled,2023-11-29
O002394,000042.SZ,buy,900,2023-11-28,2023-11-29,10.780169399999998,filled,filled,2023-11-29
O002395,000014.SZ,sell,500,2023-11-29,,0.0,pending,submitted,2023-11-29
O002396,000001.SZ,buy,300,2023-11-29,,0.0,pending,submitted,2023-11-29
O002397,000004.SZ,buy,200,2023-11-29,,0.0,pending,submitted,2023-11-29
O002398,000009.SZ,buy,300,2023-11-29,,0.0,pending,submitted,2023-11-29
O002399,000015.SZ,buy,300,2023-11-29,,0.0,pending,submitted,2023-11-29
O002400,000023.SZ,buy,400,2023-11-29,,0.0,pending,submitted,2023-11-29
O002401,000024.SZ,buy,400,2023-11-29,,0.0,pending,submitted,2023-11-29
O002402,000028.SZ,buy,400,2023-11-29,,0.0,pending,submitted,2023-11-29
O002403,000030.SZ,buy,300,2023-11-29,,0.0,pending,submitted,2023-11-29
O002404,000035.SZ,buy,300,2023-11-29,,0.0,pending,submitted,2023-11-29
O002405,000037.SZ,buy,400,2023-11-29,,0.0,pending,submitted,2023-11-29
O002395,000014.SZ,sell,500,2023-11-29,2023-11-30,10.7286606,filled,filled,2023-11-30
O002396,000001.SZ,buy,300,2023-11-29,2023-11-30,10.184774599999999,filled,filled,2023-11-30
O002397,000004.SZ,buy,200,2023-11-29,2023-11-30,12.8861733,filled,filled,2023-11-30
O002398,000009.SZ,buy,300,2023-11-29,2023-11-30,11.298287,filled,filled,2023-11-30
O002399,000015.SZ,buy,300,2023-11-29,2023-11-30,10.474964499999999,filled,filled,2023-11-30
O002400,000023.SZ,buy,400,2023-11-29,2023-11-30,8.7164077,filled,filled,2023-11-30
O002401,000024.SZ,buy,400,2023-11-29,2023-11-30,8.720111399999999,filled,filled,2023-11-30
O002402,000028.SZ,buy,400,2023-11-29,2023-11-30,8.1788707,filled,filled,2023-11-30
O002403,000030.SZ,buy,300,2023-11-29,2023-11-30,10.2456354,filled,filled,2023-11-30
O002404,000035.SZ,buy,300,2023-11-29,2023-11-30,11.040729699999998,filled,filled,2023-11-30
O002405,000037.SZ,buy,400,2023-11-29,2023-11-30,8.692583899999999,filled,filled,2023-11-30
O002406,000010.SZ,sell,12300,2023-11-30,,0.0,pending,submitted,2023-11-30
O002407,000022.SZ,sell,1600,2023-11-30,,0.0,pending,submitted,2023-11-30
O002408,000036.SZ,sell,2400,2023-11-30,,0.0,pending,submitted,2023-11-30
O002409,000001.SZ,buy,100,2023-11-30,,0.0,pending,submitted,2023-11-30
O002410,000015.SZ,buy,100,2023-11-30,,0.0,pending,submitted,2023-11-30
O002411,000017.SZ,buy,100,2023-11-30,,0.0,pending,submitted,2023-11-30
O002412,000023.SZ,buy,100,2023-11-30,,0.0,pending,submitted,2023-11-30
O002413,000027.SZ,buy,100,2023-11-30,,0.0,pending,submitted,2023-11-30
O002414,000029.SZ,buy,100,2023-11-30,,0.0,pending,submitted,2023-11-30
O002415,000031.SZ,buy,100,2023-11-30,,0.0,pending,submitted,2023-11-30
O002416,000035.SZ,buy,100,2023-11-30,,0.0,pending,submitted,2023-11-30
O002406,000010.SZ,sell,12300,2023-11-30,2023-12-01,11.4079806,filled,filled,2023-12-01
O002407,000022.SZ,sell,1600,2023-11-30,2023-12-01,6.7781151,filled,filled,2023-12-01
O002408,000036.SZ,sell,2400,2023-11-30,2023-12-01,8.867323800000001,filled,filled,2023-12-01
O002409,000001.SZ,buy,100,2023-11-30,2023-12-01,10.243633399999998,filled,filled,2023-12-01
O002410,000015.SZ,buy,100,2023-11-30,2023-12-01,10.3325222,filled,filled,2023-12-01
O002411,000017.SZ,buy,100,2023-11-30,2023-12-01,9.947637699999998,filled,filled,2023-12-01
O002412,000023.SZ,buy,100,2023-11-30,2023-12-01,8.4715631,filled,filled,2023-12-01
O002413,000027.SZ,buy,100,2023-11-30,2023-12-01,8.234726499999999,filled,filled,2023-12-01
O002414,000029.SZ,buy,100,2023-11-30,2023-12-01,8.8075988,filled,filled,2023-12-01
O002415,000031.SZ,buy,100,2023-11-30,2023-12-01,6.4309245,filled,filled,2023-12-01
O002416,000035.SZ,buy,100,2023-11-30,2023-12-01,10.833422599999999,filled,filled,2023-12-01
O002417,000004.SZ,buy,1200,2023-12-01,,0.0,pending,submitted,2023-12-01
O002418,000005.SZ,buy,1100,2023-12-01,,0.0,pending,submitted,2023-12-01
O002419,000009.SZ,buy,1400,2023-12-01,,0.0,pending,submitted,2023-12-01
O002420,000013.SZ,buy,1200,2023-12-01,,0.0,pending,submitted,2023-12-01
O002421,000017.SZ,buy,1600,2023-12-01,,0.0,pending,submitted,2023-12-01
O002422,000028.SZ,buy,2100,2023-12-01,,0.0,pending,submitted,2023-12-01
O002423,000031.SZ,buy,2500,2023-12-01,,0.0,pending,submitted,2023-12-01
O002424,000035.SZ,buy,1400,2023-12-01,,0.0,pending,submitted,2023-12-01
O002425,000046.SZ,buy,1100,2023-12-01,,0.0,pending,submitted,2023-12-01
O002426,000050.SZ,buy,1500,2023-12-01,,0.0,pending,submitted,2023-12-01
O002417,000004.SZ,buy,1200,2023-12-01,2023-12-04,13.788074299999998,filled,filled,2023-12-04
O002418,000005.SZ,buy,1100,2023-12-01,2023-12-04,14.867152299999997,filled,filled,2023-12-04
O002419,000009.SZ,buy,1400,2023-12-01,2023-12-04,11.312301,filled,filled,2023-12-04
O002420,000013.SZ,buy,1200,2023-12-01,2023-12-04,13.690576899999998,filled,filled,2023-12-04
O002421,000017.SZ,buy,1600,2023-12-01,2023-12-04,10.187977799999999,filled,filled,2023-12-04
O002422,000028.SZ,buy,2100,2023-12-01,2023-12-04,7.916208299999999,filled,filled,2023-12-04
O002423,000031.SZ,buy,2500,2023-12-01,2023-12-04,6.6274207999999994,filled,filled,2023-12-04
O002424,000035.SZ,buy,1400,2023-12-01,2023-12-04,11.3687574,filled,filled,2023-12-04
O002425,000046.SZ,buy,1100,2023-12-01,2023-12-04,14.905991099999998,filled,filled,2023-12-04
O002426,000050.SZ,buy,1500,2023-12-01,2023-12-04,10.7619512,filled,filled,2023-12-04
O002427,000017.SZ,buy,100,2023-12-04,,0.0,pending,submitted,2023-12-04
O002428,000029.SZ,buy,100,2023-12-04,,0.0,pending,submitted,2023-12-04
O002429,000031.SZ,buy,100,2023-12-04,,0.0,pending,submitted,2023-12-04
O002430,000035.SZ,buy,100,2023-12-04,,0.0,pending,submitted,2023-12-04
O002431,000039.SZ,buy,100,2023-12-04,,0.0,pending,submitted,2023-12-04
O002432,000048.SZ,buy,200,2023-12-04,,0.0,pending,submitted,2023-12-04
O002433,000049.SZ,buy,100,2023-12-04,,0.0,pending,submitted,2023-12-04
O002434,000050.SZ,buy,100,2023-12-04,,0.0,pending,submitted,2023-12-04
O002427,000017.SZ,buy,100,2023-12-04,2023-12-05,10.288478199999998,filled,filled,2023-12-05
O002428,000029.SZ,buy,100,2023-12-04,2023-12-05,9.184575399999998,filled,filled,2023-12-05
O002429,000031.SZ,buy,100,2023-12-04,2023-12-05,6.7196128999999996,filled,filled,2023-12-05
O002430,000035.SZ,buy,100,2023-12-04,2023-12-05,11.366555199999999,filled,filled,2023-12-05
O002431,000039.SZ,buy,100,2023-12-04,2023-12-05,11.125114,filled,filled,2023-12-05
O002432,000048.SZ,buy,200,2023-12-04,2023-12-05,6.389783399999999,filled,filled,2023-12-05
O002433,000049.SZ,buy,100,2023-12-04,2023-12-05,11.780168399999999,filled,filled,2023-12-05
O002434,000050.SZ,buy,100,2023-12-04,2023-12-05,10.994383399999998,filled,filled,2023-12-05
O002435,000001.SZ,sell,3600,2023-12-05,,0.0,pending,submitted,2023-12-05
O002436,000044.SZ,sell,1300,2023-12-05,,0.0,pending,submitted,2023-12-05
O002435,000001.SZ,sell,3600,2023-12-05,2023-12-06,9.223367399999999,filled,filled,2023-12-06
O002436,000044.SZ,sell,1300,2023-12-05,2023-12-06,10.851537599999999,filled,filled,2023-12-06
O002437,000009.SZ,sell,5400,2023-12-06,,0.0,pending,submitted,2023-12-06
O002438,000002.SZ,buy,700,2023-12-06,,0.0,pending,submitted,2023-12-06
O002439,000004.SZ,buy,300,2023-12-06,,0.0,pending,submitted,2023-12-06
O002440,000005.SZ,buy,300,2023-12-06,,0.0,pending,submitted,2023-12-06
O002441,000006.SZ,buy,500,2023-12-06,,0.0,pending,submitted,2023-12-06
O002442,000013.SZ,buy,300,2023-12-06,,0.0,pending,submitted,2023-12-06
O002443,000017.SZ,buy,400,2023-12-06,,0.0,pending,submitted,2023-12-06
O002444,000029.SZ,buy,500,2023-12-06,,0.0,pending,submitted,2023-12-06
O002445,000031.SZ,buy,700,2023-12-06,,0.0,pending,submitted,2023-12-06
O002446,000048.SZ,buy,700,2023-12-06,,0.0,pending,submitted,2023-12-06
O002447,000049.SZ,buy,400,2023-12-06,,0.0,pending,submitted,2023-12-06
O002437,000009.SZ,sell,5400,2023-12-06,2023-12-07,10.7103789,filled,filled,2023-12-07
O002438,000002.SZ,buy,700,2023-12-06,2023-12-07,7.0728658,filled,filled,2023-12-07
O002439,000004.SZ,buy,300,2023-12-06,2023-12-07,14.628914299999998,filled,filled,2023-12-07
O002440,000005.SZ,buy,300,2023-12-06,2023-12-07,15.353938599999998,filled,filled,2023-12-07
O002441,000006.SZ,buy,500,2023-12-06,2023-12-07,9.453143699999998,filled,filled,2023-12-07
O002442,000013.SZ,buy,300,2023-12-06,2023-12-07,13.946832899999999,filled,filled,2023-12-07
O002443,000017.SZ,buy,400,2023-12-06,2023-12-07,10.688577899999999,filled,filled,2023-12-07
O002444,000029.SZ,buy,500,2023-12-06,2023-12-07,9.182573399999999,filled,filled,2023-12-07
O002445,000031.SZ,buy,700,2023-12-06,2023-12-07,6.702095399999999,filled,filled,2023-12-07
O002446,000048.SZ,buy,700,2023-12-06,2023-12-07,6.3050988,filled,filled,2023-12-07
O002447,000049.SZ,buy,400,2023-12-06,2023-12-07,12.3229106,filled,filled,2023-12-07
O002448,000039.SZ,sell,2400,2023-12-07,,0.0,pending,submitted,2023-12-07
O002449,000002.SZ,buy,800,2023-12-07,,0.0,pending,submitted,2023-12-07
O002450,000004.SZ,buy,400,2023-12-07,,0.0,pending,submitted,2023-12-07
O002451,000005.SZ,buy,400,2023-12-07,,0.0,pending,submitted,2023-12-07
O002452,000006.SZ,buy,600,2023-12-07,,0.0,pending,submitted,2023-12-07
O002453,000013.SZ,buy,400,2023-12-07,,0.0,pending,submitted,2023-12-07
O002454,000017.SZ,buy,500,2023-12-07,,0.0,pending,submitted,2023-12-07
O002455,000018.SZ,buy,500,2023-12-07,,0.0,pending,submitted,2023-12-07
O002456,000023.SZ,buy,600,2023-12-07,,0.0,pending,submitted,2023-12-07
O002457,000029.SZ,buy,600,2023-12-07,,0.0,pending,submitted,2023-12-07
O002458,000049.SZ,buy,400,2023-12-07,,0.0,pending,submitted,2023-12-07
O002448,000039.SZ,sell,2400,2023-12-07,2023-12-08,10.319370300000001,filled,filled,2023-12-08
O002449,000002.SZ,buy,800,2023-12-07,2023-12-08,7.3001929,filled,filled,2023-12-08
O002450,000004.SZ,buy,400,2023-12-07,2023-12-08,14.142528399999998,filled,filled,2023-12-08
O002451,000005.SZ,buy,400,2023-12-07,2023-12-08,15.056541499999998,filled,filled,2023-12-08
O002452,000006.SZ,buy,600,2023-12-07,2023-12-08,9.4796702,filled,filled,2023-12-08
O002453,000013.SZ,buy,400,2023-12-07,2023-12-08,14.068053999999998,filled,filled,2023-12-08
O002454,000017.SZ,buy,500,2023-12-07,2023-12-08,10.699789099999998,filled,filled,2023-12-08
O002455,000018.SZ,buy,500,2023-12-07,2023-12-08,11.275163899999999,filled,filled,2023-12-08
O002456,000023.SZ,buy,600,2023-12-07,2023-12-08,9.101392299999999,filled,filled,2023-12-08
O002457,000029.SZ,buy,600,2023-12-07,2023-12-08,9.216707499999998,filled,filled,2023-12-08
O002458,000049.SZ,buy,400,2023-12-07,2023-12-08,12.3445322,filled,filled,2023-12-08
O002459,000016.SZ,sell,5100,2023-12-08,,0.0,pending,submitted,2023-12-08
O002460,000035.SZ,sell,8300,2023-12-08,,0.0,pending,submitted,2023-12-08
O002461,000002.SZ,buy,400,2023-12-08,,0.0,pending,submitted,2023-12-08
O002462,000006.SZ,buy,300,2023-12-08,,0.0,pending,submitted,2023-12-08
O002463,000013.SZ,buy,200,2023-12-08,,0.0,pending,submitted,2023-12-08
O002464,000018.SZ,buy,200,2023-12-08,,0.0,pending,submitted,2023-12-08
O002465,000023.SZ,buy,300,2023-12-08,,0.0,pending,submitted,2023-12-08
O002466,000029.SZ,buy,300,2023-12-08,,0.0,pending,submitted,2023-12-08
O002467,000030.SZ,buy,200,2023-12-08,,0.0,pending,submitted,2023-12-08
O002468,000031.SZ,buy,400,2023-12-08,,0.0,pending,submitted,2023-12-08
O002469,000033.SZ,buy,200,2023-12-08,,0.0,pending,submitted,2023-12-08
O002470,000049.SZ,buy,200,2023-12-08,,0.0,pending,submitted,2023-12-08
O002459,000016.SZ,sell,5100,2023-12-08,2023-12-11,10.9199691,filled,filled,2023-12-11
O002460,000035.SZ,sell,8300,2023-12-08,2023-12-11,10.3459437,filled,filled,2023-12-11
O002461,000002.SZ,buy,400,2023-12-08,2023-12-11,7.143436299999999,filled,filled,2023-12-11
O002462,000006.SZ,buy,300,2023-12-08,2023-12-11,9.730821099999998,filled,filled,2023-12-11
O002463,000013.SZ,buy,200,2023-12-08,2023-12-11,14.4401257,filled,filled,2023-12-11
O002464,000018.SZ,buy,200,2023-12-08,2023-12-11,11.579768199999998,filled,filled,2023-12-11
O002465,000023.SZ,buy,300,2023-12-08,2023-12-11,9.609800199999999,filled,filled,2023-12-11
O002466,000029.SZ,buy,300,2023-12-08,2023-12-11,9.3702609,filled,filled,2023-12-11
O002467,000030.SZ,buy,200,2023-12-08,2023-12-11,10.674363699999999,filled,filled,2023-12-11
O002468,000031.SZ,buy,400,2023-12-08,2023-12-11,6.898591699999999,filled,filled,2023-12-11
O002469,000033.SZ,buy,200,2023-12-08,2023-12-11,11.5724609,filled,filled,2023-12-11
O002470,000049.SZ,buy,200,2023-12-08,2023-12-11,12.8510382,filled,filled,2023-12-11
O002471,000041.SZ,sell,300,2023-12-11,,0.0,pending,submitted,2023-12-11
O002472,000013.SZ,buy,900,2023-12-11,,0.0,pending,submitted,2023-12-11
O002473,000017.SZ,buy,1300,2023-12-11,,0.0,pending,submitted,2023-12-11
O002474,000018.SZ,buy,1200,2023-12-11,,0.0,pending,submitted,2023-12-11
O002475,000023.SZ,buy,1500,2023-12-11,,0.0,pending,submitted,2023-12-11
O002476,000029.SZ,buy,1400,2023-12-11,,0.0,pending,submitted,2023-12-11
O002477,000030.SZ,buy,1300,2023-12-11,,0.0,pending,submitted,2023-12-11
O002478,000033.SZ,buy,1100,2023-12-11,,0.0,pending,submitted,2023-12-11
O002479,000044.SZ,buy,1200,2023-12-11,,0.0,pending,submitted,2023-12-11
O002480,000046.SZ,buy,900,2023-12-11,,0.0,pending,submitted,2023-12-11
O002481,000049.SZ,buy,1100,2023-12-11,,0.0,pending,submitted,2023-12-11
O002471,000041.SZ,sell,300,2023-12-11,2023-12-12,9.9654246,filled,filled,2023-12-12
O002472,000013.SZ,buy,900,2023-12-11,2023-12-12,14.493178699999998,filled,filled,2023-12-12
O002473,000017.SZ,buy,1300,2023-12-11,2023-12-12,10.710399699999998,filled,filled,2023-12-12
O002474,000018.SZ,buy,1200,2023-12-11,2023-12-12,11.5280165,filled,filled,2023-12-12
O002475,000023.SZ,buy,1500,2023-12-11,2023-12-12,9.360751399999998,filled,filled,2023-12-12
O002476,000029.SZ,buy,1400,2023-12-11,2023-12-12,9.7007911,filled,filled,2023-12-12
O002477,000030.SZ,buy,1300,2023-12-11,2023-12-12,10.377767399999998,filled,filled,2023-12-12
O002478,000033.SZ,buy,1100,2023-12-11,2023-12-12,11.7790673,filled,filled,2023-12-12
O002479,000044.SZ,buy,1200,2023-12-11,2023-12-12,11.661149499999999,filled,filled,2023-12-12
O002480,000046.SZ,buy,900,2023-12-11,2023-12-12,15.359744399999999,filled,filled,2023-12-12
O002481,000049.SZ,buy,1100,2023-12-11,2023-12-12,12.636223599999997,filled,filled,2023-12-12
O002482,000004.SZ,sell,5600,2023-12-12,,0.0,pending,submitted,2023-12-12
O002483,000006.SZ,sell,1400,2023-12-12,,0.0,pending,submitted,2023-12-12
O002484,000027.SZ,sell,3100,2023-12-12,,0.0,pending,submitted,2023-12-12
O002485,000028.SZ,sell,7100,2023-12-12,,0.0,pending,submitted,2023-12-12
O002486,000048.SZ,sell,900,2023-12-12,,0.0,pending,submitted,2023-12-12
O002487,000009.SZ,buy,100,2023-12-12,,0.0,pending,submitted,2023-12-12
O002488,000010.SZ,buy,100,2023-12-12,,0.0,pending,submitted,2023-12-12
O002489,000018.SZ,buy,100,2023-12-12,,0.0,pending,submitted,2023-12-12
O002490,000023.SZ,buy,100,2023-12-12,,0.0,pending,submitted,2023-12-12
O002491,000029.SZ,buy,100,2023-12-12,,0.0,pending,submitted,2023-12-12
O002492,000031.SZ,buy,100,2023-12-12,,0.0,pending,submitted,2023-12-12
O002493,000042.SZ,buy,100,2023-12-12,,0.0,pending,submitted,2023-12-12
O002494,000044.SZ,buy,100,2023-12-12,,0.0,pending,submitted,2023-12-12
O002495,000049.SZ,buy,100,2023-12-12,,0.0,pending,submitted,2023-12-12
O002482,000004.SZ,sell,5600,2023-12-12,2023-12-13,13.507179299999999,filled,filled,2023-12-13
O002483,000006.SZ,sell,1400,2023-12-12,2023-12-13,8.851939199999999,filled,filled,2023-12-13
O002484,000027.SZ,sell,3100,2023-12-12,2023-12-13,7.797294900000001,filled,filled,2023-12-13
O002485,000028.SZ,sell,7100,2023-12-12,2023-12-13,7.3645281,filled,filled,2023-12-13
O002486,000048.SZ,sell,900,2023-12-12,2023-12-13,6.051042900000001,filled,filled,2023-12-13
O002487,000009.SZ,buy,100,2023-12-12,2023-12-13,11.265354099999998,filled,filled,2023-12-13
O002488,000010.SZ,buy,100,2023-12-12,2023-12-13,12.078366299999999,filled,filled,2023-12-13
O002489,000018.SZ,buy,100,2023-12-12,2023-12-13,11.551539999999997,filled,filled,2023-12-13
O002490,000023.SZ,buy,100,2023-12-12,2023-12-13,9.043834799999999,filled,filled,2023-12-13
O002491,000029.SZ,buy,100,2023-12-12,2023-12-13,9.495986499999999,filled,filled,2023-12-13
O002492,000031.SZ,buy,100,2023-12-12,2023-12-13,7.0183113,filled,filled,2023-12-13
O002493,000042.SZ,buy,100,2023-12-12,2023-12-13,10.889878999999999,filled,filled,2023-12-13
O002494,000044.SZ,buy,100,2023-12-12,2023-12-13,11.492380899999999,filled,filled,2023-12-13
O002495,000049.SZ,buy,100,2023-12-12,2023-12-13,12.447034599999999,filled,filled,2023-12-13
O002496,000026.SZ,sell,5100,2023-12-13,,0.0,pending,submitted,2023-12-13
O002497,000037.SZ,sell,2400,2023-12-13,,0.0,pending,submitted,2023-12-13
O002498,000003.SZ,buy,1100,2023-12-13,,0.0,pending,submitted,2023-12-13
O002499,000007.SZ,buy,1100,2023-12-13,,0.0,pending,submitted,2023-12-13
O002500,000009.SZ,buy,1400,2023-12-13,,0.0,pending,submitted,2023-12-13
O002501,000010.SZ,buy,1300,2023-12-13,,0.0,pending,submitted,2023-12-13
O002502,000018.SZ,buy,1400,2023-12-13,,0.0,pending,submitted,2023-12-13
O002503,000021.SZ,buy,1800,2023-12-13,,0.0,pending,submitted,2023-12-13
O002504,000025.SZ,buy,1600,2023-12-13,,0.0,pending,submitted,2023-12-13
O002505,000040.SZ,buy,1300,2023-12-13,,0.0,pending,submitted,2023-12-13
O002506,000042.SZ,buy,1400,2023-12-13,,0.0,pending,submitted,2023-12-13
O002507,000046.SZ,buy,1000,2023-12-13,,0.0,pending,submitted,2023-12-13
O002496,000026.SZ,sell,5100,2023-12-13,2023-12-14,9.0505404,filled,filled,2023-12-14
O002497,000037.SZ,sell,2400,2023-12-13,2023-12-14,7.9868052,filled,filled,2023-12-14
O002498,000003.SZ,buy,1100,2023-12-13,2023-12-14,14.103189099999998,filled,filled,2023-12-14
O002499,000007.SZ,buy,1100,2023-12-13,2023-12-14,13.989075099999997,filled,filled,2023-12-14
O002500,000009.SZ,buy,1400,2023-12-13,2023-12-14,11.4806692,filled,filled,2023-12-14
O002501,000010.SZ,buy,1300,2023-12-13,2023-12-14,12.4671547,filled,filled,2023-12-14
O002502,000018.SZ,buy,1400,2023-12-13,2023-12-14,11.664753099999999,filled,filled,2023-12-14
O002503,000021.SZ,buy,1800,2023-12-13,2023-12-14,9.135826699999999,filled,filled,2023-12-14
O002504,000025.SZ,buy,1600,2023-12-13,2023-12-14,10.023213199999999,filled,filled,2023-12-14
O002505,000040.SZ,buy,1300,2023-12-13,2023-12-14,12.479667199999998,filled,filled,2023-12-14
O002506,000042.SZ,buy,1400,2023-12-13,2023-12-14,11.249638399999998,filled,filled,2023-12-14
O002507,000046.SZ,buy,1000,2023-12-13,2023-12-14,15.797381599999998,filled,filled,2023-12-14
O002508,000023.SZ,sell,5300,2023-12-14,,0.0,pending,submitted,2023-12-14
O002509,000009.SZ,buy,600,2023-12-14,,0.0,pending,submitted,2023-12-14
O002510,000010.SZ,buy,600,2023-12-14,,0.0,pending,submitted,2023-12-14
O002511,000016.SZ,buy,600,2023-12-14,,0.0,pending,submitted,2023-12-14
O002512,000021.SZ,buy,800,2023-12-14,,0.0,pending,submitted,2023-12-14
O002513,000035.SZ,buy,700,2023-12-14,,0.0,pending,submitted,2023-12-14
O002514,000038.SZ,buy,700,2023-12-14,,0.0,pending,submitted,2023-12-14
O002515,000042.SZ,buy,600,2023-12-14,,0.0,pending,submitted,2023-12-14
O002516,000043.SZ,buy,800,2023-12-14,,0.0,pending,submitted,2023-12-14
O002517,000046.SZ,buy,400,2023-12-14,,0.0,pending,submitted,2023-12-14
O002518,000050.SZ,buy,700,2023-12-14,,0.0,pending,submitted,2023-12-14
O002508,000023.SZ,sell,5300,2023-12-14,2023-12-15,8.5848066,filled,filled,2023-12-15
O002509,000009.SZ,buy,600,2023-12-14,2023-12-15,11.825313499999998,filled,filled,2023-12-15
O002510,000010.SZ,buy,600,2023-12-14,2023-12-15,12.3635512,filled,filled,2023-12-15
O002511,000016.SZ,buy,600,2023-12-14,2023-12-15,11.4639525,filled,filled,2023-12-15
O002512,000021.SZ,buy,800,2023-12-14,2023-12-15,9.2727635,filled,filled,2023-12-15
O002513,000035.SZ,buy,700,2023-12-14,2023-12-15,10.735724999999999,filled,filled,2023-12-15
O002514,000038.SZ,buy,700,2023-12-14,2023-12-15,10.0214114,filled,filled,2023-12-15
O002515,000042.SZ,buy,600,2023-12-14,2023-12-15,11.0526416,filled,filled,2023-12-15
O002516,000043.SZ,buy,800,2023-12-14,2023-12-15,9.3125032,filled,filled,2023-12-15
O002517,000046.SZ,buy,400,2023-12-14,2023-12-15,15.801986199999998,filled,filled,2023-12-15
O002518,000050.SZ,buy,700,2023-12-14,2023-12-15,10.8825717,filled,filled,2023-12-15
O002519,000049.SZ,sell,12500,2023-12-15,,0.0,pending,submitted,2023-12-15
