date,code,action,price,shares,amount,commission,tax,order_id,signal_date
2023-01-10,000003.SZ,buy,11.408396999999999,8300,94689.6951,23.672423775,0.0,O000001,2023-01-09
2023-01-10,000017.SZ,buy,9.944534599999999,9500,94473.07869999998,23.618269674999997,0.0,O000002,2023-01-09
2023-01-10,000020.SZ,buy,11.2099988,8400,94163.98991999999,23.540997479999998,0.0,O000003,2023-01-09
2023-01-10,000026.SZ,buy,10.999888899999998,8600,94599.04453999999,23.649761135,0.0,O000004,2023-01-09
2023-01-10,000034.SZ,buy,10.400590199999998,9100,94645.37081999998,23.661342704999996,0.0,O000005,2023-01-09
2023-01-10,000036.SZ,buy,9.856546699999999,9600,94622.84831999999,23.655712079999997,0.0,O000006,2023-01-09
2023-01-10,000038.SZ,buy,9.852742899999999,9600,94586.33183999998,23.646582959999996,0.0,O000007,2023-01-09
2023-01-10,000041.SZ,buy,11.525814299999999,8200,94511.67725999998,23.627919314999996,0.0,O000008,2023-01-09
2023-01-10,000046.SZ,buy,10.818207399999999,8700,94118.40437999999,23.529601095,0.0,O000009,2023-01-09
2023-01-10,000048.SZ,buy,10.4018915,9100,94657.21265,23.6643031625,0.0,O000010,2023-01-09
2023-01-11,000020.SZ,buy,11.408196799999999,400,4563.278719999999,5.0,0.0,O000011,2023-01-10
2023-01-11,000026.SZ,buy,10.985874899999999,400,4394.34996,5.0,0.0,O000012,2023-01-10
2023-01-11,000033.SZ,buy,10.980669699999998,400,4392.267879999999,5.0,0.0,O000013,2023-01-10
2023-01-11,000034.SZ,buy,10.5609504,400,4224.38016,5.0,0.0,O000014,2023-01-10
2023-01-11,000036.SZ,buy,9.588579,500,4794.2895,5.0,0.0,O000015,2023-01-10
2023-01-11,000038.SZ,buy,10.083273199999999,500,5041.6366,5.0,0.0,O000016,2023-01-10
2023-01-11,000041.SZ,buy,11.664552899999999,400,4665.8211599999995,5.0,0.0,O000017,2023-01-10
2023-01-11,000044.SZ,buy,10.298688399999998,500,5149.344199999999,5.0,0.0,O000018,2023-01-10
2023-01-11,000048.SZ,buy,10.2957855,500,5147.89275,5.0,0.0,O000019,2023-01-10
2023-01-11,000050.SZ,buy,10.0855755,500,5042.7877499999995,5.0,0.0,O000020,2023-01-10
2023-01-13,000034.SZ,sell,9.9516384,9500,94540.56480000001,23.635141200000003,94.54056480000001,O000021,2023-01-12
2023-01-16,000017.SZ,sell,9.387403200000001,9500,89180.3304,22.2950826,89.1803304,O000022,2023-01-13
2023-01-16,000003.SZ,buy,11.843631799999999,800,9474.905439999999,5.0,0.0,O000023,2023-01-13
2023-01-16,000004.SZ,buy,11.1071961,800,8885.756879999999,5.0,0.0,O000024,2023-01-13
2023-01-16,000012.SZ,buy,10.6757651,900,9608.18859,5.0,0.0,O000025,2023-01-13
2023-01-16,000027.SZ,buy,10.8223115,800,8657.8492,5.0,0.0,O000026,2023-01-13
2023-01-16,000032.SZ,buy,9.901992099999998,900,8911.792889999997,5.0,0.0,O000027,2023-01-13
2023-01-16,000033.SZ,buy,10.9657548,800,8772.60384,5.0,0.0,O000028,2023-01-13
2023-01-16,000038.SZ,buy,10.381471099999999,900,9343.323989999999,5.0,0.0,O000029,2023-01-13
2023-01-16,000039.SZ,buy,9.9478379,900,8953.05411,5.0,0.0,O000030,2023-01-13
2023-01-16,000041.SZ,buy,11.342631299999999,800,9074.105039999999,5.0,0.0,O000031,2023-01-13
2023-01-16,000047.SZ,buy,10.2479377,900,9223.14393,5.0,0.0,O000032,2023-01-13
2023-01-17,000046.SZ,sell,10.3963932,8700,90448.62084,22.61215521,90.44862084,O000033,2023-01-16
2023-01-17,000004.SZ,buy,10.991180199999999,800,8792.94416,5.0,0.0,O000034,2023-01-16
2023-01-17,000012.SZ,buy,10.6787681,800,8543.01448,5.0,0.0,O000035,2023-01-16
2023-01-17,000018.SZ,buy,10.216506299999999,900,9194.855669999999,5.0,0.0,O000036,2023-01-16
2023-01-17,000019.SZ,buy,10.118208099999999,900,9106.387289999999,5.0,0.0,O000037,2023-01-16
2023-01-17,000022.SZ,buy,10.2018917,900,9181.702529999999,5.0,0.0,O000038,2023-01-16
2023-01-17,000027.SZ,buy,10.758047299999998,800,8606.437839999999,5.0,0.0,O000039,2023-01-16
2023-01-17,000032.SZ,buy,10.0050951,900,9004.58559,5.0,0.0,O000040,2023-01-16
2023-01-17,000033.SZ,buy,11.061150099999999,800,8848.92008,5.0,0.0,O000041,2023-01-16
2023-01-17,000038.SZ,buy,10.269759499999997,900,9242.783549999998,5.0,0.0,O000042,2023-01-16
2023-01-17,000039.SZ,buy,10.0311211,900,9028.00899,5.0,0.0,O000043,2023-01-16
2023-01-18,000020.SZ,sell,10.939349700000001,8800,96266.27736000001,24.06656934,96.26627736,O000044,2023-01-17
2023-01-18,000048.SZ,sell,9.7597305,9600,93693.4128,23.4233532,93.6934128,O000045,2023-01-17
2023-01-18,000009.SZ,buy,9.660851199999998,900,8694.766079999998,5.0,0.0,O000046,2023-01-17
2023-01-18,000012.SZ,buy,10.749538799999998,800,8599.631039999998,5.0,0.0,O000047,2023-01-17
2023-01-18,000014.SZ,buy,9.715806099999998,900,8744.225489999999,5.0,0.0,O000048,2023-01-17
2023-01-18,000018.SZ,buy,10.378267899999999,900,9340.44111,5.0,0.0,O000049,2023-01-17
2023-01-18,000019.SZ,buy,10.223513299999999,900,9201.16197,5.0,0.0,O000050,2023-01-17
2023-01-18,000021.SZ,buy,9.5749654,900,8617.46886,5.0,0.0,O000051,2023-01-17
2023-01-18,000032.SZ,buy,10.355445099999999,900,9319.90059,5.0,0.0,O000052,2023-01-17
2023-01-18,000036.SZ,buy,10.0562462,900,9050.62158,5.0,0.0,O000053,2023-01-17
2023-01-18,000038.SZ,buy,10.454944499999998,900,9409.450049999998,5.0,0.0,O000054,2023-01-17
2023-01-18,000042.SZ,buy,10.492381899999998,900,9443.143709999998,5.0,0.0,O000055,2023-01-17
2023-01-19,000022.SZ,sell,9.5679225,900,8611.13025,5.0,8.61113025,O000056,2023-01-18
2023-01-19,000009.SZ,buy,9.866556699999999,1900,18746.45773,5.0,0.0,O000057,2023-01-18
2023-01-19,000012.SZ,buy,10.887676799999998,1700,18509.050559999996,5.0,0.0,O000058,2023-01-18
2023-01-19,000013.SZ,buy,10.287977699999999,1800,18518.359859999997,5.0,0.0,O000059,2023-01-18
2023-01-19,000018.SZ,buy,10.2287185,1800,18411.6933,5.0,0.0,O000060,2023-01-18
2023-01-19,000019.SZ,buy,10.4759655,1800,18856.7379,5.0,0.0,O000061,2023-01-18
2023-01-19,000027.SZ,buy,10.9047939,1700,18538.14963,5.0,0.0,O000062,2023-01-18
2023-01-19,000032.SZ,buy,10.1458357,1800,18262.504259999998,5.0,0.0,O000063,2023-01-18
2023-01-19,000038.SZ,buy,10.535424899999999,1800,18963.764819999997,5.0,0.0,O000064,2023-01-18
2023-01-19,000046.SZ,buy,10.8626518,1700,18466.50806,5.0,0.0,O000065,2023-01-18
2023-01-19,000048.SZ,buy,10.4088985,1800,18736.0173,5.0,0.0,O000066,2023-01-18
2023-01-20,000009.SZ,buy,9.936226299999998,200,1987.2452599999995,5.0,0.0,O000067,2023-01-19
2023-01-20,000013.SZ,buy,10.687676999999999,100,1068.7676999999999,5.0,0.0,O000068,2023-01-19
2023-01-20,000018.SZ,buy,10.309599299999999,200,2061.9198599999995,5.0,0.0,O000069,2023-01-19
2023-01-20,000021.SZ,buy,9.480671199999998,200,1896.1342399999996,5.0,0.0,O000070,2023-01-19
2023-01-20,000032.SZ,buy,10.378868499999998,200,2075.7736999999997,5.0,0.0,O000071,2023-01-19
2023-01-20,000036.SZ,buy,10.17016,200,2034.032,5.0,0.0,O000072,2023-01-19
2023-01-20,000041.SZ,buy,11.8012895,100,1180.12895,5.0,0.0,O000073,2023-01-19
2023-01-20,000042.SZ,buy,10.110600499999999,200,2022.1200999999996,5.0,0.0,O000074,2023-01-19
2023-01-20,000044.SZ,buy,10.4699595,200,2093.9919,5.0,0.0,O000075,2023-01-19
2023-01-20,000048.SZ,buy,10.439729299999998,200,2087.94586,5.0,0.0,O000076,2023-01-19
2023-01-23,000039.SZ,sell,9.5825079,1800,17248.51422,5.0,17.24851422,O000077,2023-01-20
2023-01-23,000047.SZ,sell,9.5980923,900,8638.28307,5.0,8.63828307,O000078,2023-01-20
2023-01-24,000026.SZ,sell,10.6909983,9000,96218.9847,24.054746175000002,96.21898470000001,O000079,2023-01-23
2023-01-24,000009.SZ,buy,9.932322399999999,200,1986.4644799999996,5.0,0.0,O000080,2023-01-23
2023-01-24,000013.SZ,buy,10.561951399999998,200,2112.3902799999996,5.0,0.0,O000081,2023-01-23
2023-01-24,000017.SZ,buy,9.580070499999998,200,1916.0140999999996,5.0,0.0,O000082,2023-01-23
2023-01-24,000019.SZ,buy,10.577166599999998,200,2115.4333199999996,5.0,0.0,O000083,2023-01-23
2023-01-24,000021.SZ,buy,9.86986,200,1973.9719999999998,5.0,0.0,O000084,2023-01-23
2023-01-24,000027.SZ,buy,11.1129018,200,2222.58036,5.0,0.0,O000085,2023-01-23
2023-01-24,000036.SZ,buy,10.284073799999998,200,2056.8147599999998,5.0,0.0,O000086,2023-01-23
2023-01-24,000041.SZ,buy,12.217305099999999,200,2443.4610199999997,5.0,0.0,O000087,2023-01-23
2023-01-24,000046.SZ,buy,10.714103399999999,200,2142.82068,5.0,0.0,O000088,2023-01-23
2023-01-24,000049.SZ,buy,10.391481099999998,200,2078.2962199999997,5.0,0.0,O000089,2023-01-23
2023-01-25,000042.SZ,sell,10.0293606,1100,11032.29666,5.0,11.03229666,O000090,2023-01-24
2023-01-25,000050.SZ,sell,9.680509800000001,500,4840.254900000001,5.0,4.840254900000001,O000091,2023-01-24
2023-01-25,000005.SZ,buy,9.460951499999998,1000,9460.9515,5.0,0.0,O000092,2023-01-24
2023-01-25,000013.SZ,buy,10.807997199999999,900,9727.197479999999,5.0,0.0,O000093,2023-01-24
2023-01-25,000017.SZ,buy,9.622512899999998,1000,9622.512899999998,5.0,0.0,O000094,2023-01-24
2023-01-25,000021.SZ,buy,10.1303202,900,9117.28818,5.0,0.0,O000095,2023-01-24
2023-01-25,000027.SZ,buy,11.074062999999999,800,8859.250399999999,5.0,0.0,O000096,2023-01-24
2023-01-25,000032.SZ,buy,10.6880774,900,9619.26966,5.0,0.0,O000097,2023-01-24
2023-01-25,000036.SZ,buy,10.569959399999998,900,9512.963459999999,5.0,0.0,O000098,2023-01-24
2023-01-25,000041.SZ,buy,11.975363399999999,800,9580.290719999999,5.0,0.0,O000099,2023-01-24
2023-01-25,000045.SZ,buy,10.1447346,900,9130.26114,5.0,0.0,O000100,2023-01-24
2023-01-25,000049.SZ,buy,10.4094991,900,9368.54919,5.0,0.0,O000101,2023-01-24
2023-01-26,000003.SZ,buy,12.089677599999998,200,2417.9355199999995,5.0,0.0,O000102,2023-01-25
2023-01-26,000005.SZ,buy,9.853043199999998,200,1970.6086399999997,5.0,0.0,O000103,2023-01-25
2023-01-26,000007.SZ,buy,9.473063599999998,200,1894.6127199999996,5.0,0.0,O000104,2023-01-25
2023-01-26,000018.SZ,buy,10.660950299999998,200,2132.1900599999994,5.0,0.0,O000105,2023-01-25
2023-01-26,000021.SZ,buy,10.4778674,200,2095.57348,5.0,0.0,O000106,2023-01-25
2023-01-26,000025.SZ,buy,10.1990889,200,2039.8177799999999,5.0,0.0,O000107,2023-01-25
2023-01-26,000032.SZ,buy,10.714103399999999,200,2142.82068,5.0,0.0,O000108,2023-01-25
2023-01-26,000036.SZ,buy,11.071460399999998,200,2214.2920799999997,5.0,0.0,O000109,2023-01-25
2023-01-26,000045.SZ,buy,10.489378899999998,200,2097.87578,5.0,0.0,O000110,2023-01-25
2023-01-26,000049.SZ,buy,10.395485099999998,200,2079.0970199999997,5.0,0.0,O000111,2023-01-25
2023-01-31,000014.SZ,sell,9.1743165,900,8256.88485,5.0,8.25688485,O000112,2023-01-30
2023-01-31,000041.SZ,sell,11.6394489,10500,122214.21345,30.5535533625,122.21421345,O000113,2023-01-30
2023-02-01,000007.SZ,sell,9.0531378,200,1810.62756,5.0,1.81062756,O000114,2023-01-31
2023-02-01,000009.SZ,buy,10.5987882,1200,12718.545839999999,5.0,0.0,O000115,2023-01-31
2023-02-01,000011.SZ,buy,9.3078986,1300,12100.26818,5.0,0.0,O000116,2023-01-31
2023-02-01,000018.SZ,buy,11.116805699999999,1100,12228.48627,5.0,0.0,O000117,2023-01-31
2023-02-01,000029.SZ,buy,10.732321599999999,1100,11805.553759999999,5.0,0.0,O000118,2023-01-31
2023-02-01,000031.SZ,buy,9.9685586,1200,11962.27032,5.0,0.0,O000119,2023-01-31
2023-02-01,000036.SZ,buy,12.1880759,1000,12188.0759,5.0,0.0,O000120,2023-01-31
2023-02-01,000044.SZ,buy,10.760950199999998,1100,11837.045219999998,5.0,0.0,O000121,2023-01-31
2023-02-01,000045.SZ,buy,10.9735626,1100,12070.91886,5.0,0.0,O000122,2023-01-31
2023-02-01,000046.SZ,buy,11.4341227,1100,12577.534969999999,5.0,0.0,O000123,2023-01-31
2023-02-01,000048.SZ,buy,10.6622516,1200,12794.70192,5.0,0.0,O000124,2023-01-31
2023-02-02,000004.SZ,sell,10.8562329,1600,17369.97264,5.0,17.36997264,O000125,2023-02-01
2023-02-02,000025.SZ,sell,9.8763138,200,1975.26276,5.0,1.9752627600000001,O000126,2023-02-01
2023-02-02,000009.SZ,buy,10.478468,100,1047.8468,5.0,0.0,O000127,2023-02-01
2023-02-02,000018.SZ,buy,11.543331799999999,100,1154.3331799999999,5.0,0.0,O000128,2023-02-01
2023-02-02,000022.SZ,buy,9.743233499999999,100,974.3233499999999,5.0,0.0,O000129,2023-02-01
2023-02-02,000031.SZ,buy,9.993183199999999,100,999.3183199999999,5.0,0.0,O000130,2023-02-01
2023-02-02,000036.SZ,buy,12.183170999999998,100,1218.3170999999998,5.0,0.0,O000131,2023-02-01
2023-02-02,000038.SZ,buy,11.1224113,100,1112.2411299999999,5.0,0.0,O000132,2023-02-01
2023-02-02,000043.SZ,buy,12.158546399999999,100,1215.8546399999998,5.0,0.0,O000133,2023-02-01
2023-02-02,000044.SZ,buy,10.791480699999997,100,1079.1480699999997,5.0,0.0,O000134,2023-02-01
2023-02-02,000047.SZ,buy,10.1943842,100,1019.43842,5.0,0.0,O000135,2023-02-01
2023-02-02,000049.SZ,buy,10.878667799999999,100,1087.8667799999998,5.0,0.0,O000136,2023-02-01
2023-02-03,000027.SZ,sell,11.0909979,4300,47691.29097,11.922822742500001,47.691290970000004,O000137,2023-02-02
2023-02-03,000032.SZ,sell,10.7796096,5800,62521.735680000005,15.630433920000002,62.521735680000006,O000138,2023-02-02
2023-02-03,000003.SZ,buy,12.5298173,100,1252.98173,5.0,0.0,O000139,2023-02-02
2023-02-03,000016.SZ,buy,8.6561475,200,1731.2295,5.0,0.0,O000140,2023-02-02
2023-02-03,000018.SZ,buy,11.5379264,100,1153.79264,5.0,0.0,O000141,2023-02-02
2023-02-03,000022.SZ,buy,9.6283187,200,1925.66374,5.0,0.0,O000142,2023-02-02
2023-02-03,000031.SZ,buy,10.228217999999998,200,2045.6435999999997,5.0,0.0,O000143,2023-02-02
2023-02-03,000036.SZ,buy,12.013501499999999,100,1201.3501499999998,5.0,0.0,O000144,2023-02-02
2023-02-03,000038.SZ,buy,11.302290999999999,100,1130.2290999999998,5.0,0.0,O000145,2023-02-02
2023-02-03,000043.SZ,buy,12.417004599999999,100,1241.7004599999998,5.0,0.0,O000146,2023-02-02
2023-02-03,000045.SZ,buy,11.061450399999998,200,2212.2900799999998,5.0,0.0,O000147,2023-02-02
2023-02-03,000046.SZ,buy,11.659047399999999,100,1165.90474,5.0,0.0,O000148,2023-02-02
2023-02-06,000011.SZ,sell,8.5759155,1300,11148.69015,5.0,11.14869015,O000149,2023-02-03
2023-02-06,000049.SZ,sell,10.2808089,1400,14393.13246,5.0,14.39313246,O000150,2023-02-03
2023-02-06,000003.SZ,buy,12.764451699999999,800,10211.56136,5.0,0.0,O000151,2023-02-03
2023-02-06,000005.SZ,buy,10.610499899999999,1000,10610.499899999999,5.0,0.0,O000152,2023-02-03
2023-02-06,000013.SZ,buy,11.149137999999999,1000,11149.137999999999,5.0,0.0,O000153,2023-02-03
2023-02-06,000018.SZ,buy,11.7655538,900,10588.99842,5.0,0.0,O000154,2023-02-03
2023-02-06,000019.SZ,buy,11.147236099999999,1000,11147.236099999998,5.0,0.0,O000155,2023-02-03
2023-02-06,000021.SZ,buy,10.690479799999999,1000,10690.4798,5.0,0.0,O000156,2023-02-03
2023-02-06,000022.SZ,buy,10.0861761,1100,11094.79371,5.0,0.0,O000157,2023-02-03
2023-02-06,000035.SZ,buy,8.822914099999998,1200,10587.496919999998,5.0,0.0,O000158,2023-02-03
2023-02-06,000043.SZ,buy,12.6330204,800,10106.41632,5.0,0.0,O000159,2023-02-03
2023-02-06,000046.SZ,buy,12.442429999999998,900,11198.186999999998,5.0,0.0,O000160,2023-02-03
2023-02-07,000005.SZ,buy,10.671060399999998,300,3201.3181199999995,5.0,0.0,O000161,2023-02-06
2023-02-07,000013.SZ,buy,11.322611299999998,300,3396.7833899999996,5.0,0.0,O000162,2023-02-06
2023-02-07,000014.SZ,buy,9.985875899999998,300,2995.7627699999994,5.0,0.0,O000163,2023-02-06
2023-02-07,000018.SZ,buy,12.153140999999998,200,2430.6281999999997,5.0,0.0,O000164,2023-02-06
2023-02-07,000022.SZ,buy,10.2583481,300,3077.50443,5.0,0.0,O000165,2023-02-06
2023-02-07,000035.SZ,buy,9.2844752,300,2785.3425599999996,5.0,0.0,O000166,2023-02-06
2023-02-07,000036.SZ,buy,12.580467899999999,200,2516.0935799999997,5.0,0.0,O000167,2023-02-06
2023-02-07,000037.SZ,buy,8.965456499999998,300,2689.6369499999996,5.0,0.0,O000168,2023-02-06
2023-02-07,000043.SZ,buy,12.524612099999999,200,2504.92242,5.0,0.0,O000169,2023-02-06
2023-02-07,000046.SZ,buy,12.170958799999998,200,2434.1917599999997,5.0,0.0,O000170,2023-02-06
2023-02-08,000033.SZ,sell,10.6722171,2000,21344.4342,5.33610855,21.3444342,O000171,2023-02-07
2023-02-08,000044.SZ,sell,10.1262636,1900,19239.90084,5.0,19.239900839999997,O000172,2023-02-07
2023-02-09,000005.SZ,buy,10.8872764,400,4354.910559999999,5.0,0.0,O000173,2023-02-08
2023-02-09,000012.SZ,buy,11.8332214,300,3549.9664199999997,5.0,0.0,O000174,2023-02-08
2023-02-09,000013.SZ,buy,11.552040499999999,400,4620.816199999999,5.0,0.0,O000175,2023-02-08
2023-02-09,000014.SZ,buy,10.0478378,400,4019.13512,5.0,0.0,O000176,2023-02-08
2023-02-09,000018.SZ,buy,12.336023699999998,300,3700.8071099999997,5.0,0.0,O000177,2023-02-08
2023-02-09,000022.SZ,buy,10.445134699999999,400,4178.0538799999995,5.0,0.0,O000178,2023-02-08
2023-02-09,000025.SZ,buy,10.529919399999997,400,4211.967759999999,5.0,0.0,O000179,2023-02-08
2023-02-09,000035.SZ,buy,9.1095004,500,4554.7502,5.0,0.0,O000180,2023-02-08
2023-02-09,000043.SZ,buy,13.334521199999998,300,4000.3563599999993,5.0,0.0,O000181,2023-02-08
2023-02-09,000048.SZ,buy,11.1596485,400,4463.859399999999,5.0,0.0,O000182,2023-02-08
2023-02-13,000009.SZ,sell,10.011478499999999,4500,45051.653249999996,11.262913312499998,45.051653249999994,O000183,2023-02-10
2023-02-13,000046.SZ,sell,11.7994887,4200,49557.85254,12.389463135,49.55785254,O000184,2023-02-10
2023-02-14,000043.SZ,sell,11.8006875,1500,17701.03125,5.0,17.70103125,O000185,2023-02-13
2023-02-14,000002.SZ,buy,8.7914827,1000,8791.482699999999,5.0,0.0,O000186,2023-02-13
2023-02-14,000004.SZ,buy,11.5624509,800,9249.96072,5.0,0.0,O000187,2023-02-13
2023-02-14,000012.SZ,buy,12.2965843,700,8607.60901,5.0,0.0,O000188,2023-02-13
2023-02-14,000013.SZ,buy,12.299086799999998,700,8609.360759999998,5.0,0.0,O000189,2023-02-13
2023-02-14,000016.SZ,buy,9.323514199999998,1000,9323.514199999998,5.0,0.0,O000190,2023-02-13
2023-02-14,000017.SZ,buy,10.696385699999999,900,9626.747129999998,5.0,0.0,O000191,2023-02-13
2023-02-14,000021.SZ,buy,10.842331499999998,800,8673.865199999998,5.0,0.0,O000192,2023-02-13
2023-02-14,000034.SZ,buy,9.6887791,900,8719.90119,5.0,0.0,O000193,2023-02-13
2023-02-14,000044.SZ,buy,11.0659549,800,8852.76392,5.0,0.0,O000194,2023-02-13
2023-02-14,000049.SZ,buy,10.982971999999998,800,8786.377599999998,5.0,0.0,O000195,2023-02-13
2023-02-15,000037.SZ,sell,8.4806109,300,2544.18327,5.0,2.54418327,O000196,2023-02-14
2023-02-15,000002.SZ,buy,8.703795099999999,300,2611.1385299999997,5.0,0.0,O000197,2023-02-14
2023-02-15,000011.SZ,buy,9.1875784,300,2756.2735199999997,5.0,0.0,O000198,2023-02-14
2023-02-15,000012.SZ,buy,12.198486299999997,200,2439.6972599999995,5.0,0.0,O000199,2023-02-14
2023-02-15,000013.SZ,buy,11.9495376,200,2389.9075199999997,5.0,0.0,O000200,2023-02-14
2023-02-15,000016.SZ,buy,9.232523299999999,300,2769.7569899999994,5.0,0.0,O000201,2023-02-14
2023-02-15,000017.SZ,buy,10.717706999999999,200,2143.5413999999996,5.0,0.0,O000202,2023-02-14
2023-02-15,000018.SZ,buy,12.4572448,200,2491.44896,5.0,0.0,O000203,2023-02-14
2023-02-15,000031.SZ,buy,10.8787679,200,2175.75358,5.0,0.0,O000204,2023-02-14
2023-02-15,000044.SZ,buy,11.069658599999999,200,2213.9317199999996,5.0,0.0,O000205,2023-02-14
2023-02-15,000049.SZ,buy,11.040028999999999,200,2208.0058,5.0,0.0,O000206,2023-02-14
2023-02-16,000036.SZ,sell,12.1080798,13900,168302.30922,42.075577305,168.30230922,O000207,2023-02-15
2023-02-17,000016.SZ,sell,8.735256,1500,13102.884,5.0,13.102884,O000208,2023-02-16
2023-02-17,000019.SZ,sell,10.587501900000001,4800,50820.00912,12.70500228,50.82000912,O000209,2023-02-16
2023-02-17,000007.SZ,buy,9.5030936,1700,16155.259119999999,5.0,0.0,O000210,2023-02-16
2023-02-17,000011.SZ,buy,8.9967878,1800,16194.21804,5.0,0.0,O000211,2023-02-16
2023-02-17,000013.SZ,buy,12.100388299999999,1300,15730.504789999999,5.0,0.0,O000212,2023-02-16
2023-02-17,000018.SZ,buy,12.3752629,1300,16087.841769999999,5.0,0.0,O000213,2023-02-16
2023-02-17,000020.SZ,buy,10.113102999999999,1600,16180.964799999998,5.0,0.0,O000214,2023-02-16
2023-02-17,000022.SZ,buy,10.820910099999999,1500,16231.365149999998,5.0,0.0,O000215,2023-02-16
2023-02-17,000031.SZ,buy,11.121910799999998,1500,16682.866199999997,5.0,0.0,O000216,2023-02-16
2023-02-17,000038.SZ,buy,11.645734099999999,1400,16304.027739999998,5.0,0.0,O000217,2023-02-16
2023-02-17,000044.SZ,buy,11.434422999999999,1400,16008.192199999998,5.0,0.0,O000218,2023-02-16
2023-02-17,000047.SZ,buy,10.9293184,1500,16393.9776,5.0,0.0,O000219,2023-02-16
2023-02-20,000002.SZ,sell,8.2803114,1300,10764.40482,5.0,10.76440482,O000220,2023-02-17
2023-02-20,000035.SZ,sell,8.7784128,2000,17556.8256,5.0,17.5568256,O000221,2023-02-17
2023-02-20,000007.SZ,buy,9.917107199999998,700,6941.975039999999,5.0,0.0,O000222,2023-02-17
2023-02-20,000013.SZ,buy,12.816804,500,6408.402,5.0,0.0,O000223,2023-02-17
2023-02-20,000014.SZ,buy,10.036126099999999,700,7025.288269999999,5.0,0.0,O000224,2023-02-17
2023-02-20,000018.SZ,buy,12.5549424,500,6277.4712,5.0,0.0,O000225,2023-02-17
2023-02-20,000025.SZ,buy,10.847836999999998,600,6508.702199999999,5.0,0.0,O000226,2023-02-17
2023-02-20,000026.SZ,buy,11.5937822,600,6956.269319999999,5.0,0.0,O000227,2023-02-17
2023-02-20,000031.SZ,buy,11.677265599999998,600,7006.359359999999,5.0,0.0,O000228,2023-02-17
2023-02-20,000038.SZ,buy,11.510599099999999,600,6906.359459999999,5.0,0.0,O000229,2023-02-17
2023-02-20,000044.SZ,buy,11.367556199999997,600,6820.5337199999985,5.0,0.0,O000230,2023-02-17
2023-02-20,000047.SZ,buy,11.1716605,600,6702.9963,5.0,0.0,O000231,2023-02-17
2023-02-21,000004.SZ,sell,10.8233658,800,8658.69264,5.0,8.65869264,O000232,2023-02-20
2023-02-21,000017.SZ,sell,10.0440459,2300,23101.30557,5.7753263925,23.10130557,O000233,2023-02-20
2023-02-21,000005.SZ,buy,11.023212199999998,300,3306.9636599999994,5.0,0.0,O000234,2023-02-20
2023-02-21,000007.SZ,buy,9.5781686,300,2873.4505799999997,5.0,0.0,O000235,2023-02-20
2023-02-21,000012.SZ,buy,12.866553699999999,200,2573.31074,5.0,0.0,O000236,2023-02-20
2023-02-21,000018.SZ,buy,12.7512385,200,2550.2477,5.0,0.0,O000237,2023-02-20
2023-02-21,000020.SZ,buy,9.949339399999998,300,2984.801819999999,5.0,0.0,O000238,2023-02-20
2023-02-21,000031.SZ,buy,11.3579466,300,3407.38398,5.0,0.0,O000239,2023-02-20
2023-02-21,000038.SZ,buy,11.677265599999998,300,3503.1796799999993,5.0,0.0,O000240,2023-02-20
2023-02-21,000041.SZ,buy,12.476664199999998,200,2495.3328399999996,5.0,0.0,O000241,2023-02-20
2023-02-21,000044.SZ,buy,11.726114399999998,300,3517.8343199999995,5.0,0.0,O000242,2023-02-20
2023-02-21,000047.SZ,buy,11.184173,300,3355.2518999999998,5.0,0.0,O000243,2023-02-20
2023-02-22,000029.SZ,sell,9.791199,1100,10770.3189,5.0,10.770318900000001,O000244,2023-02-21
2023-02-22,000048.SZ,sell,10.542347099999999,3600,37952.449559999994,9.488112389999998,37.95244955999999,O000245,2023-02-21
2023-02-22,000007.SZ,buy,9.717607899999999,300,2915.28237,5.0,0.0,O000246,2023-02-21
2023-02-22,000010.SZ,buy,9.245035799999998,400,3698.0143199999993,5.0,0.0,O000247,2023-02-21
2023-02-22,000012.SZ,buy,12.962449499999998,200,2592.4898999999996,5.0,0.0,O000248,2023-02-21
2023-02-22,000014.SZ,buy,10.512602099999999,300,3153.7806299999997,5.0,0.0,O000249,2023-02-21
2023-02-22,000020.SZ,buy,10.172061899999997,300,3051.618569999999,5.0,0.0,O000250,2023-02-21
2023-02-22,000026.SZ,buy,11.8499381,300,3554.98143,5.0,0.0,O000251,2023-02-21
2023-02-22,000041.SZ,buy,12.833620799999998,200,2566.7241599999998,5.0,0.0,O000252,2023-02-21
2023-02-22,000046.SZ,buy,12.208896699999999,300,3662.6690099999996,5.0,0.0,O000253,2023-02-21
2023-02-22,000047.SZ,buy,11.413802399999998,300,3424.1407199999994,5.0,0.0,O000254,2023-02-21
2023-02-22,000050.SZ,buy,9.550140599999999,300,2865.0421799999995,5.0,0.0,O000255,2023-02-21
2023-02-23,000022.SZ,sell,9.8753148,3600,35551.13328,8.88778332,35.55113328,O000256,2023-02-22
2023-02-23,000006.SZ,buy,8.7995908,600,5279.7544800000005,5.0,0.0,O000257,2023-02-22
2023-02-23,000010.SZ,buy,9.601391799999998,500,4800.695899999999,5.0,0.0,O000258,2023-02-22
2023-02-23,000012.SZ,buy,13.0249119,400,5209.96476,5.0,0.0,O000259,2023-02-22
2023-02-23,000014.SZ,buy,11.0285175,400,4411.407,5.0,0.0,O000260,2023-02-22
2023-02-23,000020.SZ,buy,10.4197093,500,5209.854649999999,5.0,0.0,O000261,2023-02-22
2023-02-23,000026.SZ,buy,12.105893799999999,400,4842.35752,5.0,0.0,O000262,2023-02-22
2023-02-23,000041.SZ,buy,13.2854722,400,5314.18888,5.0,0.0,O000263,2023-02-22
2023-02-23,000046.SZ,buy,11.884772899999998,400,4753.909159999999,5.0,0.0,O000264,2023-02-22
2023-02-23,000047.SZ,buy,11.153642499999998,400,4461.456999999999,5.0,0.0,O000265,2023-02-22
2023-02-23,000050.SZ,buy,9.5428333,500,4771.41665,5.0,0.0,O000266,2023-02-22
2023-02-24,000005.SZ,sell,10.611378,3200,33956.4096,8.4891024,33.9564096,O000267,2023-02-23
2023-02-24,000021.SZ,sell,10.255833899999999,4200,43074.50238,10.768625595,43.07450238,O000268,2023-02-23
2023-02-24,000003.SZ,buy,13.004491499999999,300,3901.3474499999998,5.0,0.0,O000269,2023-02-23
2023-02-24,000004.SZ,buy,11.393181799999999,300,3417.9545399999997,5.0,0.0,O000270,2023-02-23
2023-02-24,000007.SZ,buy,9.859950099999999,400,3943.9800399999995,5.0,0.0,O000271,2023-02-23
2023-02-24,000010.SZ,buy,9.854244399999999,400,3941.6977599999996,5.0,0.0,O000272,2023-02-23
2023-02-24,000012.SZ,buy,12.929416499999999,300,3878.8249499999997,5.0,0.0,O000273,2023-02-23
2023-02-24,000014.SZ,buy,11.000489499999999,300,3300.1468499999996,5.0,0.0,O000274,2023-02-23
2023-02-24,000026.SZ,buy,12.1888767,300,3656.6630099999998,5.0,0.0,O000275,2023-02-23
2023-02-24,000033.SZ,buy,10.711600899999999,300,3213.4802699999996,5.0,0.0,O000276,2023-02-23
2023-02-24,000041.SZ,buy,13.561648099999998,300,4068.4944299999993,5.0,0.0,O000277,2023-02-23
2023-02-24,000050.SZ,buy,9.525015499999999,400,3810.0061999999994,5.0,0.0,O000278,2023-02-23
2023-02-27,000025.SZ,sell,9.994995000000001,1000,9994.995,5.0,9.994995000000001,O000279,2023-02-24
2023-02-27,000004.SZ,buy,11.514503,600,6908.7018,5.0,0.0,O000280,2023-02-24
2023-02-27,000006.SZ,buy,8.9296207,800,7143.696559999999,5.0,0.0,O000281,2023-02-24
2023-02-27,000010.SZ,buy,9.8389291,800,7871.143279999999,5.0,0.0,O000282,2023-02-24
2023-02-27,000012.SZ,buy,12.9365236,600,7761.914159999999,5.0,0.0,O000283,2023-02-24
2023-02-27,000014.SZ,buy,10.923112199999998,700,7646.178539999999,5.0,0.0,O000284,2023-02-24
2023-02-27,000027.SZ,buy,10.113303199999999,700,7079.312239999999,5.0,0.0,O000285,2023-02-24
2023-02-27,000030.SZ,buy,8.494085599999998,900,7644.677039999999,5.0,0.0,O000286,2023-02-24
2023-02-27,000033.SZ,buy,10.686876199999999,700,7480.813339999999,5.0,0.0,O000287,2023-02-24
2023-02-27,000039.SZ,buy,10.7017911,700,7491.253769999999,5.0,0.0,O000288,2023-02-24
2023-02-27,000041.SZ,buy,13.952438499999998,500,6976.219249999999,5.0,0.0,O000289,2023-02-24
2023-02-28,000034.SZ,sell,9.2080827,900,8287.27443,5.0,8.28727443,O000290,2023-02-27
2023-02-28,000049.SZ,sell,10.550039400000001,1000,10550.039400000001,5.0,10.550039400000001,O000291,2023-02-27
2023-02-28,000004.SZ,buy,11.489678199999998,100,1148.9678199999998,5.0,0.0,O000292,2023-02-27
2023-02-28,000006.SZ,buy,9.042133099999997,200,1808.4266199999995,5.0,0.0,O000293,2023-02-27
2023-02-28,000010.SZ,buy,9.4673579,100,946.73579,5.0,0.0,O000294,2023-02-27
2023-02-28,000014.SZ,buy,10.898888,100,1089.8888,5.0,0.0,O000295,2023-02-27
2023-02-28,000017.SZ,buy,10.4385281,100,1043.8528099999999,5.0,0.0,O000296,2023-02-27
2023-02-28,000019.SZ,buy,10.945334399999998,100,1094.53344,5.0,0.0,O000297,2023-02-27
2023-02-28,000030.SZ,buy,8.673164499999999,200,1734.6328999999996,5.0,0.0,O000298,2023-02-27
2023-02-28,000033.SZ,buy,10.67066,100,1067.066,5.0,0.0,O000299,2023-02-27
2023-02-28,000041.SZ,buy,13.886172299999998,100,1388.6172299999998,5.0,0.0,O000300,2023-02-27
2023-02-28,000047.SZ,buy,11.600589,100,1160.0589,5.0,0.0,O000301,2023-02-27
2023-03-01,000013.SZ,sell,11.7840042,7400,87201.63108,21.800407770000003,87.20163108000001,O000302,2023-02-28
2023-03-01,000004.SZ,buy,11.5221106,200,2304.4221199999997,5.0,0.0,O000303,2023-02-28
2023-03-01,000006.SZ,buy,9.234925699999998,200,1846.9851399999995,5.0,0.0,O000304,2023-02-28
2023-03-01,000010.SZ,buy,9.668659,200,1933.7318,5.0,0.0,O000305,2023-02-28
2023-03-01,000012.SZ,buy,13.638725099999998,100,1363.87251,5.0,0.0,O000306,2023-02-28
2023-03-01,000019.SZ,buy,10.9481372,200,2189.6274399999998,5.0,0.0,O000307,2023-02-28
2023-03-01,000029.SZ,buy,10.2211109,200,2044.2221799999998,5.0,0.0,O000308,2023-02-28
2023-03-01,000030.SZ,buy,8.835226399999998,200,1767.0452799999996,5.0,0.0,O000309,2023-02-28
2023-03-01,000038.SZ,buy,11.975863899999998,200,2395.17278,5.0,0.0,O000310,2023-02-28
2023-03-01,000039.SZ,buy,10.649638999999999,200,2129.9278,5.0,0.0,O000311,2023-02-28
2023-03-01,000041.SZ,buy,13.924110199999998,100,1392.4110199999998,5.0,0.0,O000312,2023-02-28
2023-03-02,000027.SZ,sell,9.2750157,700,6492.510990000001,5.0,6.49251099,O000313,2023-03-01
2023-03-02,000050.SZ,sell,9.2384523,1200,11086.14276,5.0,11.086142760000001,O000314,2023-03-01
2023-03-02,000003.SZ,buy,13.644230599999998,600,8186.538359999999,5.0,0.0,O000315,2023-03-01
2023-03-02,000008.SZ,buy,9.579970399999999,900,8621.973359999998,5.0,0.0,O000316,2023-03-01
2023-03-02,000012.SZ,buy,14.004390399999998,600,8402.63424,5.0,0.0,O000317,2023-03-01
2023-03-02,000016.SZ,buy,9.3086994,900,8377.82946,5.0,0.0,O000318,2023-03-01
2023-03-02,000029.SZ,buy,10.531821299999999,800,8425.45704,5.0,0.0,O000319,2023-03-01
2023-03-02,000037.SZ,buy,8.838129299999999,1000,8838.129299999999,5.0,0.0,O000320,2023-03-01
2023-03-02,000038.SZ,buy,12.130118,700,8491.0826,5.0,0.0,O000321,2023-03-01
2023-03-02,000039.SZ,buy,10.775564799999998,800,8620.451839999998,5.0,0.0,O000322,2023-03-01
2023-03-02,000041.SZ,buy,13.936122199999998,600,8361.673319999998,5.0,0.0,O000323,2023-03-01
2023-03-02,000047.SZ,buy,11.707695999999999,700,8195.3872,5.0,0.0,O000324,2023-03-01
2023-03-03,000007.SZ,sell,9.2967939,3400,31609.099260000003,7.902274815000001,31.609099260000004,O000325,2023-03-02
2023-03-03,000010.SZ,sell,9.2301606,2400,22152.38544,5.53809636,22.15238544,O000326,2023-03-02
2023-03-03,000003.SZ,buy,13.5726591,100,1357.2659099999998,5.0,0.0,O000327,2023-03-02
2023-03-03,000008.SZ,buy,9.651742099999998,200,1930.3484199999996,5.0,0.0,O000328,2023-03-02
2023-03-03,000011.SZ,buy,9.151942799999999,200,1830.3885599999996,5.0,0.0,O000329,2023-03-02
2023-03-03,000012.SZ,buy,14.230716499999998,100,1423.0716499999999,5.0,0.0,O000330,2023-03-02
2023-03-03,000016.SZ,buy,8.881072199999998,200,1776.2144399999997,5.0,0.0,O000331,2023-03-02
2023-03-03,000029.SZ,buy,10.750439699999998,200,2150.0879399999994,5.0,0.0,O000332,2023-03-02
2023-03-03,000035.SZ,buy,8.4719635,200,1694.3926999999999,5.0,0.0,O000333,2023-03-02
2023-03-03,000037.SZ,buy,8.979370399999999,200,1795.8740799999998,5.0,0.0,O000334,2023-03-02
2023-03-03,000038.SZ,buy,12.208996799999998,200,2441.7993599999995,5.0,0.0,O000335,2023-03-02
2023-03-03,000041.SZ,buy,14.7012866,100,1470.1286599999999,5.0,0.0,O000336,2023-03-02
2023-03-06,000030.SZ,sell,8.2500417,1300,10725.05421,5.0,10.72505421,O000337,2023-03-03
2023-03-06,000031.SZ,sell,10.6169724,4100,43529.586839999996,10.88239671,43.52958684,O000338,2023-03-03
2023-03-06,000001.SZ,buy,9.306897599999997,600,5584.1385599999985,5.0,0.0,O000339,2023-03-03
2023-03-06,000003.SZ,buy,13.732518799999998,400,5493.007519999999,5.0,0.0,O000340,2023-03-03
2023-03-06,000012.SZ,buy,14.2341199,400,5693.64796,5.0,0.0,O000341,2023-03-03
2023-03-06,000014.SZ,buy,11.311099799999997,500,5655.549899999999,5.0,0.0,O000342,2023-03-03
2023-03-06,000019.SZ,buy,11.254242999999999,500,5627.121499999999,5.0,0.0,O000343,2023-03-03
2023-03-06,000025.SZ,buy,10.2698596,500,5134.9298,5.0,0.0,O000344,2023-03-03
2023-03-06,000026.SZ,buy,12.087074999999999,400,4834.83,5.0,0.0,O000345,2023-03-03
2023-03-06,000037.SZ,buy,9.0896806,600,5453.80836,5.0,0.0,O000346,2023-03-03
2023-03-06,000038.SZ,buy,12.460648199999998,400,4984.259279999999,5.0,0.0,O000347,2023-03-03
2023-03-06,000041.SZ,buy,14.800185399999998,300,4440.055619999999,5.0,0.0,O000348,2023-03-03
2023-03-07,000006.SZ,sell,8.5293621,1800,15352.85178,5.0,15.352851780000002,O000349,2023-03-06
2023-03-07,000016.SZ,sell,8.3519397,1100,9187.133670000001,5.0,9.187133670000001,O000350,2023-03-06
2023-03-07,000011.SZ,buy,9.4572478,600,5674.348679999999,5.0,0.0,O000351,2023-03-06
2023-03-07,000012.SZ,buy,14.466051599999998,400,5786.420639999999,5.0,0.0,O000352,2023-03-06
2023-03-07,000015.SZ,buy,9.541732199999998,600,5725.039319999999,5.0,0.0,O000353,2023-03-06
2023-03-07,000018.SZ,buy,12.8044917,400,5121.7966799999995,5.0,0.0,O000354,2023-03-06
2023-03-07,000021.SZ,buy,10.590980399999998,500,5295.490199999998,5.0,0.0,O000355,2023-03-06
2023-03-07,000032.SZ,buy,10.311601299999998,500,5155.800649999999,5.0,0.0,O000356,2023-03-06
2023-03-07,000037.SZ,buy,9.033023999999997,600,5419.814399999998,5.0,0.0,O000357,2023-03-06
2023-03-07,000038.SZ,buy,12.462449999999999,400,4984.98,5.0,0.0,O000358,2023-03-06
2023-03-07,000041.SZ,buy,14.620605999999999,400,5848.242399999999,5.0,0.0,O000359,2023-03-06
2023-03-07,000045.SZ,buy,11.660749099999999,500,5830.3745499999995,5.0,0.0,O000360,2023-03-06
2023-03-08,000019.SZ,sell,10.422566999999999,800,8338.0536,5.0,8.3380536,O000361,2023-03-07
2023-03-08,000020.SZ,sell,9.6760143,2700,26125.23861,6.5313096525,26.12523861,O000362,2023-03-07
2023-03-08,000026.SZ,sell,11.2980906,2000,22596.1812,5.6490453,22.5961812,O000363,2023-03-07
2023-03-08,000011.SZ,buy,9.544835299999999,300,2863.45059,5.0,0.0,O000364,2023-03-07
2023-03-08,000012.SZ,buy,14.629915299999999,200,2925.9830599999996,5.0,0.0,O000365,2023-03-07
2023-03-08,000015.SZ,buy,9.796286499999999,300,2938.88595,5.0,0.0,O000366,2023-03-07
2023-03-08,000021.SZ,buy,10.8703595,200,2174.0719,5.0,0.0,O000367,2023-03-07
2023-03-08,000029.SZ,buy,10.7231124,200,2144.62248,5.0,0.0,O000368,2023-03-07
2023-03-08,000032.SZ,buy,10.588377799999998,200,2117.6755599999997,5.0,0.0,O000369,2023-03-07
2023-03-08,000037.SZ,buy,9.332723399999999,300,2799.8170199999995,5.0,0.0,O000370,2023-03-07
2023-03-08,000038.SZ,buy,12.477565099999998,200,2495.5130199999994,5.0,0.0,O000371,2023-03-07
2023-03-08,000040.SZ,buy,10.740830099999998,200,2148.1660199999997,5.0,0.0,O000372,2023-03-07
2023-03-08,000041.SZ,buy,15.006791799999998,200,3001.3583599999997,5.0,0.0,O000373,2023-03-07
2023-03-09,000035.SZ,sell,7.8726195,200,1574.5239,5.0,1.5745239,O000374,2023-03-08
2023-03-09,000012.SZ,buy,14.714299599999999,400,5885.71984,5.0,0.0,O000375,2023-03-08
2023-03-09,000015.SZ,buy,9.729319599999998,600,5837.591759999999,5.0,0.0,O000376,2023-03-08
2023-03-09,000021.SZ,buy,10.979568599999999,500,5489.784299999999,5.0,0.0,O000377,2023-03-08
2023-03-09,000032.SZ,buy,10.567857299999998,500,5283.928649999999,5.0,0.0,O000378,2023-03-08
2023-03-09,000033.SZ,buy,10.670760099999999,500,5335.38005,5.0,0.0,O000379,2023-03-08
2023-03-09,000036.SZ,buy,12.557044499999998,400,5022.817799999999,5.0,0.0,O000380,2023-03-08
2023-03-09,000037.SZ,buy,9.2993901,600,5579.63406,5.0,0.0,O000381,2023-03-08
2023-03-09,000038.SZ,buy,12.452940499999999,400,4981.1762,5.0,0.0,O000382,2023-03-08
2023-03-09,000040.SZ,buy,10.954643699999998,500,5477.321849999999,5.0,0.0,O000383,2023-03-08
2023-03-09,000050.SZ,buy,9.688278599999999,600,5812.967159999999,5.0,0.0,O000384,2023-03-08
2023-03-10,000014.SZ,sell,10.4667228,3700,38726.874359999994,9.68171859,38.72687436,O000385,2023-03-09
2023-03-10,000010.SZ,buy,9.650040399999998,100,965.0040399999998,5.0,0.0,O000386,2023-03-09
2023-03-10,000015.SZ,buy,9.7642545,100,976.42545,5.0,0.0,O000387,2023-03-09
2023-03-10,000024.SZ,buy,8.7310223,100,873.10223,5.0,0.0,O000388,2023-03-09
2023-03-10,000027.SZ,buy,9.498188699999998,100,949.8188699999998,5.0,0.0,O000389,2023-03-09
2023-03-10,000037.SZ,buy,9.3331238,100,933.31238,5.0,0.0,O000390,2023-03-09
2023-03-10,000042.SZ,buy,9.4153059,100,941.53059,5.0,0.0,O000391,2023-03-09
2023-03-13,000025.SZ,sell,9.7745157,500,4887.25785,5.0,4.88725785,O000392,2023-03-10
2023-03-13,000041.SZ,sell,13.8392469,3400,47053.439459999994,11.763359864999998,47.05343945999999,O000393,2023-03-10
2023-03-13,000010.SZ,buy,9.932322399999999,400,3972.9289599999993,5.0,0.0,O000394,2023-03-10
2023-03-13,000012.SZ,buy,14.717602899999997,200,2943.5205799999994,5.0,0.0,O000395,2023-03-10
2023-03-13,000015.SZ,buy,9.719609899999998,400,3887.8439599999992,5.0,0.0,O000396,2023-03-10
2023-03-13,000021.SZ,buy,11.340128799999999,300,3402.0386399999998,5.0,0.0,O000397,2023-03-10
2023-03-13,000027.SZ,buy,9.466056599999998,400,3786.4226399999993,5.0,0.0,O000398,2023-03-10
2023-03-13,000032.SZ,buy,10.526115599999997,300,3157.834679999999,5.0,0.0,O000399,2023-03-10
2023-03-13,000036.SZ,buy,13.299886599999999,300,3989.9659799999995,5.0,0.0,O000400,2023-03-10
2023-03-13,000037.SZ,buy,9.2858766,400,3714.35064,5.0,0.0,O000401,2023-03-10
2023-03-13,000040.SZ,buy,10.7008902,300,3210.26706,5.0,0.0,O000402,2023-03-10
2023-03-13,000042.SZ,buy,9.390781399999998,400,3756.3125599999994,5.0,0.0,O000403,2023-03-10
2023-03-14,000039.SZ,sell,9.9282618,1700,16878.04506,5.0,16.87804506,O000404,2023-03-13
2023-03-14,000045.SZ,sell,11.1939948,2900,32462.58492,8.115646230000001,32.462584920000005,O000405,2023-03-13
2023-03-14,000002.SZ,buy,8.799290499999998,600,5279.574299999998,5.0,0.0,O000406,2023-03-13
2023-03-14,000010.SZ,buy,10.1738637,500,5086.93185,5.0,0.0,O000407,2023-03-13
2023-03-14,000012.SZ,buy,15.237121899999998,300,4571.13657,5.0,0.0,O000408,2023-03-13
2023-03-14,000015.SZ,buy,9.852542699999999,500,4926.271349999999,5.0,0.0,O000409,2023-03-13
2023-03-14,000021.SZ,buy,11.208997799999999,500,5604.4989,5.0,0.0,O000410,2023-03-13
2023-03-14,000030.SZ,buy,8.5793708,600,5147.62248,5.0,0.0,O000411,2023-03-13
2023-03-14,000036.SZ,buy,13.4835701,400,5393.42804,5.0,0.0,O000412,2023-03-13
2023-03-14,000037.SZ,buy,9.597988399999998,500,4798.994199999999,5.0,0.0,O000413,2023-03-13
2023-03-14,000040.SZ,buy,10.557647099999999,500,5278.823549999999,5.0,0.0,O000414,2023-03-13
2023-03-14,000042.SZ,buy,9.241632399999999,600,5544.979439999999,5.0,0.0,O000415,2023-03-13
2023-03-15,000018.SZ,sell,12.2998878,9300,114388.95654,28.597239135,114.38895654,O000416,2023-03-14
2023-03-15,000001.SZ,buy,9.360351,500,4680.175499999999,5.0,0.0,O000417,2023-03-14
2023-03-15,000002.SZ,buy,8.635727099999999,600,5181.4362599999995,5.0,0.0,O000418,2023-03-14
2023-03-15,000007.SZ,buy,9.3280187,500,4664.009349999999,5.0,0.0,O000419,2023-03-14
2023-03-15,000010.SZ,buy,10.1633532,500,5081.6766,5.0,0.0,O000420,2023-03-14
2023-03-15,000021.SZ,buy,11.182571399999999,400,4473.02856,5.0,0.0,O000421,2023-03-14
2023-03-15,000024.SZ,buy,8.437829399999998,600,5062.6976399999985,5.0,0.0,O000422,2023-03-14
2023-03-15,000028.SZ,buy,9.072063,600,5443.2378,5.0,0.0,O000423,2023-03-14
2023-03-15,000030.SZ,buy,8.859750899999998,600,5315.850539999999,5.0,0.0,O000424,2023-03-14
2023-03-15,000033.SZ,buy,11.2155043,400,4486.20172,5.0,0.0,O000425,2023-03-14
2023-03-15,000036.SZ,buy,13.8870732,300,4166.1219599999995,5.0,0.0,O000426,2023-03-14
2023-03-16,000017.SZ,sell,9.9107793,100,991.0779299999999,5.0,0.99107793,O000427,2023-03-15
2023-03-16,000038.SZ,sell,12.109878,19600,237353.60880000002,59.338402200000004,237.35360880000002,O000428,2023-03-15
2023-03-16,000001.SZ,buy,9.608599,1200,11530.3188,5.0,0.0,O000429,2023-03-15
2023-03-16,000002.SZ,buy,8.6493407,1300,11244.14291,5.0,0.0,O000430,2023-03-15
2023-03-16,000003.SZ,buy,13.745932199999999,800,10996.745759999998,5.0,0.0,O000431,2023-03-15
2023-03-16,000005.SZ,buy,10.584573999999998,1100,11643.031399999998,5.0,0.0,O000432,2023-03-15
2023-03-16,000010.SZ,buy,10.302792499999999,1100,11333.07175,5.0,0.0,O000433,2023-03-15
2023-03-16,000028.SZ,buy,9.223213999999999,1200,11067.856799999998,5.0,0.0,O000434,2023-03-15
2023-03-16,000030.SZ,buy,9.0576486,1200,10869.17832,5.0,0.0,O000435,2023-03-15
2023-03-16,000033.SZ,buy,11.121810699999997,1000,11121.810699999998,5.0,0.0,O000436,2023-03-15
2023-03-16,000036.SZ,buy,13.275061799999998,800,10620.049439999999,5.0,0.0,O000437,2023-03-15
2023-03-16,000045.SZ,buy,11.936524599999998,900,10742.87214,5.0,0.0,O000438,2023-03-15
2023-03-17,000027.SZ,sell,9.0068841,500,4503.442050000001,5.0,4.50344205,O000439,2023-03-16
2023-03-17,000001.SZ,buy,9.892882999999998,2400,23742.919199999993,5.935729799999998,0.0,O000440,2023-03-16
2023-03-17,000007.SZ,buy,9.6732636,2400,23215.83264,5.8039581600000005,0.0,O000441,2023-03-16
2023-03-17,000010.SZ,buy,10.5311206,2200,23168.46532,5.79211633,0.0,O000442,2023-03-16
2023-03-17,000029.SZ,buy,11.110199099999999,2100,23331.41811,5.832854527499999,0.0,O000443,2023-03-16
2023-03-17,000030.SZ,buy,9.154945799999998,2500,22887.364499999996,5.721841124999999,0.0,O000444,2023-03-16
2023-03-17,000033.SZ,buy,11.371059699999998,2000,22742.119399999996,5.685529849999999,0.0,O000445,2023-03-16
2023-03-17,000037.SZ,buy,9.793183399999998,2400,23503.640159999995,5.875910039999999,0.0,O000446,2023-03-16
2023-03-17,000043.SZ,buy,11.259247999999998,2100,23644.420799999996,5.911105199999999,0.0,O000447,2023-03-16
2023-03-17,000045.SZ,buy,12.000088099999997,1900,22800.167389999995,5.700041847499999,0.0,O000448,2023-03-16
2023-03-17,000050.SZ,buy,9.8587489,2400,23660.99736,5.915249340000001,0.0,O000449,2023-03-16
2023-03-20,000002.SZ,sell,8.5162752,2500,21290.688000000002,5.322672000000001,21.290688000000003,O000450,2023-03-17
2023-03-20,000011.SZ,sell,9.119171699999999,3200,29181.349439999998,7.2953373599999995,29.181349439999998,O000451,2023-03-17
2023-03-20,000028.SZ,sell,8.8320591,1800,15897.706380000001,5.0,15.897706380000002,O000452,2023-03-17
2023-03-20,000001.SZ,buy,10.248338099999998,200,2049.6676199999997,5.0,0.0,O000453,2023-03-17
2023-03-20,000004.SZ,buy,11.890378499999999,100,1189.03785,5.0,0.0,O000454,2023-03-17
2023-03-20,000009.SZ,buy,8.5638553,200,1712.77106,5.0,0.0,O000455,2023-03-17
2023-03-20,000019.SZ,buy,10.982271299999999,100,1098.22713,5.0,0.0,O000456,2023-03-17
2023-03-20,000024.SZ,buy,9.0008919,200,1800.1783799999998,5.0,0.0,O000457,2023-03-17
2023-03-20,000029.SZ,buy,10.933422499999999,100,1093.34225,5.0,0.0,O000458,2023-03-17
2023-03-20,000030.SZ,buy,9.1118027,200,1822.3605400000001,5.0,0.0,O000459,2023-03-17
2023-03-20,000033.SZ,buy,11.143932799999998,100,1114.3932799999998,5.0,0.0,O000460,2023-03-17
2023-03-20,000037.SZ,buy,10.1890789,200,2037.8157800000001,5.0,0.0,O000461,2023-03-17
2023-03-20,000045.SZ,buy,12.1574453,100,1215.74453,5.0,0.0,O000462,2023-03-17
2023-03-21,000043.SZ,sell,10.5668226,2100,22190.32746,5.547581865000001,22.190327460000002,O000463,2023-03-20
2023-03-21,000047.SZ,sell,10.6817076,4000,42726.8304,10.6817076,42.7268304,O000464,2023-03-20
2023-03-21,000001.SZ,buy,10.540930399999999,600,6324.558239999999,5.0,0.0,O000465,2023-03-20
2023-03-21,000008.SZ,buy,10.049639599999999,600,6029.783759999999,5.0,0.0,O000466,2023-03-20
2023-03-21,000009.SZ,buy,8.6501415,700,6055.09905,5.0,0.0,O000467,2023-03-20
2023-03-21,000014.SZ,buy,11.040129099999998,600,6624.077459999999,5.0,0.0,O000468,2023-03-20
2023-03-21,000024.SZ,buy,8.939430499999999,700,6257.601349999999,5.0,0.0,O000469,2023-03-20
2023-03-21,000033.SZ,buy,11.2260148,600,6735.60888,5.0,0.0,O000470,2023-03-20
2023-03-21,000037.SZ,buy,10.219309099999998,600,6131.585459999999,5.0,0.0,O000471,2023-03-20
2023-03-21,000038.SZ,buy,12.719506799999998,500,6359.753399999999,5.0,0.0,O000472,2023-03-20
2023-03-21,000039.SZ,buy,10.556145599999999,600,6333.687359999999,5.0,0.0,O000473,2023-03-20
2023-03-21,000045.SZ,buy,11.717705999999998,500,5858.852999999999,5.0,0.0,O000474,2023-03-20
2023-03-22,000015.SZ,sell,9.6871032,2500,24217.757999999998,6.0544395,24.217758,O000475,2023-03-21
2023-03-22,000030.SZ,sell,8.628063299999999,5100,44003.12282999999,11.000780707499999,44.003122829999995,O000476,2023-03-21
2023-03-22,000036.SZ,sell,13.0831038,2200,28782.82836,7.19570709,28.78282836,O000477,2023-03-21
2023-03-22,000042.SZ,sell,9.019971,1100,9921.9681,5.0,9.9219681,O000478,2023-03-21
2023-03-22,000001.SZ,buy,10.404794399999998,600,6242.876639999999,5.0,0.0,O000479,2023-03-21
2023-03-22,000008.SZ,buy,10.064854799999999,700,7045.398359999999,5.0,0.0,O000480,2023-03-21
2023-03-22,000009.SZ,buy,8.8103015,800,7048.2411999999995,5.0,0.0,O000481,2023-03-21
2023-03-22,000019.SZ,buy,10.9261152,600,6555.66912,5.0,0.0,O000482,2023-03-21
2023-03-22,000024.SZ,buy,9.2227135,700,6455.89945,5.0,0.0,O000483,2023-03-21
2023-03-22,000025.SZ,buy,10.497787299999999,600,6298.672379999999,5.0,0.0,O000484,2023-03-21
2023-03-22,000037.SZ,buy,10.255144899999998,600,6153.086939999998,5.0,0.0,O000485,2023-03-21
2023-03-22,000039.SZ,buy,10.5683578,600,6341.014679999999,5.0,0.0,O000486,2023-03-21
2023-03-22,000040.SZ,buy,11.0995885,600,6659.7531,5.0,0.0,O000487,2023-03-21
2023-03-22,000046.SZ,buy,12.393280899999999,500,6196.640449999999,5.0,0.0,O000488,2023-03-21
2023-03-23,000007.SZ,sell,9.0740169,2900,26314.64901,6.5786622525,26.31464901,O000489,2023-03-22
2023-03-23,000001.SZ,buy,10.474964499999999,1000,10474.964499999998,5.0,0.0,O000490,2023-03-22
2023-03-23,000004.SZ,buy,12.090077999999998,900,10881.070199999998,5.0,0.0,O000491,2023-03-22
2023-03-23,000008.SZ,buy,10.139128999999999,1000,10139.128999999999,5.0,0.0,O000492,2023-03-22
2023-03-23,000009.SZ,buy,9.142633499999999,1200,10971.160199999998,5.0,0.0,O000493,2023-03-22
2023-03-23,000017.SZ,buy,10.562351799999998,1000,10562.351799999999,5.0,0.0,O000494,2023-03-22
2023-03-23,000024.SZ,buy,9.159550399999999,1200,10991.460479999998,5.0,0.0,O000495,2023-03-22
2023-03-23,000025.SZ,buy,10.4782678,1000,10478.2678,5.0,0.0,O000496,2023-03-22
2023-03-23,000037.SZ,buy,10.3110007,1000,10311.000699999999,5.0,0.0,O000497,2023-03-22
2023-03-23,000039.SZ,buy,10.709698999999999,1000,10709.698999999999,5.0,0.0,O000498,2023-03-22
2023-03-23,000046.SZ,buy,12.5052928,800,10004.23424,5.0,0.0,O000499,2023-03-22
2023-03-24,000010.SZ,sell,9.6983919,4800,46552.28112000001,11.638070280000003,46.55228112000001,O000500,2023-03-23
2023-03-24,000029.SZ,sell,10.4749146,3600,37709.69256,9.42742314,37.70969256,O000501,2023-03-23
2023-03-24,000006.SZ,buy,8.391382999999998,400,3356.553199999999,5.0,0.0,O000502,2023-03-23
2023-03-24,000009.SZ,buy,9.110701599999999,300,2733.2104799999997,5.0,0.0,O000503,2023-03-23
2023-03-24,000015.SZ,buy,10.215205,300,3064.5615,5.0,0.0,O000504,2023-03-23
2023-03-24,000019.SZ,buy,11.393181799999999,300,3417.9545399999997,5.0,0.0,O000505,2023-03-23
2023-03-24,000034.SZ,buy,8.7019933,400,3480.79732,5.0,0.0,O000506,2023-03-23
2023-03-24,000038.SZ,buy,12.995682699999998,200,2599.1365399999995,5.0,0.0,O000507,2023-03-23
2023-03-24,000039.SZ,buy,10.886475599999999,300,3265.9426799999997,5.0,0.0,O000508,2023-03-23
2023-03-24,000040.SZ,buy,11.072361299999997,300,3321.7083899999993,5.0,0.0,O000509,2023-03-23
2023-03-24,000046.SZ,buy,12.3191068,200,2463.82136,5.0,0.0,O000510,2023-03-23
2023-03-24,000049.SZ,buy,9.7260163,300,2917.80489,5.0,0.0,O000511,2023-03-23
2023-03-27,000003.SZ,sell,13.2348519,12400,164112.16356000002,41.02804089000001,164.11216356000003,O000512,2023-03-24
2023-03-27,000004.SZ,sell,11.3210676,2200,24906.348719999998,6.226587179999999,24.906348719999997,O000513,2023-03-24
2023-03-27,000037.SZ,sell,9.535155300000001,9100,86769.91323,21.692478307500004,86.76991323000001,O000514,2023-03-24
2023-03-27,000006.SZ,buy,8.373665299999999,1000,8373.665299999999,5.0,0.0,O000515,2023-03-24
2023-03-27,000008.SZ,buy,10.183373199999998,800,8146.698559999999,5.0,0.0,O000516,2023-03-24
2023-03-27,000009.SZ,buy,9.1159068,900,8204.31612,5.0,0.0,O000517,2023-03-24
2023-03-27,000015.SZ,buy,10.1686585,800,8134.926799999999,5.0,0.0,O000518,2023-03-24
2023-03-27,000017.SZ,buy,10.599088499999999,800,8479.270799999998,5.0,0.0,O000519,2023-03-24
2023-03-27,000019.SZ,buy,11.468156699999998,700,8027.709689999999,5.0,0.0,O000520,2023-03-24
2023-03-27,000028.SZ,buy,9.3461368,900,8411.52312,5.0,0.0,O000521,2023-03-24
2023-03-27,000034.SZ,buy,9.0524434,900,8147.19906,5.0,0.0,O000522,2023-03-24
2023-03-27,000038.SZ,buy,13.210196999999997,600,7926.118199999998,5.0,0.0,O000523,2023-03-24
2023-03-27,000049.SZ,buy,9.9020922,800,7921.673760000001,5.0,0.0,O000524,2023-03-24
2023-03-28,000014.SZ,sell,10.5726168,600,6343.57008,5.0,6.34357008,O000525,2023-03-27
2023-03-28,000032.SZ,sell,9.8645256,1500,14796.788400000001,5.0,14.796788400000002,O000526,2023-03-27
2023-03-28,000006.SZ,buy,8.72872,3000,26186.159999999996,6.546539999999999,0.0,O000527,2023-03-27
2023-03-28,000009.SZ,buy,9.3871778,2800,26284.09784,6.571024459999999,0.0,O000528,2023-03-27
2023-03-28,000015.SZ,buy,10.148238099999999,2600,26385.419059999997,6.596354764999999,0.0,O000529,2023-03-27
2023-03-28,000017.SZ,buy,10.604193599999999,2500,26510.483999999997,6.6276209999999995,0.0,O000530,2023-03-27
2023-03-28,000028.SZ,buy,9.056947899999999,2900,26265.148909999996,6.566287227499999,0.0,O000531,2023-03-27
2023-03-28,000034.SZ,buy,9.039730699999998,2900,26215.219029999993,6.553804757499998,0.0,O000532,2023-03-27
2023-03-28,000039.SZ,buy,11.0976866,2400,26634.447839999997,6.658611959999999,0.0,O000533,2023-03-27
2023-03-28,000044.SZ,buy,12.241529299999998,2200,26931.364459999997,6.732841114999999,0.0,O000534,2023-03-27
2023-03-28,000047.SZ,buy,11.317205899999998,2300,26029.573569999993,6.507393392499998,0.0,O000535,2023-03-27
2023-03-28,000049.SZ,buy,10.0483383,2600,26125.679579999996,6.531419894999999,0.0,O000536,2023-03-27
2023-03-29,000024.SZ,sell,8.852538599999999,3500,30983.885099999996,7.745971274999999,30.983885099999995,O000537,2023-03-28
2023-03-29,000046.SZ,sell,11.7036846,2200,25748.10612,6.43702653,25.74810612,O000538,2023-03-28
2023-03-29,000006.SZ,buy,8.976867899999998,400,3590.7471599999994,5.0,0.0,O000539,2023-03-28
2023-03-29,000009.SZ,buy,9.7740643,400,3909.6257199999995,5.0,0.0,O000540,2023-03-28
2023-03-29,000012.SZ,buy,15.228913699999998,200,3045.7827399999996,5.0,0.0,O000541,2023-03-28
2023-03-29,000019.SZ,buy,11.595784199999997,300,3478.735259999999,5.0,0.0,O000542,2023-03-28
2023-03-29,000025.SZ,buy,10.939528599999997,300,3281.858579999999,5.0,0.0,O000543,2023-03-28
2023-03-29,000033.SZ,buy,11.7110994,300,3513.32982,5.0,0.0,O000544,2023-03-28
2023-03-29,000034.SZ,buy,9.148339199999999,400,3659.3356799999997,5.0,0.0,O000545,2023-03-28
2023-03-29,000039.SZ,buy,11.0841731,300,3325.25193,5.0,0.0,O000546,2023-03-28
2023-03-29,000047.SZ,buy,11.6638522,300,3499.15566,5.0,0.0,O000547,2023-03-28
2023-03-29,000049.SZ,buy,10.258648399999998,300,3077.5945199999996,5.0,0.0,O000548,2023-03-28
2023-03-30,000006.SZ,buy,8.8289201,600,5297.352059999999,5.0,0.0,O000549,2023-03-29
2023-03-30,000009.SZ,buy,9.807397599999998,600,5884.438559999999,5.0,0.0,O000550,2023-03-29
2023-03-30,000019.SZ,buy,11.612701099999999,500,5806.350549999999,5.0,0.0,O000551,2023-03-29
2023-03-30,000023.SZ,buy,9.8092995,600,5885.5797,5.0,0.0,O000552,2023-03-29
2023-03-30,000025.SZ,buy,10.883872999999998,500,5441.936499999999,5.0,0.0,O000553,2023-03-29
2023-03-30,000033.SZ,buy,11.792680899999999,500,5896.34045,5.0,0.0,O000554,2023-03-29
2023-03-30,000034.SZ,buy,9.099390299999998,600,5459.634179999999,5.0,0.0,O000555,2023-03-29
2023-03-30,000042.SZ,buy,9.6016921,600,5761.015259999999,5.0,0.0,O000556,2023-03-29
2023-03-30,000047.SZ,buy,11.744532799999998,500,5872.2663999999995,5.0,0.0,O000557,2023-03-29
2023-03-30,000049.SZ,buy,10.220009799999998,500,5110.004899999999,5.0,0.0,O000558,2023-03-29
2023-03-31,000028.SZ,sell,8.7861051,3800,33387.19938,8.346799845,33.38719938,O000559,2023-03-30
2023-03-31,000045.SZ,sell,11.3774112,3400,38683.198079999995,9.67079952,38.68319808,O000560,2023-03-30
2023-04-03,000006.SZ,buy,8.728119399999999,800,6982.4955199999995,5.0,0.0,O000561,2023-03-31
2023-04-03,000009.SZ,buy,10.216706499999999,700,7151.694549999999,5.0,0.0,O000562,2023-03-31
2023-04-03,000014.SZ,buy,10.845234399999999,600,6507.14064,5.0,0.0,O000563,2023-03-31
2023-04-03,000023.SZ,buy,10.413703299999998,700,7289.592309999999,5.0,0.0,O000564,2023-03-31
2023-04-03,000025.SZ,buy,11.4426312,600,6865.5787199999995,5.0,0.0,O000565,2023-03-31
2023-04-03,000026.SZ,buy,10.1066966,700,7074.68762,5.0,0.0,O000566,2023-03-31
2023-04-03,000033.SZ,buy,12.5968843,600,7558.130579999999,5.0,0.0,O000567,2023-03-31
2023-04-03,000035.SZ,buy,8.291182899999999,900,7462.064609999999,5.0,0.0,O000568,2023-03-31
2023-04-03,000039.SZ,buy,11.5692577,600,6941.55462,5.0,0.0,O000569,2023-03-31
2023-04-03,000047.SZ,buy,12.102490399999999,600,7261.494239999999,5.0,0.0,O000570,2023-03-31
2023-04-04,000012.SZ,sell,14.4883971,10000,144883.971,36.22099275,144.883971,O000571,2023-04-03
2023-04-04,000044.SZ,sell,11.5766118,5500,63671.3649,15.917841225,63.6713649,O000572,2023-04-03
2023-04-05,000001.SZ,sell,9.6500403,7100,68515.28613000001,17.1288215325,68.51528613,O000573,2023-04-04
2023-04-05,000006.SZ,sell,8.4380535,6200,52315.9317,13.078982925,52.3159317,O000574,2023-04-04
2023-04-05,000005.SZ,buy,11.1746635,1800,20114.3943,5.028598575,0.0,O000575,2023-04-04
2023-04-05,000009.SZ,buy,10.3129026,1900,19594.514939999997,5.0,0.0,O000576,2023-04-04
2023-04-05,000014.SZ,buy,11.439428,1800,20590.9704,5.1477426,0.0,O000577,2023-04-04
2023-04-05,000017.SZ,buy,10.941730799999998,1800,19695.115439999998,5.0,0.0,O000578,2023-04-04
2023-04-05,000023.SZ,buy,10.374964599999998,1900,19712.432739999997,5.0,0.0,O000579,2023-04-04
2023-04-05,000025.SZ,buy,11.740228499999999,1700,19958.38845,5.0,0.0,O000580,2023-04-04
2023-04-05,000026.SZ,buy,10.542131599999998,1900,20030.050039999995,5.007512509999999,0.0,O000581,2023-04-04
2023-04-05,000030.SZ,buy,8.891882999999998,2300,20451.330899999997,5.112832725,0.0,O000582,2023-04-04
2023-04-05,000033.SZ,buy,12.562650099999999,1600,20100.240159999998,5.02506004,0.0,O000583,2023-04-04
2023-04-05,000047.SZ,buy,12.107395299999999,1700,20582.572009999996,5.145643002499999,0.0,O000584,2023-04-04
2023-04-06,000009.SZ,buy,10.365154799999997,1200,12438.185759999997,5.0,0.0,O000585,2023-04-05
2023-04-06,000014.SZ,buy,11.645734099999999,1100,12810.307509999999,5.0,0.0,O000586,2023-04-05
2023-04-06,000015.SZ,buy,10.3401298,1200,12408.15576,5.0,0.0,O000587,2023-04-05
2023-04-06,000025.SZ,buy,11.557145599999998,1100,12712.860159999998,5.0,0.0,O000588,2023-04-05
2023-04-06,000026.SZ,buy,10.3766663,1200,12451.99956,5.0,0.0,O000589,2023-04-05
2023-04-06,000030.SZ,buy,8.7311224,1400,12223.57136,5.0,0.0,O000590,2023-04-05
2023-04-06,000031.SZ,buy,10.745034299999999,1200,12894.041159999999,5.0,0.0,O000591,2023-04-05
2023-04-06,000033.SZ,buy,12.999386399999999,900,11699.44776,5.0,0.0,O000592,2023-04-05
2023-04-06,000038.SZ,buy,13.572158599999998,900,12214.942739999999,5.0,0.0,O000593,2023-04-05
2023-04-06,000045.SZ,buy,12.278966699999998,1000,12278.966699999997,5.0,0.0,O000594,2023-04-05
2023-04-07,000047.SZ,sell,11.285503199999999,5400,60941.71728,15.23542932,60.94171728,O000595,2023-04-06
2023-04-07,000009.SZ,buy,10.644133499999999,100,1064.4133499999998,5.0,0.0,O000596,2023-04-06
2023-04-07,000014.SZ,buy,11.641730099999998,100,1164.1730099999997,5.0,0.0,O000597,2023-04-06
2023-04-07,000026.SZ,buy,10.4048945,100,1040.48945,5.0,0.0,O000598,2023-04-06
2023-04-07,000028.SZ,buy,9.199990799999998,100,919.9990799999998,5.0,0.0,O000599,2023-04-06
2023-04-07,000030.SZ,buy,8.9108019,100,891.0801899999999,5.0,0.0,O000600,2023-04-06
2023-04-07,000034.SZ,buy,9.6765669,100,967.6566899999999,5.0,0.0,O000601,2023-04-06
2023-04-10,000015.SZ,sell,9.497493,4900,46537.7157,11.634428925,46.5377157,O000602,2023-04-07
2023-04-10,000050.SZ,sell,9.4921983,3000,28476.5949,7.1191487250000005,28.476594900000002,O000603,2023-04-07
2023-04-10,000007.SZ,buy,10.0455355,600,6027.3213,5.0,0.0,O000604,2023-04-07
2023-04-10,000009.SZ,buy,10.7950843,500,5397.542149999999,5.0,0.0,O000605,2023-04-07
2023-04-10,000014.SZ,buy,11.5829714,500,5791.4857,5.0,0.0,O000606,2023-04-07
2023-04-10,000025.SZ,buy,12.429517099999998,500,6214.758549999999,5.0,0.0,O000607,2023-04-07
2023-04-10,000026.SZ,buy,10.583072499999998,600,6349.843499999999,5.0,0.0,O000608,2023-04-07
2023-04-10,000033.SZ,buy,13.843129299999998,400,5537.251719999999,5.0,0.0,O000609,2023-04-07
2023-04-10,000034.SZ,buy,9.6754658,600,5805.27948,5.0,0.0,O000610,2023-04-07
2023-04-10,000036.SZ,buy,12.992779799999997,400,5197.111919999999,5.0,0.0,O000611,2023-04-07
2023-04-10,000038.SZ,buy,13.988474499999999,400,5595.3898,5.0,0.0,O000612,2023-04-07
2023-04-10,000042.SZ,buy,9.837527699999999,600,5902.516619999999,5.0,0.0,O000613,2023-04-07
2023-04-11,000017.SZ,sell,10.7235657,6100,65413.75077,16.353437692500002,65.41375077000001,O000614,2023-04-10
2023-04-11,000031.SZ,sell,9.913476600000001,1200,11896.17192,5.0,11.89617192,O000615,2023-04-10
2023-04-11,000035.SZ,sell,7.9284636,900,7135.61724,5.0,7.135617239999999,O000616,2023-04-10
2023-04-11,000004.SZ,buy,10.466556099999998,700,7326.589269999999,5.0,0.0,O000617,2023-04-10
2023-04-11,000007.SZ,buy,9.804194399999998,800,7843.355519999998,5.0,0.0,O000618,2023-04-10
2023-04-11,000025.SZ,buy,12.769857099999998,600,7661.914259999999,5.0,0.0,O000619,2023-04-10
2023-04-11,000026.SZ,buy,10.7413306,700,7518.93142,5.0,0.0,O000620,2023-04-10
2023-04-11,000033.SZ,buy,13.527614099999997,500,6763.8070499999985,5.0,0.0,O000621,2023-04-10
2023-04-11,000034.SZ,buy,9.724815099999999,800,7779.852079999999,5.0,0.0,O000622,2023-04-10
2023-04-11,000036.SZ,buy,13.423510099999998,500,6711.755049999999,5.0,0.0,O000623,2023-04-10
2023-04-11,000038.SZ,buy,14.045031,500,7022.5154999999995,5.0,0.0,O000624,2023-04-10
2023-04-11,000040.SZ,buy,11.174563399999998,700,7822.194379999999,5.0,0.0,O000625,2023-04-10
2023-04-11,000043.SZ,buy,10.65064,700,7455.447999999999,5.0,0.0,O000626,2023-04-10
2023-04-12,000007.SZ,buy,10.3915812,800,8313.264959999999,5.0,0.0,O000627,2023-04-11
2023-04-12,000019.SZ,buy,12.0996876,700,8469.78132,5.0,0.0,O000628,2023-04-11
2023-04-12,000021.SZ,buy,11.719207499999998,700,8203.445249999999,5.0,0.0,O000629,2023-04-11
2023-04-12,000025.SZ,buy,13.0098969,600,7805.938139999999,5.0,0.0,O000630,2023-04-11
2023-04-12,000028.SZ,buy,9.330521199999998,900,8397.469079999999,5.0,0.0,O000631,2023-04-11
2023-04-12,000033.SZ,buy,13.802688899999998,600,8281.613339999998,5.0,0.0,O000632,2023-04-11
2023-04-12,000034.SZ,buy,10.015205199999999,800,8012.164159999999,5.0,0.0,O000633,2023-04-11
2023-04-12,000036.SZ,buy,13.631918299999999,600,8179.150979999999,5.0,0.0,O000634,2023-04-11
2023-04-12,000038.SZ,buy,14.177963799999999,600,8506.778279999999,5.0,0.0,O000635,2023-04-11
2023-04-12,000043.SZ,buy,10.550339799999998,800,8440.271839999998,5.0,0.0,O000636,2023-04-11
2023-04-13,000039.SZ,sell,10.6759134,5800,61920.29772,15.48007443,61.92029772,O000637,2023-04-12
2023-04-13,000005.SZ,buy,11.318707399999997,100,1131.8707399999998,5.0,0.0,O000638,2023-04-12
2023-04-13,000007.SZ,buy,10.1686585,100,1016.8658499999999,5.0,0.0,O000639,2023-04-12
2023-04-13,000034.SZ,buy,10.099589499999999,100,1009.9589499999998,5.0,0.0,O000640,2023-04-12
2023-04-13,000043.SZ,buy,10.546836299999999,100,1054.68363,5.0,0.0,O000641,2023-04-12
2023-04-14,000014.SZ,sell,10.9788102,4100,45013.12182,11.253280455,45.01312182,O000642,2023-04-13
2023-04-14,000042.SZ,sell,9.2180727,1200,11061.687240000001,5.0,11.061687240000001,O000643,2023-04-13
2023-04-14,000007.SZ,buy,10.505294799999998,600,6303.176879999999,5.0,0.0,O000644,2023-04-13
2023-04-14,000011.SZ,buy,9.388779399999999,700,6572.145579999999,5.0,0.0,O000645,2023-04-13
2023-04-14,000017.SZ,buy,11.574062499999998,500,5787.031249999999,5.0,0.0,O000646,2023-04-13
2023-04-14,000019.SZ,buy,12.211799599999999,500,6105.899799999999,5.0,0.0,O000647,2023-04-13
2023-04-14,000021.SZ,buy,11.621409799999999,500,5810.7049,5.0,0.0,O000648,2023-04-13
2023-04-14,000025.SZ,buy,13.0678548,500,6533.9274,5.0,0.0,O000649,2023-04-13
2023-04-14,000028.SZ,buy,9.603894299999999,600,5762.336579999999,5.0,0.0,O000650,2023-04-13
2023-04-14,000030.SZ,buy,9.233424199999998,700,6463.396939999999,5.0,0.0,O000651,2023-04-13
2023-04-14,000038.SZ,buy,14.569554999999998,400,5827.821999999999,5.0,0.0,O000652,2023-04-13
2023-04-14,000048.SZ,buy,8.901592699999998,700,6231.114889999999,5.0,0.0,O000653,2023-04-13
2023-04-17,000008.SZ,sell,9.888301799999999,4200,41530.86756,10.38271689,41.53086756,O000654,2023-04-14
2023-04-17,000026.SZ,sell,9.9932967,5200,51965.14284,12.99128571,51.96514284,O000655,2023-04-14
2023-04-17,000033.SZ,sell,13.1223645,11100,145658.24595,36.4145614875,145.65824595,O000656,2023-04-14
2023-04-17,000005.SZ,buy,11.615103499999998,500,5807.551749999999,5.0,0.0,O000657,2023-04-14
2023-04-17,000007.SZ,buy,10.971060099999999,500,5485.530049999999,5.0,0.0,O000658,2023-04-14
2023-04-17,000011.SZ,buy,9.4798704,600,5687.92224,5.0,0.0,O000659,2023-04-14
2023-04-17,000019.SZ,buy,12.075063,500,6037.5315,5.0,0.0,O000660,2023-04-14
2023-04-17,000025.SZ,buy,13.377364,400,5350.9456,5.0,0.0,O000661,2023-04-14
2023-04-17,000028.SZ,buy,9.678368699999998,600,5807.021219999999,5.0,0.0,O000662,2023-04-14
2023-04-17,000030.SZ,buy,9.1345254,600,5480.7152399999995,5.0,0.0,O000663,2023-04-14
2023-04-17,000038.SZ,buy,14.664649999999998,400,5865.86,5.0,0.0,O000664,2023-04-14
2023-04-17,000045.SZ,buy,12.2344222,400,4893.76888,5.0,0.0,O000665,2023-04-14
2023-04-17,000048.SZ,buy,9.109900799999998,600,5465.940479999999,5.0,0.0,O000666,2023-04-14
2023-04-18,000023.SZ,sell,9.5019885,3200,30406.3632,7.6015908,30.4063632,O000667,2023-04-17
2023-04-18,000049.SZ,sell,9.5257647,4500,42865.94115,10.7164852875,42.86594115,O000668,2023-04-17
2023-04-18,000004.SZ,buy,11.113102,2100,23337.514199999998,5.834378549999999,0.0,O000669,2023-04-17
2023-04-18,000007.SZ,buy,10.806695899999998,2100,22694.061389999995,5.673515347499999,0.0,O000670,2023-04-17
2023-04-18,000018.SZ,buy,12.940928,1800,23293.6704,5.8234176,0.0,O000671,2023-04-17
2023-04-18,000025.SZ,buy,13.191878699999998,1700,22426.193789999998,5.6065484475,0.0,O000672,2023-04-17
2023-04-18,000028.SZ,buy,9.521812299999999,2400,22852.349519999996,5.713087379999999,0.0,O000673,2023-04-17
2023-04-18,000030.SZ,buy,9.328819499999998,2500,23322.048749999994,5.830512187499998,0.0,O000674,2023-04-17
2023-04-18,000031.SZ,buy,10.5002898,2200,23100.63756,5.77515939,0.0,O000675,2023-04-17
2023-04-18,000045.SZ,buy,12.3717594,1800,22269.16692,5.56729173,0.0,O000676,2023-04-17
2023-04-18,000046.SZ,buy,12.8966838,1800,23214.03084,5.80350771,0.0,O000677,2023-04-17
2023-04-18,000048.SZ,buy,8.9625536,2600,23302.639359999997,5.825659839999999,0.0,O000678,2023-04-17
2023-04-19,000034.SZ,sell,9.435055499999999,7600,71706.4218,17.92660545,71.7064218,O000679,2023-04-18
2023-04-19,000004.SZ,buy,11.4296182,700,8000.73274,5.0,0.0,O000680,2023-04-18
2023-04-19,000010.SZ,buy,9.6520424,800,7721.633919999999,5.0,0.0,O000681,2023-04-18
2023-04-19,000018.SZ,buy,12.932219299999998,600,7759.331579999999,5.0,0.0,O000682,2023-04-18
2023-04-19,000020.SZ,buy,8.617609,900,7755.8481,5.0,0.0,O000683,2023-04-18
2023-04-19,000027.SZ,buy,9.153444299999999,900,8238.099869999998,5.0,0.0,O000684,2023-04-18
2023-04-19,000030.SZ,buy,9.3840747,900,8445.66723,5.0,0.0,O000685,2023-04-18
2023-04-19,000031.SZ,buy,10.377166799999998,800,8301.733439999998,5.0,0.0,O000686,2023-04-18
2023-04-19,000040.SZ,buy,11.538526999999998,700,8076.968899999999,5.0,0.0,O000687,2023-04-18
2023-04-19,000045.SZ,buy,12.763050299999998,600,7657.830179999999,5.0,0.0,O000688,2023-04-18
2023-04-19,000046.SZ,buy,12.9097969,600,7745.87814,5.0,0.0,O000689,2023-04-18
2023-04-20,000004.SZ,buy,11.239328099999998,600,6743.596859999999,5.0,0.0,O000690,2023-04-19
2023-04-20,000019.SZ,buy,13.0011882,600,7800.71292,5.0,0.0,O000691,2023-04-19
2023-04-20,000025.SZ,buy,13.912598699999998,500,6956.299349999999,5.0,0.0,O000692,2023-04-19
2023-04-20,000027.SZ,buy,9.2589497,800,7407.1597600000005,5.0,0.0,O000693,2023-04-19
2023-04-20,000028.SZ,buy,9.530320799999998,800,7624.256639999999,5.0,0.0,O000694,2023-04-19
2023-04-20,000030.SZ,buy,9.72972,800,7783.776,5.0,0.0,O000695,2023-04-19
2023-04-20,000031.SZ,buy,10.3834731,700,7268.43117,5.0,0.0,O000696,2023-04-19
2023-04-20,000035.SZ,buy,8.3075993,900,7476.83937,5.0,0.0,O000697,2023-04-19
2023-04-20,000038.SZ,buy,15.006891899999998,500,7503.445949999998,5.0,0.0,O000698,2023-04-19
2023-04-20,000045.SZ,buy,12.513300799999998,600,7507.980479999998,5.0,0.0,O000699,2023-04-19
2023-04-21,000011.SZ,sell,8.804187,1300,11445.4431,5.0,11.4454431,O000700,2023-04-20
2023-04-21,000017.SZ,sell,11.1737151,500,5586.857550000001,5.0,5.58685755,O000701,2023-04-20
2023-04-24,000040.SZ,sell,10.9357533,3800,41555.86254,10.388965635,41.55586254,O000702,2023-04-21
2023-04-24,000004.SZ,buy,11.531419899999998,200,2306.2839799999997,5.0,0.0,O000703,2023-04-21
2023-04-24,000008.SZ,buy,10.402191799999999,200,2080.4383599999996,5.0,0.0,O000704,2023-04-21
2023-04-24,000009.SZ,buy,10.9397288,200,2187.94576,5.0,0.0,O000705,2023-04-21
2023-04-24,000019.SZ,buy,13.179366199999999,100,1317.93662,5.0,0.0,O000706,2023-04-21
2023-04-24,000027.SZ,buy,9.2531439,200,1850.62878,5.0,0.0,O000707,2023-04-21
2023-04-24,000030.SZ,buy,9.5750655,200,1915.0131,5.0,0.0,O000708,2023-04-21
2023-04-24,000033.SZ,buy,13.550436899999998,100,1355.0436899999997,5.0,0.0,O000709,2023-04-21
2023-04-24,000036.SZ,buy,13.8896758,100,1388.96758,5.0,0.0,O000710,2023-04-21
2023-04-24,000039.SZ,buy,10.990379399999998,200,2198.07588,5.0,0.0,O000711,2023-04-21
2023-04-24,000046.SZ,buy,12.9532403,100,1295.32403,5.0,0.0,O000712,2023-04-21
2023-04-25,000043.SZ,sell,9.924965100000001,1600,15879.944160000003,5.0,15.879944160000003,O000713,2023-04-24
2023-04-25,000004.SZ,buy,11.6382266,300,3491.46798,5.0,0.0,O000714,2023-04-24
2023-04-25,000009.SZ,buy,11.310298999999999,400,4524.119599999999,5.0,0.0,O000715,2023-04-24
2023-04-25,000019.SZ,buy,13.788775,300,4136.6325,5.0,0.0,O000716,2023-04-24
2023-04-25,000025.SZ,buy,13.920806899999999,300,4176.242069999999,5.0,0.0,O000717,2023-04-24
2023-04-25,000027.SZ,buy,9.224915699999999,500,4612.457849999999,5.0,0.0,O000718,2023-04-24
2023-04-25,000033.SZ,buy,13.760746999999999,300,4128.224099999999,5.0,0.0,O000719,2023-04-24
2023-04-25,000036.SZ,buy,13.746732999999999,300,4124.019899999999,5.0,0.0,O000720,2023-04-24
2023-04-25,000037.SZ,buy,9.244335099999999,500,4622.167549999999,5.0,0.0,O000721,2023-04-24
2023-04-25,000042.SZ,buy,9.1826735,500,4591.33675,5.0,0.0,O000722,2023-04-24
2023-04-25,000047.SZ,buy,11.7058942,300,3511.76826,5.0,0.0,O000723,2023-04-24
2023-04-26,000018.SZ,sell,12.4773102,2400,29945.54448,7.486386120000001,29.945544480000002,O000724,2023-04-25
2023-04-26,000002.SZ,buy,8.163054899999999,200,1632.6109799999997,5.0,0.0,O000725,2023-04-25
2023-04-26,000005.SZ,buy,11.996784799999999,100,1199.6784799999998,5.0,0.0,O000726,2023-04-25
2023-04-26,000007.SZ,buy,11.149538399999999,100,1114.95384,5.0,0.0,O000727,2023-04-25
2023-04-26,000011.SZ,buy,9.248138899999999,200,1849.6277799999998,5.0,0.0,O000728,2023-04-25
2023-04-26,000014.SZ,buy,11.474963499999998,100,1147.4963499999997,5.0,0.0,O000729,2023-04-25
2023-04-26,000019.SZ,buy,13.780666899999998,100,1378.0666899999999,5.0,0.0,O000730,2023-04-25
2023-04-26,000033.SZ,buy,13.743029299999998,100,1374.3029299999998,5.0,0.0,O000731,2023-04-25
2023-04-26,000036.SZ,buy,13.8665527,100,1386.65527,5.0,0.0,O000732,2023-04-25
2023-04-26,000038.SZ,buy,15.192377199999997,100,1519.2377199999999,5.0,0.0,O000733,2023-04-25
2023-04-26,000039.SZ,buy,10.9404295,100,1094.04295,5.0,0.0,O000734,2023-04-25
2023-04-27,000021.SZ,sell,11.1874014,3600,40274.64504,10.06866126,40.27464504,O000735,2023-04-26
2023-04-27,000027.SZ,sell,8.9732178,2400,21535.72272,5.383930680000001,21.535722720000003,O000736,2023-04-26
2023-04-27,000047.SZ,sell,11.2613274,300,3378.39822,5.0,3.3783982200000002,O000737,2023-04-26
2023-04-27,000005.SZ,buy,12.0882762,300,3626.4828599999996,5.0,0.0,O000738,2023-04-26
2023-04-27,000007.SZ,buy,10.989978999999998,300,3296.9936999999995,5.0,0.0,O000739,2023-04-26
2023-04-27,000013.SZ,buy,10.822912099999998,300,3246.8736299999996,5.0,0.0,O000740,2023-04-26
2023-04-27,000014.SZ,buy,11.8522404,300,3555.6721199999997,5.0,0.0,O000741,2023-04-26
2023-04-27,000019.SZ,buy,13.515301799999998,200,2703.0603599999995,5.0,0.0,O000742,2023-04-26
2023-04-27,000031.SZ,buy,10.961951,300,3288.5852999999997,5.0,0.0,O000743,2023-04-26
2023-04-27,000033.SZ,buy,13.634721099999998,200,2726.94422,5.0,0.0,O000744,2023-04-26
2023-04-27,000039.SZ,buy,11.1763652,300,3352.9095599999996,5.0,0.0,O000745,2023-04-26
2023-04-27,000044.SZ,buy,11.351440099999998,300,3405.4320299999995,5.0,0.0,O000746,2023-04-26
2023-04-27,000046.SZ,buy,13.052739699999998,200,2610.5479399999995,5.0,0.0,O000747,2023-04-26
2023-04-28,000008.SZ,sell,10.0345554,200,2006.91108,5.0,2.00691108,O000748,2023-04-27
2023-04-28,000028.SZ,sell,9.573417000000001,5400,51696.4518,12.924112950000001,51.696451800000006,O000749,2023-04-27
2023-04-28,000037.SZ,sell,8.7285627,500,4364.281349999999,5.0,4.36428135,O000750,2023-04-27
2023-04-28,000048.SZ,sell,8.519072399999999,3900,33224.382359999996,8.30609559,33.22438236,O000751,2023-04-27
2023-04-28,000009.SZ,buy,11.051039999999999,600,6630.623999999999,5.0,0.0,O000752,2023-04-27
2023-04-28,000010.SZ,buy,9.783673899999998,600,5870.204339999999,5.0,0.0,O000753,2023-04-27
2023-04-28,000011.SZ,buy,9.455646199999999,700,6618.952339999999,5.0,0.0,O000754,2023-04-27
2023-04-28,000013.SZ,buy,10.661650999999999,600,6396.990599999999,5.0,0.0,O000755,2023-04-27
2023-04-28,000014.SZ,buy,11.8109992,500,5905.4996,5.0,0.0,O000756,2023-04-27
2023-04-28,000025.SZ,buy,13.8253115,400,5530.1246,5.0,0.0,O000757,2023-04-27
2023-04-28,000031.SZ,buy,11.1178067,600,6670.68402,5.0,0.0,O000758,2023-04-27
2023-04-28,000033.SZ,buy,13.9298159,400,5571.9263599999995,5.0,0.0,O000759,2023-04-27
2023-04-28,000036.SZ,buy,14.033919899999999,400,5613.567959999999,5.0,0.0,O000760,2023-04-27
2023-04-28,000039.SZ,buy,11.693181499999998,500,5846.590749999999,5.0,0.0,O000761,2023-04-27
2023-05-01,000006.SZ,buy,7.891883999999999,1200,9470.260799999998,5.0,0.0,O000762,2023-04-28
2023-05-01,000009.SZ,buy,11.5853738,800,9268.29904,5.0,0.0,O000763,2023-04-28
2023-05-01,000010.SZ,buy,9.811801999999998,900,8830.621799999999,5.0,0.0,O000764,2023-04-28
2023-05-01,000011.SZ,buy,9.3584491,1000,9358.4491,5.0,0.0,O000765,2023-04-28
2023-05-01,000015.SZ,buy,10.4448344,900,9400.35096,5.0,0.0,O000766,2023-04-28
2023-05-01,000019.SZ,buy,13.932618699999997,600,8359.571219999998,5.0,0.0,O000767,2023-04-28
2023-05-01,000031.SZ,buy,10.8819711,800,8705.576879999999,5.0,0.0,O000768,2023-04-28
2023-05-01,000039.SZ,buy,11.712701,800,9370.1608,5.0,0.0,O000769,2023-04-28
2023-05-01,000045.SZ,buy,13.0011882,700,9100.83174,5.0,0.0,O000770,2023-04-28
2023-05-01,000050.SZ,buy,9.876566699999998,900,8888.910029999997,5.0,0.0,O000771,2023-04-28
2023-05-02,000007.SZ,sell,10.638350999999998,5900,62766.27089999999,15.691567724999997,62.76627089999999,O000772,2023-05-01
2023-05-02,000001.SZ,buy,9.9875776,100,998.75776,5.0,0.0,O000773,2023-05-01
2023-05-02,000002.SZ,buy,8.255046799999999,100,825.5046799999999,5.0,0.0,O000774,2023-05-01
2023-05-02,000010.SZ,buy,10.006096099999999,100,1000.6096099999999,5.0,0.0,O000775,2023-05-01
2023-05-02,000015.SZ,buy,10.222211999999999,100,1022.2212,5.0,0.0,O000776,2023-05-01
2023-05-02,000024.SZ,buy,7.689181499999999,100,768.91815,5.0,0.0,O000777,2023-05-01
2023-05-03,000011.SZ,sell,8.9034876,1900,16916.62644,5.0,16.91662644,O000778,2023-05-02
2023-05-03,000042.SZ,sell,8.7319593,500,4365.97965,5.0,4.36597965,O000779,2023-05-02
2023-05-03,000001.SZ,buy,10.093383299999998,600,6056.029979999998,5.0,0.0,O000780,2023-05-02
2023-05-03,000005.SZ,buy,12.517004499999999,500,6258.50225,5.0,0.0,O000781,2023-05-02
2023-05-03,000009.SZ,buy,11.774262499999997,500,5887.1312499999985,5.0,0.0,O000782,2023-05-02
2023-05-03,000013.SZ,buy,10.685374699999999,600,6411.224819999999,5.0,0.0,O000783,2023-05-02
2023-05-03,000015.SZ,buy,10.209799599999998,600,6125.879759999999,5.0,0.0,O000784,2023-05-02
2023-05-03,000024.SZ,buy,7.789081299999999,800,6231.265039999999,5.0,0.0,O000785,2023-05-02
2023-05-03,000029.SZ,buy,9.8556458,600,5913.387479999999,5.0,0.0,O000786,2023-05-02
2023-05-03,000039.SZ,buy,12.003291299999999,500,6001.6456499999995,5.0,0.0,O000787,2023-05-02
2023-05-03,000044.SZ,buy,11.706394699999997,500,5853.197349999999,5.0,0.0,O000788,2023-05-02
2023-05-03,000045.SZ,buy,13.409696299999998,400,5363.878519999999,5.0,0.0,O000789,2023-05-02
2023-05-04,000014.SZ,sell,11.1631257,900,10046.81313,5.0,10.04681313,O000790,2023-05-03
2023-05-04,000001.SZ,buy,10.169058899999998,200,2033.8117799999995,5.0,0.0,O000791,2023-05-03
2023-05-04,000002.SZ,buy,8.4573489,300,2537.20467,5.0,0.0,O000792,2023-05-03
2023-05-04,000009.SZ,buy,11.413101699999999,200,2282.6203399999995,5.0,0.0,O000793,2023-05-03
2023-05-04,000015.SZ,buy,10.3936833,200,2078.73666,5.0,0.0,O000794,2023-05-03
2023-05-04,000021.SZ,buy,12.115603499999999,200,2423.1207,5.0,0.0,O000795,2023-05-03
2023-05-04,000024.SZ,buy,7.902294399999999,300,2370.6883199999997,5.0,0.0,O000796,2023-05-03
2023-05-04,000033.SZ,buy,14.460746299999998,200,2892.1492599999997,5.0,0.0,O000797,2023-05-03
2023-05-04,000038.SZ,buy,15.929613699999999,100,1592.96137,5.0,0.0,O000798,2023-05-03
2023-05-04,000039.SZ,buy,12.389777399999998,200,2477.9554799999996,5.0,0.0,O000799,2023-05-03
2023-05-04,000047.SZ,buy,12.0125005,200,2402.5000999999997,5.0,0.0,O000800,2023-05-03
2023-05-05,000031.SZ,sell,10.681807500000001,5400,57681.76050000001,14.420440125000002,57.68176050000001,O000801,2023-05-04
2023-05-05,000050.SZ,sell,9.1593315,900,8243.39835,5.0,8.24339835,O000802,2023-05-04
2023-05-05,000001.SZ,buy,10.428417999999999,100,1042.8418,5.0,0.0,O000803,2023-05-04
2023-05-05,000005.SZ,buy,13.176263099999998,100,1317.6263099999999,5.0,0.0,O000804,2023-05-04
2023-05-05,000015.SZ,buy,10.330019699999998,100,1033.0019699999998,5.0,0.0,O000805,2023-05-04
2023-05-05,000021.SZ,buy,11.8744626,100,1187.44626,5.0,0.0,O000806,2023-05-04
2023-05-05,000038.SZ,buy,15.561646099999997,100,1556.1646099999998,5.0,0.0,O000807,2023-05-04
2023-05-05,000043.SZ,buy,10.0539439,100,1005.39439,5.0,0.0,O000808,2023-05-04
2023-05-05,000045.SZ,buy,13.124611499999999,100,1312.4611499999999,5.0,0.0,O000809,2023-05-04
2023-05-05,000046.SZ,buy,13.637824199999999,100,1363.78242,5.0,0.0,O000810,2023-05-04
2023-05-05,000047.SZ,buy,11.931819899999999,100,1193.1819899999998,5.0,0.0,O000811,2023-05-04
2023-05-05,000049.SZ,buy,9.780270499999999,100,978.0270499999998,5.0,0.0,O000812,2023-05-04
2023-05-08,000002.SZ,sell,7.874117999999999,600,4724.470799999999,5.0,4.724470799999999,O000813,2023-05-05
2023-05-08,000009.SZ,sell,11.271716999999999,15000,169075.75499999998,42.26893875,169.075755,O000814,2023-05-05
2023-05-08,000015.SZ,sell,10.115973899999998,1900,19220.350409999995,5.0,19.220350409999995,O000815,2023-05-05
2023-05-08,000044.SZ,sell,10.8044847,800,8643.58776,5.0,8.64358776,O000816,2023-05-05
2023-05-08,000001.SZ,buy,10.461651199999999,600,6276.990719999999,5.0,0.0,O000817,2023-05-05
2023-05-08,000005.SZ,buy,12.8852724,500,6442.6362,5.0,0.0,O000818,2023-05-05
2023-05-08,000016.SZ,buy,7.128221099999999,900,6415.39899,5.0,0.0,O000819,2023-05-05
2023-05-08,000017.SZ,buy,11.5739624,500,5786.981199999999,5.0,0.0,O000820,2023-05-05
2023-05-08,000020.SZ,buy,8.895186299999999,700,6226.630409999999,5.0,0.0,O000821,2023-05-05
2023-05-08,000021.SZ,buy,12.201189,500,6100.594499999999,5.0,0.0,O000822,2023-05-05
2023-05-08,000026.SZ,buy,10.303993699999998,600,6182.396219999999,5.0,0.0,O000823,2023-05-05
2023-05-08,000033.SZ,buy,14.612197599999998,400,5844.879039999999,5.0,0.0,O000824,2023-05-05
2023-05-08,000046.SZ,buy,14.073959899999998,400,5629.583959999999,5.0,0.0,O000825,2023-05-05
2023-05-08,000047.SZ,buy,12.1698577,500,6084.92885,5.0,0.0,O000826,2023-05-05
2023-05-09,000035.SZ,sell,8.0424495,900,7238.20455,5.0,7.238204550000001,O000827,2023-05-08
2023-05-09,000016.SZ,buy,7.112805699999999,2800,19915.855959999997,5.0,0.0,O000828,2023-05-08
2023-05-09,000020.SZ,buy,9.095286199999999,2200,20009.629639999996,5.002407409999999,0.0,O000829,2023-05-08
2023-05-09,000021.SZ,buy,12.003491499999999,1600,19205.5864,5.0,0.0,O000830,2023-05-08
2023-05-09,000026.SZ,buy,10.028018,2000,20056.036,5.014009,0.0,O000831,2023-05-08
2023-05-09,000028.SZ,buy,10.296686399999999,1900,19563.704159999998,5.0,0.0,O000832,2023-05-08
2023-05-09,000029.SZ,buy,10.016906899999999,2000,20033.813799999996,5.008453449999999,0.0,O000833,2023-05-08
2023-05-09,000033.SZ,buy,14.3701558,1400,20118.218119999998,5.0295545299999995,0.0,O000834,2023-05-08
2023-05-09,000034.SZ,buy,9.3140047,2100,19559.40987,5.0,0.0,O000835,2023-05-08
2023-05-09,000037.SZ,buy,8.9661572,2200,19725.54584,5.0,0.0,O000836,2023-05-08
2023-05-09,000046.SZ,buy,14.492578099999998,1300,18840.351529999996,5.0,0.0,O000837,2023-05-08
2023-05-10,000024.SZ,sell,7.4454471,1200,8934.53652,5.0,8.93453652,O000838,2023-05-09
2023-05-10,000043.SZ,sell,9.2171736,100,921.7173600000001,5.0,0.9217173600000002,O000839,2023-05-09
2023-05-10,000006.SZ,buy,8.204095899999999,200,1640.8191799999997,5.0,0.0,O000840,2023-05-09
2023-05-10,000014.SZ,buy,11.736624899999999,100,1173.66249,5.0,0.0,O000841,2023-05-09
2023-05-10,000016.SZ,buy,7.1419348,200,1428.3869599999998,5.0,0.0,O000842,2023-05-09
2023-05-10,000020.SZ,buy,8.958049099999998,200,1791.6098199999997,5.0,0.0,O000843,2023-05-09
2023-05-10,000027.SZ,buy,9.035826799999999,200,1807.1653599999997,5.0,0.0,O000844,2023-05-09
2023-05-10,000028.SZ,buy,10.594283699999998,100,1059.4283699999999,5.0,0.0,O000845,2023-05-09
2023-05-10,000030.SZ,buy,9.757047299999998,200,1951.4094599999996,5.0,0.0,O000846,2023-05-09
2023-05-10,000034.SZ,buy,9.352242899999998,200,1870.4485799999998,5.0,0.0,O000847,2023-05-09
2023-05-10,000037.SZ,buy,8.980671699999998,200,1796.1343399999996,5.0,0.0,O000848,2023-05-09
2023-05-10,000046.SZ,buy,14.363349,100,1436.3348999999998,5.0,0.0,O000849,2023-05-09
2023-05-11,000045.SZ,sell,12.4788087,5600,69881.32872,17.470332180000003,69.88132872000001,O000850,2023-05-10
2023-05-11,000047.SZ,sell,11.5187697,800,9215.01576,5.0,9.21501576,O000851,2023-05-10
2023-05-11,000007.SZ,buy,10.559148599999999,100,1055.9148599999999,5.0,0.0,O000852,2023-05-10
2023-05-11,000016.SZ,buy,7.210503299999999,200,1442.1006599999998,5.0,0.0,O000853,2023-05-10
2023-05-11,000020.SZ,buy,9.112303199999998,100,911.2303199999998,5.0,0.0,O000854,2023-05-10
2023-05-11,000023.SZ,buy,9.808098299999997,100,980.8098299999997,5.0,0.0,O000855,2023-05-10
2023-05-11,000027.SZ,buy,9.434425,100,943.4424999999999,5.0,0.0,O000856,2023-05-10
2023-05-11,000028.SZ,buy,10.6861755,100,1068.61755,5.0,0.0,O000857,2023-05-10
2023-05-11,000030.SZ,buy,10.118808699999999,100,1011.8808699999998,5.0,0.0,O000858,2023-05-10
2023-05-11,000034.SZ,buy,9.4268174,100,942.6817399999999,5.0,0.0,O000859,2023-05-10
2023-05-11,000037.SZ,buy,9.223514299999998,100,922.3514299999998,5.0,0.0,O000860,2023-05-10
2023-05-11,000046.SZ,buy,14.089475399999998,100,1408.9475399999997,5.0,0.0,O000861,2023-05-10
2023-05-12,000017.SZ,sell,10.368021599999999,500,5184.010799999999,5.0,5.184010799999999,O000862,2023-05-11
2023-05-12,000020.SZ,buy,9.145636499999998,800,7316.509199999999,5.0,0.0,O000863,2023-05-11
2023-05-12,000023.SZ,buy,10.017307299999999,700,7012.115109999999,5.0,0.0,O000864,2023-05-11
2023-05-12,000027.SZ,buy,9.683173499999999,800,7746.538799999999,5.0,0.0,O000865,2023-05-11
2023-05-12,000028.SZ,buy,10.458147699999998,700,7320.703389999999,5.0,0.0,O000866,2023-05-11
2023-05-12,000030.SZ,buy,10.043633599999998,700,7030.543519999998,5.0,0.0,O000867,2023-05-11
2023-05-12,000031.SZ,buy,11.257546299999998,700,7880.282409999999,5.0,0.0,O000868,2023-05-11
2023-05-12,000034.SZ,buy,9.5208113,800,7616.64904,5.0,0.0,O000869,2023-05-11
2023-05-12,000037.SZ,buy,9.5919824,800,7673.5859199999995,5.0,0.0,O000870,2023-05-11
2023-05-12,000046.SZ,buy,14.579464899999998,500,7289.732449999999,5.0,0.0,O000871,2023-05-11
2023-05-12,000050.SZ,buy,9.674064399999999,800,7739.251519999999,5.0,0.0,O000872,2023-05-11
2023-05-15,000014.SZ,sell,11.3197689,100,1131.97689,5.0,1.13197689,O000873,2023-05-12
2023-05-15,000025.SZ,sell,13.0487382,11300,147450.74166,36.862685415,147.45074166,O000874,2023-05-12
2023-05-15,000006.SZ,buy,8.5297212,100,852.9721199999999,5.0,0.0,O000875,2023-05-12
2023-05-15,000023.SZ,buy,10.038328299999998,100,1003.8328299999998,5.0,0.0,O000876,2023-05-12
2023-05-15,000027.SZ,buy,9.711902199999999,100,971.19022,5.0,0.0,O000877,2023-05-12
2023-05-15,000028.SZ,buy,10.7322215,100,1073.22215,5.0,0.0,O000878,2023-05-12
2023-05-15,000034.SZ,buy,9.7106009,100,971.06009,5.0,0.0,O000879,2023-05-12
2023-05-15,000037.SZ,buy,9.9035937,100,990.35937,5.0,0.0,O000880,2023-05-12
2023-05-15,000048.SZ,buy,9.025916899999999,100,902.5916899999999,5.0,0.0,O000881,2023-05-12
2023-05-15,000050.SZ,buy,9.6650554,100,966.50554,5.0,0.0,O000882,2023-05-12
2023-05-16,000029.SZ,sell,9.5569335,2600,24848.0271,6.212006775,24.8480271,O000883,2023-05-15
2023-05-16,000036.SZ,sell,13.5997866,2400,32639.487839999998,8.15987196,32.63948784,O000884,2023-05-15
2023-05-16,000003.SZ,buy,12.404792399999998,1100,13645.271639999997,5.0,0.0,O000885,2023-05-15
2023-05-16,000004.SZ,buy,12.374361999999998,1100,13611.798199999997,5.0,0.0,O000886,2023-05-15
2023-05-16,000005.SZ,buy,13.030917899999997,1100,14334.009689999997,5.0,0.0,O000887,2023-05-15
2023-05-16,000012.SZ,buy,14.575661099999998,1000,14575.661099999998,5.0,0.0,O000888,2023-05-15
2023-05-16,000023.SZ,buy,10.493483,1400,14690.876199999999,5.0,0.0,O000889,2023-05-15
2023-05-16,000027.SZ,buy,9.831521699999998,1400,13764.130379999997,5.0,0.0,O000890,2023-05-15
2023-05-16,000030.SZ,buy,10.647336699999999,1300,13841.537709999999,5.0,0.0,O000891,2023-05-15
2023-05-16,000037.SZ,buy,9.618108499999998,1500,14427.162749999998,5.0,0.0,O000892,2023-05-15
2023-05-16,000038.SZ,buy,16.4385221,800,13150.81768,5.0,0.0,O000893,2023-05-15
2023-05-16,000048.SZ,buy,8.897288399999999,1600,14235.661439999998,5.0,0.0,O000894,2023-05-15
2023-05-17,000006.SZ,sell,7.9604316,1500,11940.6474,5.0,11.9406474,O000895,2023-05-16
2023-05-17,000013.SZ,sell,10.234155600000001,1500,15351.233400000001,5.0,15.351233400000002,O000896,2023-05-16
2023-05-17,000028.SZ,sell,10.190099700000001,2900,29551.289130000005,7.387822282500001,29.551289130000004,O000897,2023-05-16
2023-05-17,000003.SZ,buy,12.691178499999998,500,6345.589249999999,5.0,0.0,O000898,2023-05-16
2023-05-17,000004.SZ,buy,12.4124,500,6206.2,5.0,0.0,O000899,2023-05-16
2023-05-17,000009.SZ,buy,11.8591473,500,5929.57365,5.0,0.0,O000900,2023-05-16
2023-05-17,000011.SZ,buy,9.6505409,700,6755.378629999999,5.0,0.0,O000901,2023-05-16
2023-05-17,000018.SZ,buy,10.9811702,600,6588.70212,5.0,0.0,O000902,2023-05-16
2023-05-17,000023.SZ,buy,10.442832399999999,600,6265.699439999999,5.0,0.0,O000903,2023-05-16
2023-05-17,000027.SZ,buy,9.7161064,700,6801.274479999999,5.0,0.0,O000904,2023-05-16
2023-05-17,000030.SZ,buy,10.711901199999998,600,6427.1407199999985,5.0,0.0,O000905,2023-05-16
2023-05-17,000037.SZ,buy,9.7780683,700,6844.6478099999995,5.0,0.0,O000906,2023-05-16
2023-05-17,000049.SZ,buy,9.8117019,700,6868.19133,5.0,0.0,O000907,2023-05-16
2023-05-18,000031.SZ,sell,10.6495398,700,7454.67786,5.0,7.45467786,O000908,2023-05-17
2023-05-18,000033.SZ,sell,14.4458397,3100,44782.103070000005,11.195525767500001,44.782103070000005,O000909,2023-05-17
2023-05-18,000003.SZ,buy,12.836924099999997,400,5134.769639999999,5.0,0.0,O000910,2023-05-17
2023-05-18,000007.SZ,buy,11.150138999999998,500,5575.069499999999,5.0,0.0,O000911,2023-05-17
2023-05-18,000009.SZ,buy,12.045433399999999,500,6022.716699999999,5.0,0.0,O000912,2023-05-17
2023-05-18,000019.SZ,buy,14.293579299999998,400,5717.431719999999,5.0,0.0,O000913,2023-05-17
2023-05-18,000025.SZ,buy,14.1052912,400,5642.11648,5.0,0.0,O000914,2023-05-17
2023-05-18,000030.SZ,buy,11.195183999999998,500,5597.591999999999,5.0,0.0,O000915,2023-05-17
2023-05-18,000037.SZ,buy,9.5480385,600,5728.8231000000005,5.0,0.0,O000916,2023-05-17
2023-05-18,000046.SZ,buy,15.218803599999998,300,4565.641079999999,5.0,0.0,O000917,2023-05-17
2023-05-18,000047.SZ,buy,12.1017897,500,6050.89485,5.0,0.0,O000918,2023-05-17
2023-05-18,000049.SZ,buy,10.003193199999998,600,6001.9159199999995,5.0,0.0,O000919,2023-05-17
2023-05-19,000026.SZ,sell,9.7828074,2600,25435.299239999997,6.358824809999999,25.435299239999996,O000920,2023-05-18
2023-05-19,000034.SZ,sell,9.337653,3300,30814.2549,7.703563725,30.8142549,O000921,2023-05-18
2023-05-19,000003.SZ,buy,12.9081953,400,5163.27812,5.0,0.0,O000922,2023-05-18
2023-05-19,000007.SZ,buy,11.0718608,500,5535.9304,5.0,0.0,O000923,2023-05-18
2023-05-19,000009.SZ,buy,11.842931099999998,400,4737.172439999999,5.0,0.0,O000924,2023-05-18
2023-05-19,000012.SZ,buy,15.006891899999998,300,4502.067569999999,5.0,0.0,O000925,2023-05-18
2023-05-19,000014.SZ,buy,11.834822999999998,400,4733.9292,5.0,0.0,O000926,2023-05-18
2023-05-19,000021.SZ,buy,13.016503499999999,400,5206.6014,5.0,0.0,O000927,2023-05-18
2023-05-19,000023.SZ,buy,10.711200499999999,500,5355.6002499999995,5.0,0.0,O000928,2023-05-18
2023-05-19,000025.SZ,buy,13.977363399999998,400,5590.945359999999,5.0,0.0,O000929,2023-05-18
2023-05-19,000030.SZ,buy,11.0443333,500,5522.16665,5.0,0.0,O000930,2023-05-18
2023-05-19,000046.SZ,buy,15.151536399999998,300,4545.4609199999995,5.0,0.0,O000931,2023-05-18
2023-05-22,000010.SZ,sell,9.953636399999999,2400,23888.727359999997,5.972181839999999,23.888727359999997,O000932,2023-05-19
2023-05-22,000037.SZ,sell,9.628362,6200,59695.844399999994,14.9239611,59.6958444,O000933,2023-05-19
2023-05-22,000048.SZ,sell,8.4978936,1700,14446.419119999999,5.0,14.44641912,O000934,2023-05-19
2023-05-22,000003.SZ,buy,12.8969841,400,5158.79364,5.0,0.0,O000935,2023-05-19
2023-05-22,000007.SZ,buy,11.194383199999999,500,5597.191599999999,5.0,0.0,O000936,2023-05-19
2023-05-22,000009.SZ,buy,12.247335099999997,500,6123.667549999998,5.0,0.0,O000937,2023-05-19
2023-05-22,000014.SZ,buy,11.883671799999998,500,5941.835899999999,5.0,0.0,O000938,2023-05-19
2023-05-22,000015.SZ,buy,10.9697588,500,5484.8794,5.0,0.0,O000939,2023-05-19
2023-05-22,000021.SZ,buy,13.1005875,400,5240.235,5.0,0.0,O000940,2023-05-19
2023-05-22,000023.SZ,buy,10.8696588,500,5434.8294,5.0,0.0,O000941,2023-05-19
2023-05-22,000025.SZ,buy,14.073259199999999,400,5629.30368,5.0,0.0,O000942,2023-05-19
2023-05-22,000030.SZ,buy,10.963152199999998,500,5481.576099999999,5.0,0.0,O000943,2023-05-19
2023-05-22,000049.SZ,buy,10.245335099999998,600,6147.201059999999,5.0,0.0,O000944,2023-05-19
2023-05-23,000020.SZ,sell,8.8150761,4900,43193.872890000006,10.798468222500002,43.19387289000001,O000945,2023-05-22
2023-05-23,000003.SZ,buy,12.884171299999998,700,9018.919909999999,5.0,0.0,O000946,2023-05-22
2023-05-23,000007.SZ,buy,11.123512399999997,900,10011.161159999998,5.0,0.0,O000947,2023-05-22
2023-05-23,000014.SZ,buy,12.208996799999998,800,9767.197439999998,5.0,0.0,O000948,2023-05-22
2023-05-23,000015.SZ,buy,11.298186899999997,800,9038.549519999999,5.0,0.0,O000949,2023-05-22
2023-05-23,000018.SZ,buy,11.2755643,900,10148.00787,5.0,0.0,O000950,2023-05-22
2023-05-23,000021.SZ,buy,13.268655399999998,700,9288.05878,5.0,0.0,O000951,2023-05-22
2023-05-23,000023.SZ,buy,11.0636526,900,9957.287339999999,5.0,0.0,O000952,2023-05-22
2023-05-23,000025.SZ,buy,14.302087799999999,700,10011.461459999999,5.0,0.0,O000953,2023-05-22
2023-05-23,000030.SZ,buy,10.959248299999999,900,9863.32347,5.0,0.0,O000954,2023-05-22
2023-05-23,000040.SZ,buy,11.440629199999998,800,9152.503359999999,5.0,0.0,O000955,2023-05-22
2023-05-24,000005.SZ,sell,12.6487386,6100,77157.30546,19.289326365,77.15730546,O000956,2023-05-23
2023-05-24,000006.SZ,buy,8.4947863,600,5096.8717799999995,5.0,0.0,O000957,2023-05-23
2023-05-24,000014.SZ,buy,12.283070799999997,400,4913.228319999999,5.0,0.0,O000958,2023-05-23
2023-05-24,000015.SZ,buy,11.9422303,400,4776.89212,5.0,0.0,O000959,2023-05-23
2023-05-24,000021.SZ,buy,13.279466199999998,300,3983.8398599999996,5.0,0.0,O000960,2023-05-23
2023-05-24,000026.SZ,buy,10.3087985,400,4123.5194,5.0,0.0,O000961,2023-05-23
2023-05-24,000040.SZ,buy,11.876864999999999,400,4750.745999999999,5.0,0.0,O000962,2023-05-23
2023-05-24,000041.SZ,buy,10.906996099999999,400,4362.79844,5.0,0.0,O000963,2023-05-23
2023-05-24,000043.SZ,buy,10.008698699999998,500,5004.3493499999995,5.0,0.0,O000964,2023-05-23
2023-05-24,000047.SZ,buy,12.510698199999998,400,5004.27928,5.0,0.0,O000965,2023-05-23
2023-05-24,000050.SZ,buy,9.908898999999998,500,4954.449499999999,5.0,0.0,O000966,2023-05-23
2023-05-25,000011.SZ,sell,9.021569399999999,700,6315.098579999999,5.0,6.315098579999999,O000967,2023-05-24
2023-05-25,000006.SZ,buy,8.737428699999999,900,7863.6858299999985,5.0,0.0,O000968,2023-05-24
2023-05-25,000014.SZ,buy,12.170858699999998,600,7302.515219999999,5.0,0.0,O000969,2023-05-24
2023-05-25,000015.SZ,buy,11.967755799999999,600,7180.653479999999,5.0,0.0,O000970,2023-05-24
2023-05-25,000018.SZ,buy,11.430819399999999,600,6858.491639999999,5.0,0.0,O000971,2023-05-24
2023-05-25,000023.SZ,buy,10.8363255,700,7585.427849999999,5.0,0.0,O000972,2023-05-24
2023-05-25,000026.SZ,buy,10.526115599999997,700,7368.280919999998,5.0,0.0,O000973,2023-05-24
2023-05-25,000040.SZ,buy,11.593481899999999,600,6956.089139999999,5.0,0.0,O000974,2023-05-24
2023-05-25,000041.SZ,buy,10.6110004,700,7427.70028,5.0,0.0,O000975,2023-05-24
2023-05-25,000043.SZ,buy,10.1595494,700,7111.68458,5.0,0.0,O000976,2023-05-24
2023-05-25,000050.SZ,buy,9.8799701,800,7903.9760799999995,5.0,0.0,O000977,2023-05-24
2023-05-26,000003.SZ,sell,12.3963912,3500,43387.3692,10.8468423,43.3873692,O000978,2023-05-25
2023-05-26,000021.SZ,sell,12.692794500000002,4200,53309.7369,13.327434225000001,53.309736900000004,O000979,2023-05-25
2023-05-26,000006.SZ,buy,8.806898099999998,100,880.6898099999999,5.0,0.0,O000980,2023-05-25
2023-05-26,000014.SZ,buy,12.3299176,100,1232.9917599999999,5.0,0.0,O000981,2023-05-25
2023-05-26,000015.SZ,buy,11.748036299999999,100,1174.8036299999999,5.0,0.0,O000982,2023-05-25
2023-05-26,000018.SZ,buy,11.185274099999997,100,1118.5274099999997,5.0,0.0,O000983,2023-05-25
2023-05-26,000026.SZ,buy,10.779768999999998,100,1077.9769,5.0,0.0,O000984,2023-05-25
2023-05-26,000031.SZ,buy,10.9030922,100,1090.3092199999999,5.0,0.0,O000985,2023-05-25
2023-05-26,000034.SZ,buy,9.749439699999998,100,974.9439699999998,5.0,0.0,O000986,2023-05-25
2023-05-26,000037.SZ,buy,9.7909812,100,979.0981199999999,5.0,0.0,O000987,2023-05-25
2023-05-26,000040.SZ,buy,11.904592699999998,100,1190.4592699999998,5.0,0.0,O000988,2023-05-25
2023-05-26,000049.SZ,buy,10.620710099999998,100,1062.07101,5.0,0.0,O000989,2023-05-25
2023-05-29,000001.SZ,sell,10.2098799,1600,16335.807840000001,5.0,16.33580784,O000990,2023-05-26
2023-05-29,000030.SZ,sell,10.605383999999999,14800,156959.6832,39.2399208,156.9596832,O000991,2023-05-26
2023-05-29,000038.SZ,sell,16.0032807,6100,97620.01227,24.4050030675,97.62001227,O000992,2023-05-26
2023-05-29,000006.SZ,buy,8.598890299999999,1100,9458.77933,5.0,0.0,O000993,2023-05-26
2023-05-29,000008.SZ,buy,10.4387283,900,9394.855469999999,5.0,0.0,O000994,2023-05-26
2023-05-29,000014.SZ,buy,12.3749626,700,8662.47382,5.0,0.0,O000995,2023-05-26
2023-05-29,000015.SZ,buy,11.696484799999999,800,9357.187839999999,5.0,0.0,O000996,2023-05-26
2023-05-29,000026.SZ,buy,10.771560799999998,900,9694.404719999999,5.0,0.0,O000997,2023-05-26
2023-05-29,000034.SZ,buy,9.833723899999999,900,8850.351509999999,5.0,0.0,O000998,2023-05-26
2023-05-29,000040.SZ,buy,12.339527199999997,700,8637.669039999999,5.0,0.0,O000999,2023-05-26
2023-05-29,000042.SZ,buy,8.511603099999999,1100,9362.763409999998,5.0,0.0,O001000,2023-05-26
2023-05-29,000046.SZ,buy,15.314298999999998,600,9188.579399999999,5.0,0.0,O001001,2023-05-26
2023-05-29,000049.SZ,buy,10.772261499999999,900,9695.035349999998,5.0,0.0,O001002,2023-05-26
2023-05-30,000007.SZ,sell,10.637551799999999,2500,26593.879499999995,6.648469874999999,26.593879499999996,O001003,2023-05-29
2023-05-30,000008.SZ,buy,10.3064962,2500,25766.2405,6.4415601250000005,0.0,O001004,2023-05-29
2023-05-30,000009.SZ,buy,12.728916199999999,2000,25457.832399999996,6.364458099999999,0.0,O001005,2023-05-29
2023-05-30,000013.SZ,buy,10.749839099999999,2400,25799.613839999998,6.44990346,0.0,O001006,2023-05-29
2023-05-30,000022.SZ,buy,7.4856782,3500,26199.8737,6.549968425,0.0,O001007,2023-05-29
2023-05-30,000025.SZ,buy,14.8544396,1700,25252.547319999998,6.3131368299999995,0.0,O001008,2023-05-29
2023-05-30,000026.SZ,buy,10.704694,2400,25691.2656,6.422816399999999,0.0,O001009,2023-05-29
2023-05-30,000034.SZ,buy,9.921311399999999,2600,25795.409639999998,6.44885241,0.0,O001010,2023-05-29
2023-05-30,000040.SZ,buy,12.713700999999999,2000,25427.402,6.356850499999999,0.0,O001011,2023-05-29
2023-05-30,000043.SZ,buy,10.0455355,2600,26118.3923,6.529598075,0.0,O001012,2023-05-29
2023-05-30,000046.SZ,buy,15.617101499999999,1700,26549.072549999997,6.6372681374999996,0.0,O001013,2023-05-29
2023-05-31,000014.SZ,sell,11.8356525,3500,41424.78375,10.3561959375,41.42478375,O001014,2023-05-30
2023-05-31,000006.SZ,buy,8.9089,500,4454.45,5.0,0.0,O001015,2023-05-30
2023-05-31,000008.SZ,buy,10.496485999999999,400,4198.5944,5.0,0.0,O001016,2023-05-30
2023-05-31,000010.SZ,buy,10.2233131,400,4089.32524,5.0,0.0,O001017,2023-05-30
2023-05-31,000013.SZ,buy,10.9156047,400,4366.24188,5.0,0.0,O001018,2023-05-30
2023-05-31,000017.SZ,buy,10.405795399999999,400,4162.31816,5.0,0.0,O001019,2023-05-30
2023-05-31,000022.SZ,buy,7.543035499999999,600,4525.8213,5.0,0.0,O001020,2023-05-30
2023-05-31,000024.SZ,buy,7.665658,600,4599.3948,5.0,0.0,O001021,2023-05-30
2023-05-31,000040.SZ,buy,12.589376799999998,300,3776.8130399999995,5.0,0.0,O001022,2023-05-30
2023-05-31,000046.SZ,buy,15.623607999999999,200,3124.7216,5.0,0.0,O001023,2023-05-30
2023-05-31,000048.SZ,buy,8.625416799999998,500,4312.7083999999995,5.0,0.0,O001024,2023-05-30
2023-06-01,000031.SZ,sell,10.6419474,100,1064.19474,5.0,1.06419474,O001025,2023-05-31
2023-06-01,000050.SZ,sell,9.4884021,2200,20874.48462,5.218621155,20.87448462,O001026,2023-05-31
2023-06-01,000008.SZ,buy,10.5881776,400,4235.27104,5.0,0.0,O001027,2023-05-31
2023-06-01,000010.SZ,buy,10.428217799999999,400,4171.287119999999,5.0,0.0,O001028,2023-05-31
2023-06-01,000012.SZ,buy,15.911895999999999,200,3182.3792,5.0,0.0,O001029,2023-05-31
2023-06-01,000016.SZ,buy,7.505598099999999,600,4503.358859999999,5.0,0.0,O001030,2023-05-31
2023-06-01,000022.SZ,buy,7.514406899999999,600,4508.644139999999,5.0,0.0,O001031,2023-05-31
2023-06-01,000024.SZ,buy,7.873065199999999,500,3936.5325999999995,5.0,0.0,O001032,2023-05-31
2023-06-01,000036.SZ,buy,13.8344206,300,4150.32618,5.0,0.0,O001033,2023-05-31
2023-06-01,000040.SZ,buy,12.847935099999999,300,3854.38053,5.0,0.0,O001034,2023-05-31
2023-06-01,000046.SZ,buy,15.6937781,200,3138.75562,5.0,0.0,O001035,2023-05-31
2023-06-01,000048.SZ,buy,8.6762676,500,4338.1338,5.0,0.0,O001036,2023-05-31
2023-06-02,000009.SZ,sell,11.5525359,3900,45054.89001,11.2637225025,45.05489001,O001037,2023-06-01
2023-06-02,000025.SZ,sell,13.7650212,3600,49554.07632,12.38851908,49.55407632,O001038,2023-06-01
2023-06-02,000008.SZ,buy,10.4691587,200,2093.83174,5.0,0.0,O001039,2023-06-01
2023-06-02,000012.SZ,buy,15.667051399999998,100,1566.7051399999998,5.0,0.0,O001040,2023-06-01
2023-06-02,000016.SZ,buy,7.544536999999999,300,2263.3610999999996,5.0,0.0,O001041,2023-06-01
2023-06-02,000023.SZ,buy,11.1604493,200,2232.08986,5.0,0.0,O001042,2023-06-01
2023-06-02,000024.SZ,buy,7.7591513999999995,300,2327.7454199999997,5.0,0.0,O001043,2023-06-01
2023-06-02,000036.SZ,buy,13.716302599999999,200,2743.26052,5.0,0.0,O001044,2023-06-01
2023-06-02,000039.SZ,buy,12.539627099999999,200,2507.9254199999996,5.0,0.0,O001045,2023-06-01
2023-06-02,000040.SZ,buy,12.7288161,200,2545.76322,5.0,0.0,O001046,2023-06-01
2023-06-02,000045.SZ,buy,13.233620399999998,200,2646.7240799999995,5.0,0.0,O001047,2023-06-01
2023-06-02,000048.SZ,buy,8.592583999999999,300,2577.7751999999996,5.0,0.0,O001048,2023-06-01
2023-06-05,000049.SZ,sell,10.280509200000001,3000,30841.5276,7.710381900000001,30.841527600000003,O001049,2023-06-02
2023-06-05,000006.SZ,buy,8.8395307,1000,8839.5307,5.0,0.0,O001050,2023-06-02
2023-06-05,000010.SZ,buy,10.437527099999999,900,9393.774389999999,5.0,0.0,O001051,2023-06-02
2023-06-05,000011.SZ,buy,9.0963873,1000,9096.3873,5.0,0.0,O001052,2023-06-02
2023-06-05,000012.SZ,buy,15.708292599999998,600,9424.975559999999,5.0,0.0,O001053,2023-06-02
2023-06-05,000016.SZ,buy,7.771363599999999,1200,9325.63632,5.0,0.0,O001054,2023-06-02
2023-06-05,000023.SZ,buy,11.3542429,800,9083.39432,5.0,0.0,O001055,2023-06-02
2023-06-05,000024.SZ,buy,7.806999199999999,1200,9368.399039999998,5.0,0.0,O001056,2023-06-02
2023-06-05,000028.SZ,buy,10.727717,800,8582.1736,5.0,0.0,O001057,2023-06-02
2023-06-05,000035.SZ,buy,8.4289205,1100,9271.81255,5.0,0.0,O001058,2023-06-02
2023-06-05,000048.SZ,buy,8.676367699999998,1100,9544.004469999998,5.0,0.0,O001059,2023-06-02
2023-06-06,000004.SZ,sell,11.4650235,6200,71083.1457,17.770786424999997,71.08314569999999,O001060,2023-06-05
2023-06-06,000042.SZ,sell,7.914977100000001,1100,8706.474810000002,5.0,8.706474810000001,O001061,2023-06-05
2023-06-06,000003.SZ,buy,12.830017199999999,200,2566.0034399999995,5.0,0.0,O001062,2023-06-05
2023-06-06,000007.SZ,buy,11.419307899999998,300,3425.792369999999,5.0,0.0,O001063,2023-06-05
2023-06-06,000010.SZ,buy,10.729618899999998,300,3218.8856699999997,5.0,0.0,O001064,2023-06-05
2023-06-06,000011.SZ,buy,9.339530199999999,400,3735.8120799999997,5.0,0.0,O001065,2023-06-05
2023-06-06,000012.SZ,buy,16.0748588,200,3214.9717600000004,5.0,0.0,O001066,2023-06-05
2023-06-06,000019.SZ,buy,14.400786399999998,200,2880.1572799999994,5.0,0.0,O001067,2023-06-05
2023-06-06,000024.SZ,buy,7.858350499999999,400,3143.3401999999996,5.0,0.0,O001068,2023-06-05
2023-06-06,000028.SZ,buy,10.7992885,300,3239.78655,5.0,0.0,O001069,2023-06-05
2023-06-06,000035.SZ,buy,8.608399799999999,400,3443.3599199999994,5.0,0.0,O001070,2023-06-05
2023-06-06,000049.SZ,buy,10.691680999999997,300,3207.504299999999,5.0,0.0,O001071,2023-06-05
2023-06-07,000027.SZ,sell,9.1385523,3300,30157.22259,7.539305647500001,30.157222590000003,O001072,2023-06-06
2023-06-07,000001.SZ,buy,10.346636299999998,800,8277.309039999998,5.0,0.0,O001073,2023-06-06
2023-06-07,000003.SZ,buy,12.993480499999999,600,7796.088299999999,5.0,0.0,O001074,2023-06-06
2023-06-07,000007.SZ,buy,11.430919499999998,700,8001.643649999999,5.0,0.0,O001075,2023-06-06
2023-06-07,000011.SZ,buy,9.3857764,800,7508.62112,5.0,0.0,O001076,2023-06-06
2023-06-07,000012.SZ,buy,16.049933899999996,500,8024.966949999998,5.0,0.0,O001077,2023-06-06
2023-06-07,000016.SZ,buy,7.764056299999999,1000,7764.056299999999,5.0,0.0,O001078,2023-06-06
2023-06-07,000028.SZ,buy,11.084873799999999,700,7759.411659999999,5.0,0.0,O001079,2023-06-06
2023-06-07,000035.SZ,buy,9.0689599,900,8162.06391,5.0,0.0,O001080,2023-06-06
2023-06-07,000036.SZ,buy,13.827213399999998,600,8296.328039999999,5.0,0.0,O001081,2023-06-06
2023-06-07,000044.SZ,buy,9.667557899999998,800,7734.046319999999,5.0,0.0,O001082,2023-06-06
2023-06-08,000008.SZ,sell,9.805185,4400,43142.814,10.7857035,43.142814,O001083,2023-06-07
2023-06-08,000019.SZ,sell,13.296590100000001,6700,89087.15367000001,22.271788417500005,89.08715367000002,O001084,2023-06-07
2023-06-08,000034.SZ,sell,9.1676232,3600,33003.44352,8.250860880000001,33.003443520000005,O001085,2023-06-07
2023-06-08,000001.SZ,buy,10.432722299999998,300,3129.8166899999997,5.0,0.0,O001086,2023-06-07
2023-06-08,000007.SZ,buy,11.302591299999998,300,3390.7773899999993,5.0,0.0,O001087,2023-06-07
2023-06-08,000014.SZ,buy,12.011799799999999,300,3603.5399399999997,5.0,0.0,O001088,2023-06-07
2023-06-08,000016.SZ,buy,7.8125047,400,3125.00188,5.0,0.0,O001089,2023-06-07
2023-06-08,000017.SZ,buy,10.722211499999998,300,3216.6634499999996,5.0,0.0,O001090,2023-06-07
2023-06-08,000035.SZ,buy,9.1434343,400,3657.3737199999996,5.0,0.0,O001091,2023-06-07
2023-06-08,000036.SZ,buy,14.432417999999998,200,2886.4835999999996,5.0,0.0,O001092,2023-06-07
2023-06-08,000037.SZ,buy,9.782973199999999,300,2934.8919599999995,5.0,0.0,O001093,2023-06-07
2023-06-08,000041.SZ,buy,11.4082969,300,3422.48907,5.0,0.0,O001094,2023-06-07
2023-06-08,000044.SZ,buy,9.8204106,300,2946.12318,5.0,0.0,O001095,2023-06-07
2023-06-09,000045.SZ,sell,12.6031842,200,2520.6368399999997,5.0,2.52063684,O001096,2023-06-08
2023-06-09,000001.SZ,buy,10.604393799999999,1500,15906.590699999999,5.0,0.0,O001097,2023-06-08
2023-06-09,000007.SZ,buy,11.640829199999999,1300,15133.077959999999,5.0,0.0,O001098,2023-06-08
2023-06-09,000016.SZ,buy,7.937829899999999,2000,15875.659799999998,5.0,0.0,O001099,2023-06-08
2023-06-09,000017.SZ,buy,10.479468999999998,1500,15719.203499999998,5.0,0.0,O001100,2023-06-08
2023-06-09,000022.SZ,buy,7.805297499999999,2000,15610.594999999998,5.0,0.0,O001101,2023-06-08
2023-06-09,000035.SZ,buy,9.226016799999998,1700,15684.228559999998,5.0,0.0,O001102,2023-06-08
2023-06-09,000041.SZ,buy,11.826214399999998,1300,15374.078719999998,5.0,0.0,O001103,2023-06-08
2023-06-09,000044.SZ,buy,9.9372273,1600,15899.56368,5.0,0.0,O001104,2023-06-08
2023-06-09,000046.SZ,buy,16.1772611,1000,16177.2611,5.0,0.0,O001105,2023-06-08
2023-06-09,000049.SZ,buy,10.7733626,1500,16160.0439,5.0,0.0,O001106,2023-06-08
2023-06-12,000023.SZ,sell,10.3999896,6500,67599.93239999999,16.899983099999996,67.59993239999999,O001107,2023-06-09
2023-06-12,000048.SZ,sell,8.3114802,2400,19947.55248,5.0,19.94755248,O001108,2023-06-09
2023-06-12,000001.SZ,buy,11.057446399999998,100,1105.74464,5.0,0.0,O001109,2023-06-09
2023-06-12,000003.SZ,buy,13.126112999999998,100,1312.6112999999998,5.0,0.0,O001110,2023-06-09
2023-06-12,000007.SZ,buy,11.635824199999998,100,1163.5824199999997,5.0,0.0,O001111,2023-06-09
2023-06-12,000017.SZ,buy,10.5347242,100,1053.47242,5.0,0.0,O001112,2023-06-09
2023-06-12,000018.SZ,buy,11.73172,100,1173.172,5.0,0.0,O001113,2023-06-09
2023-06-12,000035.SZ,buy,9.238629399999999,100,923.8629399999999,5.0,0.0,O001114,2023-06-09
2023-06-12,000041.SZ,buy,11.9660541,100,1196.60541,5.0,0.0,O001115,2023-06-09
2023-06-12,000044.SZ,buy,9.972662699999999,100,997.2662699999998,5.0,0.0,O001116,2023-06-09
2023-06-12,000047.SZ,buy,12.6412286,100,1264.12286,5.0,0.0,O001117,2023-06-09
2023-06-13,000010.SZ,sell,9.7689213,2000,19537.8426,5.0,19.5378426,O001118,2023-06-12
2023-06-13,000028.SZ,sell,10.290699,1800,18523.2582,5.0,18.5232582,O001119,2023-06-12
2023-06-13,000001.SZ,buy,11.3398285,700,7937.87995,5.0,0.0,O001120,2023-06-12
2023-06-13,000007.SZ,buy,11.820808999999999,700,8274.566299999999,5.0,0.0,O001121,2023-06-12
2023-06-13,000009.SZ,buy,11.835123299999998,700,8284.586309999999,5.0,0.0,O001122,2023-06-12
2023-06-13,000017.SZ,buy,10.848737899999998,800,8678.990319999999,5.0,0.0,O001123,2023-06-12
2023-06-13,000022.SZ,buy,7.570462899999999,1100,8327.509189999999,5.0,0.0,O001124,2023-06-12
2023-06-13,000031.SZ,buy,10.844733899999998,800,8675.787119999999,5.0,0.0,O001125,2023-06-12
2023-06-13,000035.SZ,buy,9.0727637,900,8165.48733,5.0,0.0,O001126,2023-06-12
2023-06-13,000041.SZ,buy,12.058946899999999,700,8441.26283,5.0,0.0,O001127,2023-06-12
2023-06-13,000044.SZ,buy,10.257547299999999,800,8206.037839999999,5.0,0.0,O001128,2023-06-12
2023-06-13,000045.SZ,buy,13.262449199999999,600,7957.46952,5.0,0.0,O001129,2023-06-12
2023-06-14,000012.SZ,sell,15.2484363,2900,44220.46527,11.0551163175,44.22046527,O001130,2023-06-13
2023-06-14,000001.SZ,buy,11.215604399999998,400,4486.241759999999,5.0,0.0,O001131,2023-06-13
2023-06-14,000011.SZ,buy,9.9076978,400,3963.07912,5.0,0.0,O001132,2023-06-13
2023-06-14,000014.SZ,buy,12.441829399999998,300,3732.5488199999995,5.0,0.0,O001133,2023-06-13
2023-06-14,000015.SZ,buy,12.1318197,300,3639.54591,5.0,0.0,O001134,2023-06-13
2023-06-14,000017.SZ,buy,10.8832724,400,4353.308959999999,5.0,0.0,O001135,2023-06-13
2023-06-14,000022.SZ,buy,7.565057499999999,600,4539.0345,5.0,0.0,O001136,2023-06-13
2023-06-14,000024.SZ,buy,7.861653799999999,500,3930.8268999999996,5.0,0.0,O001137,2023-06-13
2023-06-14,000041.SZ,buy,12.286874599999997,300,3686.0623799999994,5.0,0.0,O001138,2023-06-13
2023-06-14,000044.SZ,buy,10.496786299999998,400,4198.7145199999995,5.0,0.0,O001139,2023-06-13
2023-06-14,000047.SZ,buy,12.8650522,300,3859.5156599999996,5.0,0.0,O001140,2023-06-13
2023-06-15,000039.SZ,sell,11.4573312,2800,32080.52736,8.02013184,32.08052736,O001141,2023-06-14
2023-06-15,000001.SZ,buy,11.059948899999998,400,4423.97956,5.0,0.0,O001142,2023-06-14
2023-06-15,000007.SZ,buy,12.012700699999998,400,4805.080279999999,5.0,0.0,O001143,2023-06-14
2023-06-15,000011.SZ,buy,9.6071976,500,4803.5988,5.0,0.0,O001144,2023-06-14
2023-06-15,000014.SZ,buy,12.2880758,400,4915.23032,5.0,0.0,O001145,2023-06-14
2023-06-15,000015.SZ,buy,11.9460341,400,4778.41364,5.0,0.0,O001146,2023-06-14
2023-06-15,000021.SZ,buy,12.3999876,300,3719.99628,5.0,0.0,O001147,2023-06-14
2023-06-15,000033.SZ,buy,14.037723699999999,300,4211.31711,5.0,0.0,O001148,2023-06-14
2023-06-15,000041.SZ,buy,12.331218899999998,400,4932.48756,5.0,0.0,O001149,2023-06-14
2023-06-15,000044.SZ,buy,10.596886299999998,400,4238.7545199999995,5.0,0.0,O001150,2023-06-14
2023-06-15,000047.SZ,buy,12.875963099999998,300,3862.7889299999993,5.0,0.0,O001151,2023-06-14
2023-06-16,000022.SZ,sell,7.2984941999999995,8400,61307.351279999995,15.32683782,61.30735128,O001152,2023-06-15
2023-06-16,000043.SZ,sell,9.525165300000001,3800,36195.62814000001,9.048907035000003,36.19562814000001,O001153,2023-06-15
2023-06-16,000001.SZ,buy,11.351540199999999,300,3405.46206,5.0,0.0,O001154,2023-06-15
2023-06-16,000007.SZ,buy,11.855743899999998,300,3556.7231699999998,5.0,0.0,O001155,2023-06-15
2023-06-16,000011.SZ,buy,9.3810717,300,2814.3215099999998,5.0,0.0,O001156,2023-06-15
2023-06-16,000015.SZ,buy,11.677065399999998,300,3503.1196199999995,5.0,0.0,O001157,2023-06-15
2023-06-16,000017.SZ,buy,10.6973867,300,3209.2160099999996,5.0,0.0,O001158,2023-06-15
2023-06-16,000021.SZ,buy,12.8153025,200,2563.0605,5.0,0.0,O001159,2023-06-15
2023-06-16,000036.SZ,buy,14.514199699999999,200,2902.83994,5.0,0.0,O001160,2023-06-15
2023-06-16,000041.SZ,buy,12.120608499999998,300,3636.182549999999,5.0,0.0,O001161,2023-06-15
2023-06-16,000044.SZ,buy,10.836525699999997,300,3250.957709999999,5.0,0.0,O001162,2023-06-15
2023-06-16,000047.SZ,buy,12.9367238,200,2587.34476,5.0,0.0,O001163,2023-06-15
2023-06-19,000003.SZ,sell,12.4410465,900,11196.941850000001,5.0,11.196941850000002,O001164,2023-06-16
2023-06-19,000031.SZ,sell,9.937552499999999,800,7950.0419999999995,5.0,7.950042,O001165,2023-06-16
2023-06-19,000007.SZ,buy,11.8150032,800,9452.002559999999,5.0,0.0,O001166,2023-06-16
2023-06-19,000011.SZ,buy,9.6739643,1000,9673.9643,5.0,0.0,O001167,2023-06-16
2023-06-19,000020.SZ,buy,8.121613499999999,1200,9745.936199999998,5.0,0.0,O001168,2023-06-16
2023-06-19,000021.SZ,buy,12.673560899999998,700,8871.492629999999,5.0,0.0,O001169,2023-06-16
2023-06-19,000027.SZ,buy,9.2208116,1000,9220.811599999999,5.0,0.0,O001170,2023-06-16
2023-06-19,000036.SZ,buy,14.563649099999997,600,8738.189459999998,5.0,0.0,O001171,2023-06-16
2023-06-19,000040.SZ,buy,12.879666799999999,700,9015.766759999999,5.0,0.0,O001172,2023-06-16
2023-06-19,000044.SZ,buy,10.826815999999999,900,9744.134399999999,5.0,0.0,O001173,2023-06-16
2023-06-19,000047.SZ,buy,12.914401499999999,700,9040.081049999999,5.0,0.0,O001174,2023-06-16
2023-06-19,000049.SZ,buy,10.8061954,900,9725.57586,5.0,0.0,O001175,2023-06-16
2023-06-20,000024.SZ,sell,7.332460200000001,3500,25663.6107,6.415902675000001,25.663610700000003,O001176,2023-06-19
2023-06-20,000033.SZ,sell,12.914372700000001,300,3874.31181,5.0,3.87431181,O001177,2023-06-19
2023-06-20,000037.SZ,sell,9.183807,400,3673.5227999999997,5.0,3.6735227999999998,O001178,2023-06-19
2023-06-20,000045.SZ,sell,12.4830045,600,7489.8027,5.0,7.4898027,O001179,2023-06-19
2023-06-20,000002.SZ,buy,6.736329599999999,400,2694.5318399999996,5.0,0.0,O001180,2023-06-19
2023-06-20,000011.SZ,buy,9.831621799999999,300,2949.48654,5.0,0.0,O001181,2023-06-19
2023-06-20,000014.SZ,buy,12.689676999999998,200,2537.9353999999994,5.0,0.0,O001182,2023-06-19
2023-06-20,000015.SZ,buy,12.1818697,200,2436.37394,5.0,0.0,O001183,2023-06-19
2023-06-20,000020.SZ,buy,8.1773692,300,2453.21076,5.0,0.0,O001184,2023-06-19
2023-06-20,000036.SZ,buy,15.019304299999998,100,1501.93043,5.0,0.0,O001185,2023-06-19
2023-06-20,000040.SZ,buy,12.961548599999999,200,2592.3097199999997,5.0,0.0,O001186,2023-06-19
2023-06-20,000042.SZ,buy,7.750542799999999,300,2325.1628399999995,5.0,0.0,O001187,2023-06-19
2023-06-20,000044.SZ,buy,10.618307699999999,200,2123.6615399999996,5.0,0.0,O001188,2023-06-19
2023-06-20,000049.SZ,buy,10.6233127,200,2124.66254,5.0,0.0,O001189,2023-06-19
2023-06-21,000001.SZ,sell,10.864524600000001,4500,48890.360700000005,12.222590175,48.8903607,O001190,2023-06-20
2023-06-21,000015.SZ,buy,12.498185699999999,300,3749.4557099999997,5.0,0.0,O001191,2023-06-20
2023-06-21,000020.SZ,buy,8.3747664,500,4187.3832,5.0,0.0,O001192,2023-06-20
2023-06-21,000023.SZ,buy,10.355345,400,4142.138,5.0,0.0,O001193,2023-06-20
2023-06-21,000027.SZ,buy,9.8137039,400,3925.48156,5.0,0.0,O001194,2023-06-20
2023-06-21,000029.SZ,buy,9.191682499999999,400,3676.673,5.0,0.0,O001195,2023-06-20
2023-06-21,000032.SZ,buy,6.731624899999999,600,4038.9749399999996,5.0,0.0,O001196,2023-06-20
2023-06-21,000036.SZ,buy,15.053138099999998,300,4515.94143,5.0,0.0,O001197,2023-06-20
2023-06-21,000040.SZ,buy,13.141328199999998,300,3942.3984599999994,5.0,0.0,O001198,2023-06-20
2023-06-21,000042.SZ,buy,7.727419699999999,500,3863.7098499999993,5.0,0.0,O001199,2023-06-20
2023-06-21,000044.SZ,buy,10.756445699999999,400,4302.57828,5.0,0.0,O001200,2023-06-20
2023-06-22,000049.SZ,sell,10.053736200000001,2900,29155.834980000003,7.288958745000001,29.155834980000005,O001201,2023-06-21
2023-06-22,000007.SZ,buy,12.327114799999999,400,4930.84592,5.0,0.0,O001202,2023-06-21
2023-06-22,000011.SZ,buy,9.792082299999999,500,4896.041149999999,5.0,0.0,O001203,2023-06-21
2023-06-22,000015.SZ,buy,12.1757636,400,4870.30544,5.0,0.0,O001204,2023-06-21
2023-06-22,000018.SZ,buy,11.348537199999997,400,4539.414879999999,5.0,0.0,O001205,2023-06-21
2023-06-22,000019.SZ,buy,13.053640599999998,400,5221.4562399999995,5.0,0.0,O001206,2023-06-21
2023-06-22,000020.SZ,buy,8.3235152,600,4994.109119999999,5.0,0.0,O001207,2023-06-21
2023-06-22,000027.SZ,buy,9.622713099999999,500,4811.3565499999995,5.0,0.0,O001208,2023-06-21
2023-06-22,000040.SZ,buy,13.717203499999998,300,4115.16105,5.0,0.0,O001209,2023-06-21
2023-06-22,000042.SZ,buy,8.069761699999999,600,4841.8570199999995,5.0,0.0,O001210,2023-06-21
2023-06-22,000046.SZ,buy,16.451935499999998,300,4935.580649999999,5.0,0.0,O001211,2023-06-21
2023-06-23,000021.SZ,sell,11.716072200000001,1200,14059.286640000002,5.0,14.059286640000002,O001212,2023-06-22
2023-06-23,000023.SZ,sell,9.8463438,400,3938.53752,5.0,3.93853752,O001213,2023-06-22
2023-06-23,000044.SZ,sell,10.1871027,6200,63160.03674,15.790009185,63.16003674,O001214,2023-06-22
2023-06-23,000007.SZ,buy,12.2931809,200,2458.63618,5.0,0.0,O001215,2023-06-22
2023-06-23,000011.SZ,buy,10.153643499999998,300,3046.0930499999995,5.0,0.0,O001216,2023-06-22
2023-06-23,000014.SZ,buy,12.430117699999998,200,2486.0235399999997,5.0,0.0,O001217,2023-06-22
2023-06-23,000015.SZ,buy,12.236524299999997,200,2447.3048599999993,5.0,0.0,O001218,2023-06-22
2023-06-23,000018.SZ,buy,11.559147599999998,300,3467.7442799999994,5.0,0.0,O001219,2023-06-22
2023-06-23,000022.SZ,buy,7.6977901,400,3079.11604,5.0,0.0,O001220,2023-06-22
2023-06-23,000027.SZ,buy,9.475465999999999,300,2842.6398,5.0,0.0,O001221,2023-06-22
2023-06-23,000040.SZ,buy,13.991177199999997,200,2798.2354399999995,5.0,0.0,O001222,2023-06-22
2023-06-23,000042.SZ,buy,8.057549499999999,400,3223.0197999999996,5.0,0.0,O001223,2023-06-22
2023-06-23,000046.SZ,buy,16.787070299999996,200,3357.414059999999,5.0,0.0,O001224,2023-06-22
2023-06-26,000035.SZ,sell,8.7825087,5500,48303.797849999995,12.075949462499999,48.303797849999995,O001225,2023-06-23
2023-06-26,000003.SZ,buy,12.9908779,600,7794.526739999999,5.0,0.0,O001226,2023-06-23
2023-06-26,000007.SZ,buy,12.6067942,600,7564.07652,5.0,0.0,O001227,2023-06-23
2023-06-26,000011.SZ,buy,10.551540999999999,800,8441.232799999998,5.0,0.0,O001228,2023-06-23
2023-06-26,000015.SZ,buy,12.257244999999998,600,7354.346999999999,5.0,0.0,O001229,2023-06-23
2023-06-26,000020.SZ,buy,8.3748665,1000,8374.8665,5.0,0.0,O001230,2023-06-23
2023-06-26,000022.SZ,buy,7.748640899999999,1000,7748.6408999999985,5.0,0.0,O001231,2023-06-23
2023-06-26,000026.SZ,buy,11.0963853,700,7767.469709999999,5.0,0.0,O001232,2023-06-23
2023-06-26,000028.SZ,buy,9.885575699999999,800,7908.460559999999,5.0,0.0,O001233,2023-06-23
2023-06-26,000040.SZ,buy,14.045031,600,8427.0186,5.0,0.0,O001234,2023-06-23
2023-06-26,000046.SZ,buy,17.2659487,400,6906.37948,5.0,0.0,O001235,2023-06-23
2023-06-27,000002.SZ,sell,6.4500435000000005,400,2580.0174,5.0,2.5800174,O001236,2023-06-26
2023-06-27,000006.SZ,sell,8.0771148,4200,33923.88216,8.480970540000001,33.923882160000005,O001237,2023-06-26
2023-06-27,000029.SZ,sell,8.4796119,400,3391.84476,5.0,3.39184476,O001238,2023-06-26
2023-06-27,000036.SZ,sell,14.423162399999999,2500,36057.905999999995,9.014476499999999,36.057905999999996,O001239,2023-06-26
2023-06-27,000003.SZ,buy,12.8229101,400,5129.16404,5.0,0.0,O001240,2023-06-26
2023-06-27,000007.SZ,buy,12.521008499999999,400,5008.403399999999,5.0,0.0,O001241,2023-06-26
2023-06-27,000009.SZ,buy,11.994882899999999,400,4797.953159999999,5.0,0.0,O001242,2023-06-26
2023-06-27,000011.SZ,buy,10.6459353,500,5322.96765,5.0,0.0,O001243,2023-06-26
2023-06-27,000026.SZ,buy,11.2567455,400,4502.6982,5.0,0.0,O001244,2023-06-26
2023-06-27,000028.SZ,buy,10.105295199999999,500,5052.647599999999,5.0,0.0,O001245,2023-06-26
2023-06-27,000034.SZ,buy,9.262553299999999,600,5557.531979999999,5.0,0.0,O001246,2023-06-26
2023-06-27,000040.SZ,buy,14.137723599999998,300,4241.317079999999,5.0,0.0,O001247,2023-06-26
2023-06-27,000041.SZ,buy,12.630317699999997,400,5052.127079999999,5.0,0.0,O001248,2023-06-26
2023-06-27,000046.SZ,buy,17.105788699999998,300,5131.736609999999,5.0,0.0,O001249,2023-06-26
2023-06-28,000027.SZ,sell,9.3361545,2200,20539.5399,5.134884975,20.5395399,O001250,2023-06-27
2023-06-28,000003.SZ,buy,13.522909399999998,500,6761.454699999999,5.0,0.0,O001251,2023-06-27
2023-06-28,000007.SZ,buy,12.704792099999999,600,7622.875259999999,5.0,0.0,O001252,2023-06-27
2023-06-28,000011.SZ,buy,10.886175299999998,700,7620.322709999999,5.0,0.0,O001253,2023-06-27
2023-06-28,000014.SZ,buy,12.7509382,600,7650.56292,5.0,0.0,O001254,2023-06-27
2023-06-28,000026.SZ,buy,11.4837723,700,8038.64061,5.0,0.0,O001255,2023-06-27
2023-06-28,000028.SZ,buy,10.3427324,700,7239.912679999999,5.0,0.0,O001256,2023-06-27
2023-06-28,000034.SZ,buy,9.183674499999999,800,7346.939599999999,5.0,0.0,O001257,2023-06-27
2023-06-28,000040.SZ,buy,13.654240599999998,500,6827.120299999999,5.0,0.0,O001258,2023-06-27
2023-06-28,000041.SZ,buy,12.901888999999997,600,7741.133399999998,5.0,0.0,O001259,2023-06-27
2023-06-28,000046.SZ,buy,16.988671699999998,400,6795.468679999999,5.0,0.0,O001260,2023-06-27
2023-06-29,000016.SZ,sell,7.1998929,9600,69118.97184,17.27974296,69.11897184,O001261,2023-06-28
2023-06-29,000018.SZ,sell,10.9018872,3000,32705.661600000003,8.176415400000002,32.705661600000006,O001262,2023-06-28
2023-06-29,000003.SZ,buy,13.403490099999999,200,2680.69802,5.0,0.0,O001263,2023-06-28
2023-06-29,000007.SZ,buy,13.542929399999998,200,2708.5858799999996,5.0,0.0,O001264,2023-06-28
2023-06-29,000008.SZ,buy,9.203093899999999,300,2760.9281699999997,5.0,0.0,O001265,2023-06-28
2023-06-29,000011.SZ,buy,11.070659599999999,200,2214.13192,5.0,0.0,O001266,2023-06-28
2023-06-29,000017.SZ,buy,11.086875799999998,200,2217.3751599999996,5.0,0.0,O001267,2023-06-28
2023-06-29,000026.SZ,buy,11.732420699999999,200,2346.4841399999996,5.0,0.0,O001268,2023-06-28
2023-06-29,000028.SZ,buy,10.583573,200,2116.7146,5.0,0.0,O001269,2023-06-28
2023-06-29,000030.SZ,buy,10.1443342,200,2028.86684,5.0,0.0,O001270,2023-06-28
2023-06-29,000032.SZ,buy,6.966959999999999,400,2786.7839999999997,5.0,0.0,O001271,2023-06-28
2023-06-29,000046.SZ,buy,17.330012699999997,100,1733.0012699999997,5.0,0.0,O001272,2023-06-28
2023-06-30,000020.SZ,sell,8.070621299999999,3600,29054.236679999998,7.26355917,29.05423668,O001273,2023-06-29
2023-06-30,000003.SZ,buy,13.475261799999998,700,9432.683259999998,5.0,0.0,O001274,2023-06-29
2023-06-30,000011.SZ,buy,11.3055943,900,10175.03487,5.0,0.0,O001275,2023-06-29
2023-06-30,000012.SZ,buy,15.563648099999998,600,9338.188859999998,5.0,0.0,O001276,2023-06-29
2023-06-30,000013.SZ,buy,11.097986899999999,900,9988.188209999998,5.0,0.0,O001277,2023-06-29
2023-06-30,000017.SZ,buy,11.719707999999999,800,9375.766399999999,5.0,0.0,O001278,2023-06-29
2023-06-30,000023.SZ,buy,10.4805701,900,9432.51309,5.0,0.0,O001279,2023-06-29
2023-06-30,000026.SZ,buy,11.9744625,800,9579.57,5.0,0.0,O001280,2023-06-29
2023-06-30,000028.SZ,buy,10.5341236,900,9480.711239999999,5.0,0.0,O001281,2023-06-29
2023-06-30,000032.SZ,buy,6.961955,1400,9746.737,5.0,0.0,O001282,2023-06-29
2023-06-30,000044.SZ,buy,10.767756999999998,900,9690.981299999998,5.0,0.0,O001283,2023-06-29
2023-07-03,000005.SZ,buy,12.079967899999998,300,3623.9903699999995,5.0,0.0,O001284,2023-06-30
2023-07-03,000007.SZ,buy,13.248134899999998,300,3974.4404699999996,5.0,0.0,O001285,2023-06-30
2023-07-03,000008.SZ,buy,8.930721799999999,400,3572.2887199999996,5.0,0.0,O001286,2023-06-30
2023-07-03,000011.SZ,buy,11.291880599999999,300,3387.56418,5.0,0.0,O001287,2023-06-30
2023-07-03,000017.SZ,buy,11.766254499999999,300,3529.8763499999995,5.0,0.0,O001288,2023-06-30
2023-07-03,000026.SZ,buy,11.680168499999999,300,3504.0505499999995,5.0,0.0,O001289,2023-06-30
2023-07-03,000031.SZ,buy,10.114704599999998,300,3034.4113799999996,5.0,0.0,O001290,2023-06-30
2023-07-03,000032.SZ,buy,7.120413299999999,500,3560.2066499999996,5.0,0.0,O001291,2023-06-30
2023-07-03,000043.SZ,buy,10.087977899999998,400,4035.1911599999994,5.0,0.0,O001292,2023-06-30
2023-07-03,000044.SZ,buy,10.856245399999999,300,3256.87362,5.0,0.0,O001293,2023-06-30
2023-07-04,000022.SZ,sell,7.396596,1400,10355.2344,5.0,10.355234399999999,O001294,2023-07-03
2023-07-04,000023.SZ,sell,9.9619281,900,8965.73529,5.0,8.965735290000001,O001295,2023-07-03
2023-07-05,000012.SZ,sell,14.6081772,600,8764.90632,5.0,8.76490632,O001296,2023-07-04
2023-07-05,000001.SZ,buy,11.323011699999999,200,2264.60234,5.0,0.0,O001297,2023-07-04
2023-07-05,000011.SZ,buy,11.298186899999997,200,2259.6373799999997,5.0,0.0,O001298,2023-07-04
2023-07-05,000026.SZ,buy,11.983171199999997,200,2396.6342399999994,5.0,0.0,O001299,2023-07-04
2023-07-05,000031.SZ,buy,10.2906804,200,2058.1360799999998,5.0,0.0,O001300,2023-07-04
2023-07-05,000035.SZ,buy,9.404294899999998,200,1880.8589799999997,5.0,0.0,O001301,2023-07-04
2023-07-05,000038.SZ,buy,14.893678799999998,100,1489.3678799999998,5.0,0.0,O001302,2023-07-04
2023-07-05,000040.SZ,buy,14.529815299999997,100,1452.9815299999998,5.0,0.0,O001303,2023-07-04
2023-07-05,000042.SZ,buy,8.496488,200,1699.2975999999999,5.0,0.0,O001304,2023-07-04
2023-07-05,000043.SZ,buy,10.189579399999998,200,2037.9158799999996,5.0,0.0,O001305,2023-07-04
2023-07-05,000044.SZ,buy,11.200289099999999,200,2240.05782,5.0,0.0,O001306,2023-07-04
2023-07-06,000014.SZ,sell,12.412575,2000,24825.15,6.2062875,24.82515,O001307,2023-07-05
2023-07-06,000019.SZ,sell,12.684303,400,5073.7212,5.0,5.0737212000000005,O001308,2023-07-05
2023-07-06,000028.SZ,sell,9.7055847,3100,30087.31257,7.5218281424999995,30.087312569999998,O001309,2023-07-05
2023-07-06,000003.SZ,buy,14.176562399999998,100,1417.6562399999998,5.0,0.0,O001310,2023-07-05
2023-07-06,000017.SZ,buy,11.571660099999999,100,1157.16601,5.0,0.0,O001311,2023-07-05
2023-07-06,000018.SZ,buy,11.495784299999999,100,1149.5784299999998,5.0,0.0,O001312,2023-07-05
2023-07-06,000031.SZ,buy,10.102992899999998,100,1010.2992899999998,5.0,0.0,O001313,2023-07-05
2023-07-06,000032.SZ,buy,7.2377305,200,1447.5461,5.0,0.0,O001314,2023-07-05
2023-07-06,000043.SZ,buy,10.581971399999999,100,1058.1971399999998,5.0,0.0,O001315,2023-07-05
2023-07-06,000044.SZ,buy,11.614602999999999,100,1161.4603,5.0,0.0,O001316,2023-07-05
2023-07-07,000026.SZ,sell,11.6818065,7800,91118.0907,22.779522675,91.1180907,O001317,2023-07-06
2023-07-07,000047.SZ,sell,12.2762115,2500,30690.52875,7.6726321875000005,30.690528750000002,O001318,2023-07-06
2023-07-07,000002.SZ,buy,6.4163099,900,5774.67891,5.0,0.0,O001319,2023-07-06
2023-07-07,000003.SZ,buy,14.131016899999997,400,5652.406759999999,5.0,0.0,O001320,2023-07-06
2023-07-07,000005.SZ,buy,12.8130002,400,5125.20008,5.0,0.0,O001321,2023-07-06
2023-07-07,000010.SZ,buy,8.8629541,700,6204.06787,5.0,0.0,O001322,2023-07-06
2023-07-07,000016.SZ,buy,7.444737299999999,800,5955.7898399999995,5.0,0.0,O001323,2023-07-06
2023-07-07,000034.SZ,buy,9.181172,600,5508.7032,5.0,0.0,O001324,2023-07-06
2023-07-07,000040.SZ,buy,15.206491299999998,400,6082.596519999999,5.0,0.0,O001325,2023-07-06
2023-07-07,000043.SZ,buy,10.624914299999999,500,5312.457149999999,5.0,0.0,O001326,2023-07-06
2023-07-07,000044.SZ,buy,11.565754199999999,500,5782.8771,5.0,0.0,O001327,2023-07-06
2023-07-07,000046.SZ,buy,18.4355171,300,5530.655129999999,5.0,0.0,O001328,2023-07-06
2023-07-10,000008.SZ,sell,8.5881033,700,6011.67231,5.0,6.01167231,O001329,2023-07-07
2023-07-10,000002.SZ,buy,6.7570502999999995,1800,12162.69054,5.0,0.0,O001330,2023-07-07
2023-07-10,000009.SZ,buy,11.941329399999997,1000,11941.329399999997,5.0,0.0,O001331,2023-07-07
2023-07-10,000010.SZ,buy,9.1385294,1300,11880.08822,5.0,0.0,O001332,2023-07-07
2023-07-10,000011.SZ,buy,11.740028299999999,1000,11740.028299999998,5.0,0.0,O001333,2023-07-07
2023-07-10,000016.SZ,buy,7.422114699999999,1600,11875.383519999998,5.0,0.0,O001334,2023-07-07
2023-07-10,000040.SZ,buy,15.233117899999998,800,12186.494319999998,5.0,0.0,O001335,2023-07-07
2023-07-10,000041.SZ,buy,12.891979099999999,900,11602.781189999998,5.0,0.0,O001336,2023-07-07
2023-07-10,000043.SZ,buy,10.673963299999999,1100,11741.359629999999,5.0,0.0,O001337,2023-07-07
2023-07-10,000044.SZ,buy,11.8369251,1000,11836.9251,5.0,0.0,O001338,2023-07-07
2023-07-10,000046.SZ,buy,18.347629299999998,600,11008.57758,5.0,0.0,O001339,2023-07-07
2023-07-11,000018.SZ,sell,10.527362100000001,100,1052.73621,5.0,1.05273621,O001340,2023-07-10
2023-07-11,000031.SZ,sell,9.6716187,600,5802.971219999999,5.0,5.80297122,O001341,2023-07-10
2023-07-11,000010.SZ,buy,9.084775699999998,200,1816.9551399999996,5.0,0.0,O001342,2023-07-10
2023-07-11,000011.SZ,buy,11.781870099999997,100,1178.1870099999996,5.0,0.0,O001343,2023-07-10
2023-07-11,000016.SZ,buy,7.563255699999999,200,1512.65114,5.0,0.0,O001344,2023-07-10
2023-07-11,000029.SZ,buy,8.925916999999998,200,1785.1833999999997,5.0,0.0,O001345,2023-07-10
2023-07-11,000032.SZ,buy,7.558050499999999,200,1511.6100999999999,5.0,0.0,O001346,2023-07-10
2023-07-11,000033.SZ,buy,12.4663539,100,1246.63539,5.0,0.0,O001347,2023-07-10
2023-07-11,000040.SZ,buy,15.295079799999998,100,1529.5079799999999,5.0,0.0,O001348,2023-07-10
2023-07-11,000043.SZ,buy,10.8910802,100,1089.10802,5.0,0.0,O001349,2023-07-10
2023-07-11,000046.SZ,buy,17.991473499999998,100,1799.1473499999997,5.0,0.0,O001350,2023-07-10
2023-07-11,000048.SZ,buy,7.375468099999999,200,1475.0936199999999,5.0,0.0,O001351,2023-07-10
2023-07-12,000013.SZ,sell,10.427262299999999,3700,38580.87050999999,9.6452176275,38.58087051,O001352,2023-07-11
2023-07-12,000035.SZ,sell,8.813177999999999,200,1762.6355999999998,5.0,1.7626355999999999,O001353,2023-07-11
2023-07-12,000004.SZ,buy,10.327517199999999,100,1032.75172,5.0,0.0,O001354,2023-07-11
2023-07-12,000010.SZ,buy,9.1970879,100,919.7087899999999,5.0,0.0,O001355,2023-07-11
2023-07-12,000016.SZ,buy,7.625517899999998,100,762.5517899999999,5.0,0.0,O001356,2023-07-11
2023-07-12,000029.SZ,buy,9.286977699999998,100,928.6977699999998,5.0,0.0,O001357,2023-07-11
2023-07-12,000032.SZ,buy,7.666658999999999,100,766.6659,5.0,0.0,O001358,2023-07-11
2023-07-12,000050.SZ,buy,8.611002399999999,100,861.1002399999999,5.0,0.0,O001359,2023-07-11
2023-07-13,000030.SZ,sell,9.4988916,200,1899.7783200000001,5.0,1.8997783200000002,O001360,2023-07-12
2023-07-13,000002.SZ,buy,6.669663,600,4001.7978,5.0,0.0,O001361,2023-07-12
2023-07-13,000004.SZ,buy,10.4427323,400,4177.09292,5.0,0.0,O001362,2023-07-12
2023-07-13,000009.SZ,buy,12.211399199999999,300,3663.4197599999998,5.0,0.0,O001363,2023-07-12
2023-07-13,000010.SZ,buy,9.731021299999998,400,3892.4085199999995,5.0,0.0,O001364,2023-07-12
2023-07-13,000012.SZ,buy,14.798383599999998,200,2959.6767199999995,5.0,0.0,O001365,2023-07-12
2023-07-13,000016.SZ,buy,7.742835099999999,500,3871.417549999999,5.0,0.0,O001366,2023-07-12
2023-07-13,000029.SZ,buy,8.939930999999998,400,3575.972399999999,5.0,0.0,O001367,2023-07-12
2023-07-13,000032.SZ,buy,7.8772693999999985,500,3938.634699999999,5.0,0.0,O001368,2023-07-12
2023-07-13,000049.SZ,buy,9.6393297,400,3855.73188,5.0,0.0,O001369,2023-07-12
2023-07-13,000050.SZ,buy,8.7318231,500,4365.91155,5.0,0.0,O001370,2023-07-12
2023-07-14,000046.SZ,sell,17.6362461,12200,215162.20242000002,53.79055060500001,215.16220242000003,O001371,2023-07-13
2023-07-14,000002.SZ,buy,6.7327259999999995,100,673.2726,5.0,0.0,O001372,2023-07-13
2023-07-14,000029.SZ,buy,8.987178199999999,100,898.7178199999998,5.0,0.0,O001373,2023-07-13
2023-07-14,000032.SZ,buy,7.847940099999999,100,784.7940099999998,5.0,0.0,O001374,2023-07-13
2023-07-14,000050.SZ,buy,8.853344499999999,100,885.3344499999998,5.0,0.0,O001375,2023-07-13
2023-07-17,000002.SZ,sell,6.3730206,3400,21668.27004,5.41706751,21.66827004,O001376,2023-07-14
2023-07-17,000004.SZ,buy,10.836625799999998,1900,20589.589019999996,5.147397254999999,0.0,O001377,2023-07-14
2023-07-17,000009.SZ,buy,12.8867739,1600,20618.83824,5.154709560000001,0.0,O001378,2023-07-14
2023-07-17,000010.SZ,buy,10.5118013,2000,21023.602600000002,5.255900650000001,0.0,O001379,2023-07-14
2023-07-17,000012.SZ,buy,15.403287899999999,1300,20024.274269999998,5.0060685675,0.0,O001380,2023-07-14
2023-07-17,000019.SZ,buy,13.0318188,1600,20850.91008,5.2127275200000005,0.0,O001381,2023-07-14
2023-07-17,000024.SZ,buy,7.229722499999999,2900,20966.195249999997,5.2415488125,0.0,O001382,2023-07-14
2023-07-17,000032.SZ,buy,7.764556799999999,2700,20964.303359999998,5.24107584,0.0,O001383,2023-07-14
2023-07-17,000043.SZ,buy,11.377365999999999,1800,20479.258799999996,5.119814699999999,0.0,O001384,2023-07-14
2023-07-17,000049.SZ,buy,9.8051954,2100,20590.910340000002,5.147727585000001,0.0,O001385,2023-07-14
2023-07-17,000050.SZ,buy,9.025916899999999,2300,20759.608869999996,5.189902217499999,0.0,O001386,2023-07-14
2023-07-18,000015.SZ,sell,12.0904974,5900,71333.93466,17.833483665,71.33393466,O001387,2023-07-17
2023-07-18,000041.SZ,sell,12.2920956,6400,78669.41184,19.667352960000002,78.66941184000001,O001388,2023-07-17
2023-07-18,000008.SZ,buy,8.932823899999999,300,2679.8471699999996,5.0,0.0,O001389,2023-07-17
2023-07-18,000010.SZ,buy,10.5490385,300,3164.71155,5.0,0.0,O001390,2023-07-17
2023-07-18,000012.SZ,buy,15.7578421,200,3151.56842,5.0,0.0,O001391,2023-07-17
2023-07-18,000019.SZ,buy,12.9753624,200,2595.07248,5.0,0.0,O001392,2023-07-17
2023-07-18,000024.SZ,buy,7.314907599999999,400,2925.9630399999996,5.0,0.0,O001393,2023-07-17
2023-07-18,000025.SZ,buy,13.5231096,200,2704.62192,5.0,0.0,O001394,2023-07-17
2023-07-18,000028.SZ,buy,10.093082999999998,300,3027.9248999999995,5.0,0.0,O001395,2023-07-17
2023-07-18,000032.SZ,buy,7.756248499999999,400,3102.4993999999997,5.0,0.0,O001396,2023-07-17
2023-07-18,000049.SZ,buy,10.0409309,300,3012.27927,5.0,0.0,O001397,2023-07-17
2023-07-18,000050.SZ,buy,9.315105799999998,300,2794.5317399999994,5.0,0.0,O001398,2023-07-17
2023-07-19,000003.SZ,buy,15.0087938,900,13507.91442,5.0,0.0,O001399,2023-07-18
2023-07-19,000010.SZ,buy,10.452742299999999,1400,14633.839219999998,5.0,0.0,O001400,2023-07-18
2023-07-19,000012.SZ,buy,15.072157099999998,900,13564.941389999998,5.0,0.0,O001401,2023-07-18
2023-07-19,000019.SZ,buy,12.923210299999997,1100,14215.531329999998,5.0,0.0,O001402,2023-07-18
2023-07-19,000024.SZ,buy,7.4672598,1900,14187.79362,5.0,0.0,O001403,2023-07-18
2023-07-19,000025.SZ,buy,13.4379245,1100,14781.71695,5.0,0.0,O001404,2023-07-18
2023-07-19,000028.SZ,buy,10.113803699999998,1400,14159.325179999998,5.0,0.0,O001405,2023-07-18
2023-07-19,000030.SZ,buy,10.2301199,1400,14322.16786,5.0,0.0,O001406,2023-07-18
2023-07-19,000040.SZ,buy,15.519904399999998,900,13967.913959999998,5.0,0.0,O001407,2023-07-18
2023-07-19,000050.SZ,buy,9.285175899999999,1600,14856.281439999999,5.0,0.0,O001408,2023-07-18
2023-07-20,000004.SZ,buy,10.7286179,100,1072.86179,5.0,0.0,O001409,2023-07-19
2023-07-20,000010.SZ,buy,10.068958899999998,100,1006.8958899999998,5.0,0.0,O001410,2023-07-19
2023-07-20,000021.SZ,buy,11.168457299999998,100,1116.8457299999998,5.0,0.0,O001411,2023-07-19
2023-07-20,000024.SZ,buy,7.3407333999999995,100,734.0733399999999,5.0,0.0,O001412,2023-07-19
2023-07-20,000025.SZ,buy,13.162849699999997,100,1316.2849699999997,5.0,0.0,O001413,2023-07-19
2023-07-20,000028.SZ,buy,10.492481999999999,100,1049.2482,5.0,0.0,O001414,2023-07-19
2023-07-20,000030.SZ,buy,9.849839999999999,100,984.9839999999998,5.0,0.0,O001415,2023-07-19
2023-07-20,000031.SZ,buy,9.800790999999998,100,980.0790999999998,5.0,0.0,O001416,2023-07-19
2023-07-20,000032.SZ,buy,8.0298218,100,802.9821800000001,5.0,0.0,O001417,2023-07-19
2023-07-20,000050.SZ,buy,9.309099799999998,100,930.9099799999999,5.0,0.0,O001418,2023-07-19
2023-07-21,000008.SZ,sell,8.1200718,300,2436.0215399999997,5.0,2.4360215399999996,O001419,2023-07-20
2023-07-24,000011.SZ,sell,10.6078815,10200,108200.39129999999,27.050097824999998,108.20039129999999,O001420,2023-07-21
2023-07-24,000044.SZ,sell,10.738850399999999,3000,32216.551199999994,8.0541378,32.2165512,O001421,2023-07-21
2023-07-25,000012.SZ,sell,14.3870985,2600,37406.4561,9.351614025000002,37.40645610000001,O001422,2023-07-24
2023-07-25,000019.SZ,sell,12.197790000000001,2900,35373.591,8.84339775,35.373591,O001423,2023-07-24
2023-07-25,000030.SZ,sell,9.4618287,1500,14192.74305,5.0,14.192743049999999,O001424,2023-07-24
2023-07-25,000040.SZ,sell,14.624560800000001,10800,157945.25664,39.48631416,157.94525664,O001425,2023-07-24
2023-07-25,000001.SZ,buy,11.282070799999998,1200,13538.484959999998,5.0,0.0,O001426,2023-07-24
2023-07-25,000002.SZ,buy,6.747240499999999,2000,13494.480999999998,5.0,0.0,O001427,2023-07-24
2023-07-25,000004.SZ,buy,10.8553445,1200,13026.4134,5.0,0.0,O001428,2023-07-24
2023-07-25,000007.SZ,buy,13.907994099999998,1000,13907.994099999998,5.0,0.0,O001429,2023-07-24
2023-07-25,000017.SZ,buy,12.123511399999998,1100,13335.862539999998,5.0,0.0,O001430,2023-07-24
2023-07-25,000021.SZ,buy,11.845533699999999,1100,13030.08707,5.0,0.0,O001431,2023-07-24
2023-07-25,000027.SZ,buy,9.419810399999998,1400,13187.734559999997,5.0,0.0,O001432,2023-07-24
2023-07-25,000029.SZ,buy,9.241632399999999,1500,13862.448599999998,5.0,0.0,O001433,2023-07-24
2023-07-25,000032.SZ,buy,8.4266182,1600,13482.58912,5.0,0.0,O001434,2023-07-24
2023-07-25,000035.SZ,buy,9.6503407,1400,13510.47698,5.0,0.0,O001435,2023-07-24
2023-07-26,000003.SZ,sell,13.483203300000001,3800,51236.17254000001,12.809043135000001,51.236172540000005,O001436,2023-07-25
2023-07-26,000004.SZ,buy,10.8819711,2200,23940.33642,5.985084105,0.0,O001437,2023-07-25
2023-07-26,000007.SZ,buy,14.131817699999997,1700,24024.090089999994,6.006022522499999,0.0,O001438,2023-07-25
2023-07-26,000009.SZ,buy,12.543831299999999,1900,23833.279469999998,5.958319867499999,0.0,O001439,2023-07-25
2023-07-26,000017.SZ,buy,12.429416999999999,1900,23615.8923,5.903973075,0.0,O001440,2023-07-25
2023-07-26,000021.SZ,buy,12.3864741,1900,23534.300789999998,5.8835751975,0.0,O001441,2023-07-25
2023-07-26,000022.SZ,buy,7.318711399999999,3300,24151.747619999995,6.037936904999999,0.0,O001442,2023-07-25
2023-07-26,000027.SZ,buy,9.501091599999999,2500,23752.728999999996,5.938182249999999,0.0,O001443,2023-07-25
2023-07-26,000029.SZ,buy,9.1638547,2600,23826.02222,5.956505555,0.0,O001444,2023-07-25
2023-07-26,000032.SZ,buy,8.83883,2700,23864.841,5.9662102500000005,0.0,O001445,2023-07-25
2023-07-26,000035.SZ,buy,9.452643199999999,2500,23631.607999999997,5.907901999999999,0.0,O001446,2023-07-25
2023-07-27,000001.SZ,sell,10.7600292,1400,15064.04088,5.0,15.06404088,O001447,2023-07-26
2023-07-27,000028.SZ,sell,9.948941099999999,1800,17908.093979999998,5.0,17.908093979999997,O001448,2023-07-26
2023-07-27,000007.SZ,buy,13.985871899999998,400,5594.348759999999,5.0,0.0,O001449,2023-07-26
2023-07-27,000017.SZ,buy,13.097284199999997,500,6548.642099999998,5.0,0.0,O001450,2023-07-26
2023-07-27,000018.SZ,buy,11.049338299999999,600,6629.60298,5.0,0.0,O001451,2023-07-26
2023-07-27,000020.SZ,buy,7.020513499999999,900,6318.462149999999,5.0,0.0,O001452,2023-07-26
2023-07-27,000021.SZ,buy,12.223611399999998,500,6111.805699999999,5.0,0.0,O001453,2023-07-26
2023-07-27,000022.SZ,buy,7.4371297,800,5949.70376,5.0,0.0,O001454,2023-07-26
2023-07-27,000026.SZ,buy,11.424112699999998,500,5712.056349999999,5.0,0.0,O001455,2023-07-26
2023-07-27,000027.SZ,buy,9.692783099999998,600,5815.669859999999,5.0,0.0,O001456,2023-07-26
2023-07-27,000032.SZ,buy,8.563555,700,5994.4884999999995,5.0,0.0,O001457,2023-07-26
2023-07-27,000035.SZ,buy,9.644134499999998,600,5786.480699999999,5.0,0.0,O001458,2023-07-26
2023-07-28,000043.SZ,sell,9.8272629,4200,41274.504179999996,10.318626044999998,41.274504179999994,O001459,2023-07-27
2023-07-28,000005.SZ,buy,12.9257128,300,3877.71384,5.0,0.0,O001460,2023-07-27
2023-07-28,000006.SZ,buy,8.0111031,500,4005.5515499999997,5.0,0.0,O001461,2023-07-27
2023-07-28,000016.SZ,buy,7.963155199999998,500,3981.577599999999,5.0,0.0,O001462,2023-07-27
2023-07-28,000017.SZ,buy,13.331618299999999,300,3999.4854899999996,5.0,0.0,O001463,2023-07-27
2023-07-28,000018.SZ,buy,10.9688579,300,3290.65737,5.0,0.0,O001464,2023-07-27
2023-07-28,000020.SZ,buy,6.914908,500,3457.4539999999997,5.0,0.0,O001465,2023-07-27
2023-07-28,000021.SZ,buy,12.148035899999998,300,3644.4107699999995,5.0,0.0,O001466,2023-07-27
2023-07-28,000024.SZ,buy,7.6053977999999995,500,3802.6989,5.0,0.0,O001467,2023-07-27
2023-07-28,000027.SZ,buy,9.9091993,400,3963.6797199999996,5.0,0.0,O001468,2023-07-27
2023-07-28,000042.SZ,buy,8.010602599999999,500,4005.301299999999,5.0,0.0,O001469,2023-07-27
2023-07-31,000002.SZ,sell,6.306687,2000,12613.374,5.0,12.613374,O001470,2023-07-28
2023-07-31,000007.SZ,sell,13.47651,10700,144198.657,36.04966425,144.198657,O001471,2023-07-28
2023-07-31,000004.SZ,buy,11.343131799999998,300,3402.9395399999994,5.0,0.0,O001472,2023-07-28
2023-07-31,000006.SZ,buy,8.0307227,500,4015.36135,5.0,0.0,O001473,2023-07-28
2023-07-31,000016.SZ,buy,8.1011931,500,4050.5965499999998,5.0,0.0,O001474,2023-07-28
2023-07-31,000017.SZ,buy,13.1708577,300,3951.25731,5.0,0.0,O001475,2023-07-28
2023-07-31,000020.SZ,buy,7.2994921999999995,500,3649.7461,5.0,0.0,O001476,2023-07-28
2023-07-31,000022.SZ,buy,7.428120699999999,500,3714.0603499999997,5.0,0.0,O001477,2023-07-28
2023-07-31,000023.SZ,buy,9.118108999999999,400,3647.2435999999993,5.0,0.0,O001478,2023-07-28
2023-07-31,000027.SZ,buy,9.772963199999998,400,3909.1852799999992,5.0,0.0,O001479,2023-07-28
2023-07-31,000039.SZ,buy,9.1309218,400,3652.36872,5.0,0.0,O001480,2023-07-28
2023-07-31,000042.SZ,buy,8.286678399999998,500,4143.3391999999985,5.0,0.0,O001481,2023-07-28
2023-08-01,000009.SZ,sell,12.067020900000001,5900,71195.42331000001,17.798855827500002,71.19542331000001,O001482,2023-07-31
2023-08-01,000010.SZ,sell,10.0242657,6500,65157.72705000001,16.2894317625,65.15772705,O001483,2023-07-31
2023-08-01,000005.SZ,buy,13.041027999999999,1100,14345.130799999999,5.0,0.0,O001484,2023-07-31
2023-08-01,000006.SZ,buy,8.1032952,1900,15396.26088,5.0,0.0,O001485,2023-07-31
2023-08-01,000011.SZ,buy,11.192881699999997,1300,14550.746209999996,5.0,0.0,O001486,2023-07-31
2023-08-01,000016.SZ,buy,8.376668299999999,1800,15078.002939999997,5.0,0.0,O001487,2023-07-31
2023-08-01,000017.SZ,buy,12.9151022,1200,15498.12264,5.0,0.0,O001488,2023-07-31
2023-08-01,000019.SZ,buy,13.034621599999998,1100,14338.083759999998,5.0,0.0,O001489,2023-07-31
2023-08-01,000020.SZ,buy,7.094687599999999,2100,14898.843959999998,5.0,0.0,O001490,2023-07-31
2023-08-01,000039.SZ,buy,9.047438399999999,1700,15380.645279999999,5.0,0.0,O001491,2023-07-31
2023-08-01,000041.SZ,buy,12.3247124,1200,14789.654879999998,5.0,0.0,O001492,2023-07-31
2023-08-01,000047.SZ,buy,12.029517499999999,1200,14435.420999999998,5.0,0.0,O001493,2023-07-31
2023-08-02,000032.SZ,sell,8.346245399999999,12200,101824.19387999999,25.45604847,101.82419388,O001494,2023-08-01
2023-08-02,000011.SZ,buy,11.285574299999999,1200,13542.689159999998,5.0,0.0,O001495,2023-08-01
2023-08-02,000014.SZ,buy,12.421308899999998,1100,13663.439789999999,5.0,0.0,O001496,2023-08-01
2023-08-02,000016.SZ,buy,8.405396999999999,1700,14289.174899999998,5.0,0.0,O001497,2023-08-01
2023-08-02,000017.SZ,buy,13.0982852,1000,13098.2852,5.0,0.0,O001498,2023-08-01
2023-08-02,000019.SZ,buy,13.231318099999998,1000,13231.318099999997,5.0,0.0,O001499,2023-08-01
2023-08-02,000020.SZ,buy,7.277970699999999,1900,13828.14433,5.0,0.0,O001500,2023-08-01
2023-08-02,000025.SZ,buy,13.9497358,1000,13949.735799999999,5.0,0.0,O001501,2023-08-01
2023-08-02,000039.SZ,buy,9.036527499999998,1500,13554.791249999997,5.0,0.0,O001502,2023-08-01
2023-08-02,000044.SZ,buy,10.673663,1300,13875.7619,5.0,0.0,O001503,2023-08-01
2023-08-02,000047.SZ,buy,11.9552433,1200,14346.291959999999,5.0,0.0,O001504,2023-08-01
2023-08-03,000027.SZ,sell,9.295994700000001,5300,49268.77191000001,12.317192977500003,49.26877191000001,O001505,2023-08-02
2023-08-03,000031.SZ,sell,8.9322588,100,893.22588,5.0,0.89322588,O001506,2023-08-02
2023-08-03,000050.SZ,sell,8.9656254,5000,44828.127,11.20703175,44.828127,O001507,2023-08-02
2023-08-03,000005.SZ,buy,13.136623499999999,800,10509.298799999999,5.0,0.0,O001508,2023-08-02
2023-08-03,000006.SZ,buy,8.112904799999999,1300,10546.77624,5.0,0.0,O001509,2023-08-02
2023-08-03,000011.SZ,buy,11.500989499999998,900,10350.890549999998,5.0,0.0,O001510,2023-08-02
2023-08-03,000013.SZ,buy,10.384774399999998,1000,10384.774399999998,5.0,0.0,O001511,2023-08-02
2023-08-03,000014.SZ,buy,12.439827399999999,800,9951.86192,5.0,0.0,O001512,2023-08-02
2023-08-03,000016.SZ,buy,8.4679595,1300,11008.347349999998,5.0,0.0,O001513,2023-08-02
2023-08-03,000019.SZ,buy,13.018605599999997,800,10414.884479999997,5.0,0.0,O001514,2023-08-02
2023-08-03,000026.SZ,buy,11.7982865,900,10618.457849999999,5.0,0.0,O001515,2023-08-02
2023-08-03,000029.SZ,buy,9.7161064,1100,10687.71704,5.0,0.0,O001516,2023-08-02
2023-08-03,000047.SZ,buy,12.138025899999999,900,10924.22331,5.0,0.0,O001517,2023-08-02
2023-08-04,000048.SZ,sell,6.8508423,200,1370.16846,5.0,1.3701684600000001,O001518,2023-08-03
2023-08-04,000003.SZ,buy,14.1639498,700,9914.76486,5.0,0.0,O001519,2023-08-03
2023-08-04,000011.SZ,buy,11.802190399999999,800,9441.75232,5.0,0.0,O001520,2023-08-03
2023-08-04,000016.SZ,buy,8.278069799999999,1200,9933.683759999998,5.0,0.0,O001521,2023-08-03
2023-08-04,000020.SZ,buy,7.119111999999999,1400,9966.7568,5.0,0.0,O001522,2023-08-03
2023-08-04,000026.SZ,buy,11.850638799999999,800,9480.51104,5.0,0.0,O001523,2023-08-03
2023-08-04,000028.SZ,buy,9.913103199999998,1000,9913.103199999998,5.0,0.0,O001524,2023-08-03
2023-08-04,000029.SZ,buy,9.709199499999999,1000,9709.199499999999,5.0,0.0,O001525,2023-08-03
2023-08-04,000034.SZ,buy,9.5223128,1000,9522.3128,5.0,0.0,O001526,2023-08-03
2023-08-04,000044.SZ,buy,10.380069699999998,900,9342.062729999998,5.0,0.0,O001527,2023-08-03
2023-08-04,000047.SZ,buy,12.4186062,800,9934.88496,5.0,0.0,O001528,2023-08-03
2023-08-07,000004.SZ,sell,10.8666225,6200,67373.0595,16.843264875000003,67.37305950000001,O001529,2023-08-04
2023-08-07,000017.SZ,sell,12.722265,11500,146306.04750000002,36.576511875,146.3060475,O001530,2023-08-04
2023-08-07,000028.SZ,sell,9.482408099999999,1000,9482.408099999999,5.0,9.482408099999999,O001531,2023-08-04
2023-08-07,000039.SZ,sell,8.619072300000001,3600,31028.660280000004,7.757165070000001,31.028660280000004,O001532,2023-08-04
2023-08-08,000013.SZ,sell,9.9591309,1000,9959.1309,5.0,9.9591309,O001533,2023-08-07
2023-08-08,000035.SZ,sell,8.7518394,4500,39383.2773,9.845819325,39.3832773,O001534,2023-08-07
2023-08-08,000003.SZ,buy,14.692577899999998,1700,24977.382429999998,6.2443456075,0.0,O001535,2023-08-07
2023-08-08,000020.SZ,buy,7.3677604,3300,24313.60932,6.07840233,0.0,O001536,2023-08-07
2023-08-08,000021.SZ,buy,12.682369699999999,1900,24096.502429999997,6.024125607499999,0.0,O001537,2023-08-07
2023-08-08,000025.SZ,buy,14.225811599999998,1700,24183.879719999997,6.045969929999999,0.0,O001538,2023-08-07
2023-08-08,000029.SZ,buy,9.953643699999999,2500,24884.109249999998,6.2210273124999995,0.0,O001539,2023-08-07
2023-08-08,000032.SZ,buy,8.623414799999999,2900,25007.902919999997,6.251975729999999,0.0,O001540,2023-08-07
2023-08-08,000033.SZ,buy,12.647534899999998,1900,24030.31631,6.0075790775,0.0,O001541,2023-08-07
2023-08-08,000041.SZ,buy,13.233620399999998,1800,23820.516719999996,5.955129179999999,0.0,O001542,2023-08-07
2023-08-08,000045.SZ,buy,12.115203099999999,2000,24230.406199999998,6.057601549999999,0.0,O001543,2023-08-07
2023-08-08,000049.SZ,buy,10.201791599999998,2400,24484.299839999996,6.121074959999999,0.0,O001544,2023-08-07
2023-08-09,000026.SZ,sell,10.8715176,2200,23917.33872,5.97933468,23.91733872,O001545,2023-08-08
2023-08-09,000038.SZ,sell,14.423162399999999,100,1442.3162399999999,5.0,1.4423162399999998,O001546,2023-08-08
2023-08-09,000044.SZ,sell,10.086403500000001,2200,22190.087700000004,5.547521925000001,22.190087700000003,O001547,2023-08-08
2023-08-09,000003.SZ,buy,14.8086939,400,5923.47756,5.0,0.0,O001548,2023-08-08
2023-08-09,000006.SZ,buy,8.1124043,800,6489.92344,5.0,0.0,O001549,2023-08-08
2023-08-09,000011.SZ,buy,11.528617099999998,500,5764.308549999999,5.0,0.0,O001550,2023-08-08
2023-08-09,000021.SZ,buy,12.6664538,500,6333.2269,5.0,0.0,O001551,2023-08-08
2023-08-09,000025.SZ,buy,14.671556899999999,400,5868.622759999999,5.0,0.0,O001552,2023-08-08
2023-08-09,000029.SZ,buy,9.833523699999999,600,5900.1142199999995,5.0,0.0,O001553,2023-08-08
2023-08-09,000031.SZ,buy,9.496887399999999,600,5698.132439999999,5.0,0.0,O001554,2023-08-08
2023-08-09,000041.SZ,buy,13.491578099999998,400,5396.631239999999,5.0,0.0,O001555,2023-08-08
2023-08-09,000045.SZ,buy,12.091579499999998,500,6045.789749999999,5.0,0.0,O001556,2023-08-08
2023-08-09,000047.SZ,buy,12.324011699999998,500,6162.005849999999,5.0,0.0,O001557,2023-08-08
2023-08-10,000005.SZ,sell,12.320267399999999,2900,35728.77546,8.932193865,35.72877546,O001558,2023-08-09
2023-08-10,000018.SZ,sell,10.5992901,900,9539.361089999999,5.0,9.539361089999998,O001559,2023-08-09
2023-08-10,000024.SZ,sell,7.216376400000001,5800,41854.983120000004,10.463745780000002,41.85498312000001,O001560,2023-08-09
2023-08-10,000003.SZ,buy,14.750335599999998,300,4425.10068,5.0,0.0,O001561,2023-08-09
2023-08-10,000014.SZ,buy,13.183270099999998,400,5273.308039999999,5.0,0.0,O001562,2023-08-09
2023-08-10,000021.SZ,buy,12.5894769,400,5035.79076,5.0,0.0,O001563,2023-08-09
2023-08-10,000027.SZ,buy,9.501191699999998,500,4750.595849999999,5.0,0.0,O001564,2023-08-09
2023-08-10,000033.SZ,buy,12.941628699999997,400,5176.651479999999,5.0,0.0,O001565,2023-08-09
2023-08-10,000040.SZ,buy,13.0515385,400,5220.6154,5.0,0.0,O001566,2023-08-09
2023-08-10,000041.SZ,buy,13.638124499999998,300,4091.4373499999992,5.0,0.0,O001567,2023-08-09
2023-08-10,000045.SZ,buy,12.646834199999999,400,5058.733679999999,5.0,0.0,O001568,2023-08-09
2023-08-10,000046.SZ,buy,15.357742399999998,300,4607.322719999999,5.0,0.0,O001569,2023-08-09
2023-08-10,000047.SZ,buy,12.579867299999998,400,5031.946919999999,5.0,0.0,O001570,2023-08-09
2023-08-11,000011.SZ,sell,11.2927959,4700,53076.14073,13.2690351825,53.07614073,O001571,2023-08-10
2023-08-11,000031.SZ,sell,8.4430485,600,5065.8291,5.0,5.0658291,O001572,2023-08-10
2023-08-11,000034.SZ,sell,9.1266642,3000,27379.9926,6.84499815,27.3799926,O001573,2023-08-10
2023-08-11,000001.SZ,buy,10.9961852,800,8796.94816,5.0,0.0,O001574,2023-08-10
2023-08-11,000003.SZ,buy,14.661847199999999,600,8797.10832,5.0,0.0,O001575,2023-08-10
2023-08-11,000014.SZ,buy,13.6483347,600,8189.000819999999,5.0,0.0,O001576,2023-08-10
2023-08-11,000016.SZ,buy,8.665857199999998,1000,8665.857199999999,5.0,0.0,O001577,2023-08-10
2023-08-11,000027.SZ,buy,9.459449999999999,900,8513.505,5.0,0.0,O001578,2023-08-10
2023-08-11,000029.SZ,buy,10.3562459,800,8284.99672,5.0,0.0,O001579,2023-08-10
2023-08-11,000041.SZ,buy,13.8353215,600,8301.1929,5.0,0.0,O001580,2023-08-10
2023-08-11,000045.SZ,buy,12.7883756,700,8951.86292,5.0,0.0,O001581,2023-08-10
2023-08-11,000046.SZ,buy,15.597181599999999,500,7798.5908,5.0,0.0,O001582,2023-08-10
2023-08-11,000048.SZ,buy,7.1305233999999995,1200,8556.628079999999,5.0,0.0,O001583,2023-08-10
2023-08-14,000009.SZ,buy,12.555943399999999,700,8789.16038,5.0,0.0,O001584,2023-08-11
2023-08-14,000014.SZ,buy,13.352038699999998,600,8011.223219999999,5.0,0.0,O001585,2023-08-11
2023-08-14,000016.SZ,buy,8.763454699999999,1000,8763.454699999998,5.0,0.0,O001586,2023-08-11
2023-08-14,000026.SZ,buy,11.656544899999998,700,8159.581429999999,5.0,0.0,O001587,2023-08-11
2023-08-14,000029.SZ,buy,10.600089499999997,800,8480.071599999997,5.0,0.0,O001588,2023-08-11
2023-08-14,000041.SZ,buy,13.5728593,600,8143.715579999999,5.0,0.0,O001589,2023-08-11
2023-08-14,000045.SZ,buy,12.9517388,600,7771.04328,5.0,0.0,O001590,2023-08-11
2023-08-14,000046.SZ,buy,15.901885999999998,500,7950.942999999998,5.0,0.0,O001591,2023-08-11
2023-08-14,000047.SZ,buy,12.436223799999999,700,8705.35666,5.0,0.0,O001592,2023-08-11
2023-08-14,000048.SZ,buy,7.0861791,1200,8503.41492,5.0,0.0,O001593,2023-08-11
2023-08-15,000003.SZ,sell,14.031054899999999,3700,51914.90313,12.9787257825,51.91490313,O001594,2023-08-14
2023-08-15,000020.SZ,sell,6.7703229,10600,71765.42274,17.941355684999998,71.76542273999999,O001595,2023-08-14
2023-08-15,000021.SZ,sell,12.2596281,6700,82139.50827,20.534877067500002,82.13950827000001,O001596,2023-08-14
2023-08-15,000022.SZ,sell,6.8374557,4600,31452.296219999997,7.863074054999999,31.452296219999997,O001597,2023-08-14
2023-08-15,000016.SZ,buy,9.1440349,100,914.4034899999999,5.0,0.0,O001598,2023-08-14
2023-08-15,000029.SZ,buy,10.8038931,100,1080.38931,5.0,0.0,O001599,2023-08-14
2023-08-15,000034.SZ,buy,9.240731499999999,100,924.0731499999999,5.0,0.0,O001600,2023-08-14
2023-08-15,000035.SZ,buy,9.2166074,100,921.6607399999999,5.0,0.0,O001601,2023-08-14
2023-08-15,000039.SZ,buy,8.996987999999998,100,899.6987999999998,5.0,0.0,O001602,2023-08-14
2023-08-15,000044.SZ,buy,11.030219199999998,100,1103.0219199999997,5.0,0.0,O001603,2023-08-14
2023-08-16,000019.SZ,sell,12.462525,2900,36141.322499999995,9.035330624999999,36.141322499999994,O001604,2023-08-15
2023-08-16,000023.SZ,sell,8.5927986,400,3437.11944,5.0,3.43711944,O001605,2023-08-15
2023-08-16,000007.SZ,buy,14.556541999999999,1500,21834.813,5.45870325,0.0,O001606,2023-08-15
2023-08-16,000010.SZ,buy,9.994984999999998,2300,22988.465499999995,5.747116374999999,0.0,O001607,2023-08-15
2023-08-16,000016.SZ,buy,8.961852899999998,2500,22404.632249999995,5.601158062499999,0.0,O001608,2023-08-15
2023-08-16,000017.SZ,buy,12.805092299999998,1800,23049.166139999998,5.762291534999999,0.0,O001609,2023-08-15
2023-08-16,000026.SZ,buy,11.804792999999998,1900,22429.106699999997,5.607276675,0.0,O001610,2023-08-15
2023-08-16,000029.SZ,buy,10.404594199999998,2200,22890.107239999998,5.72252681,0.0,O001611,2023-08-15
2023-08-16,000034.SZ,buy,9.4878784,2400,22770.90816,5.69272704,0.0,O001612,2023-08-15
2023-08-16,000036.SZ,buy,12.226514299999998,1800,22007.725739999998,5.5019314349999995,0.0,O001613,2023-08-15
2023-08-16,000044.SZ,buy,10.950539599999999,2100,22996.133159999998,5.74903329,0.0,O001614,2023-08-15
2023-08-16,000046.SZ,buy,16.0106947,1400,22414.972579999998,5.603743144999999,0.0,O001615,2023-08-15
2023-08-17,000027.SZ,sell,8.6047866,1400,12046.70124,5.0,12.04670124,O001616,2023-08-16
2023-08-17,000035.SZ,sell,8.685405900000001,100,868.5405900000001,5.0,0.8685405900000001,O001617,2023-08-16
2023-08-17,000006.SZ,buy,8.644135499999999,600,5186.4812999999995,5.0,0.0,O001618,2023-08-16
2023-08-17,000016.SZ,buy,9.224014799999999,500,4612.0073999999995,5.0,0.0,O001619,2023-08-16
2023-08-17,000017.SZ,buy,12.607695099999999,400,5043.078039999999,5.0,0.0,O001620,2023-08-16
2023-08-17,000026.SZ,buy,11.742030299999998,400,4696.81212,5.0,0.0,O001621,2023-08-16
2023-08-17,000029.SZ,buy,10.512301799999998,500,5256.150899999999,5.0,0.0,O001622,2023-08-16
2023-08-17,000034.SZ,buy,9.5018924,500,4750.946199999999,5.0,0.0,O001623,2023-08-16
2023-08-17,000037.SZ,buy,8.250942699999998,600,4950.5656199999985,5.0,0.0,O001624,2023-08-16
2023-08-17,000044.SZ,buy,10.6093988,500,5304.6993999999995,5.0,0.0,O001625,2023-08-16
2023-08-17,000048.SZ,buy,7.199492299999999,700,5039.644609999999,5.0,0.0,O001626,2023-08-16
2023-08-17,000049.SZ,buy,10.661050399999999,500,5330.525199999999,5.0,0.0,O001627,2023-08-16
2023-08-18,000040.SZ,sell,12.2960916,400,4918.43664,5.0,4.91843664,O001628,2023-08-17
2023-08-18,000041.SZ,sell,12.825661499999999,4900,62845.74135,15.7114353375,62.84574135,O001629,2023-08-17
2023-08-18,000007.SZ,buy,14.121507399999999,100,1412.1507399999998,5.0,0.0,O001630,2023-08-17
2023-08-18,000016.SZ,buy,9.603694099999998,100,960.3694099999998,5.0,0.0,O001631,2023-08-17
2023-08-18,000025.SZ,buy,14.301487199999999,100,1430.14872,5.0,0.0,O001632,2023-08-17
2023-08-18,000029.SZ,buy,10.7730623,100,1077.30623,5.0,0.0,O001633,2023-08-17
2023-08-18,000032.SZ,buy,8.677568899999999,200,1735.5137799999998,5.0,0.0,O001634,2023-08-17
2023-08-18,000034.SZ,buy,9.764554799999999,100,976.4554799999999,5.0,0.0,O001635,2023-08-17
2023-08-18,000036.SZ,buy,12.232019799999998,100,1223.2019799999998,5.0,0.0,O001636,2023-08-17
2023-08-18,000037.SZ,buy,8.155247099999999,200,1631.0494199999998,5.0,0.0,O001637,2023-08-17
2023-08-18,000042.SZ,buy,8.4201117,200,1684.02234,5.0,0.0,O001638,2023-08-17
2023-08-18,000043.SZ,buy,9.771461699999998,100,977.1461699999998,5.0,0.0,O001639,2023-08-17
2023-08-21,000014.SZ,sell,12.7080792,3500,44478.277200000004,11.119569300000002,44.47827720000001,O001640,2023-08-18
2023-08-21,000005.SZ,buy,12.820207399999997,500,6410.103699999999,5.0,0.0,O001641,2023-08-18
2023-08-21,000008.SZ,buy,7.608300699999999,900,6847.470629999999,5.0,0.0,O001642,2023-08-18
2023-08-21,000016.SZ,buy,9.8947849,700,6926.349429999999,5.0,0.0,O001643,2023-08-18
2023-08-21,000025.SZ,buy,14.6393247,400,5855.72988,5.0,0.0,O001644,2023-08-18
2023-08-21,000034.SZ,buy,9.8066969,700,6864.68783,5.0,0.0,O001645,2023-08-18
2023-08-21,000036.SZ,buy,12.1912791,500,6095.63955,5.0,0.0,O001646,2023-08-18
2023-08-21,000037.SZ,buy,8.334526199999999,800,6667.620959999999,5.0,0.0,O001647,2023-08-18
2023-08-21,000042.SZ,buy,8.869861,700,6208.902700000001,5.0,0.0,O001648,2023-08-18
2023-08-21,000043.SZ,buy,9.8450352,700,6891.52464,5.0,0.0,O001649,2023-08-18
2023-08-21,000049.SZ,buy,10.841030199999999,600,6504.618119999999,5.0,0.0,O001650,2023-08-18
2023-08-22,000009.SZ,sell,11.7625257,700,8233.76799,5.0,8.23376799,O001651,2023-08-21
2023-08-22,000010.SZ,sell,9.501389099999999,2300,21853.194929999998,5.463298732499999,21.853194929999997,O001652,2023-08-21
2023-08-22,000039.SZ,sell,8.513877599999999,100,851.3877599999998,5.0,0.8513877599999998,O001653,2023-08-21
2023-08-22,000046.SZ,sell,15.137946900000001,2700,40872.45663,10.2181141575,40.87245663,O001654,2023-08-21
2023-08-22,000007.SZ,buy,15.059244199999998,300,4517.77326,5.0,0.0,O001655,2023-08-21
2023-08-22,000013.SZ,buy,9.8626528,500,4931.3264,5.0,0.0,O001656,2023-08-21
2023-08-22,000016.SZ,buy,9.736927199999998,500,4868.463599999999,5.0,0.0,O001657,2023-08-21
2023-08-22,000028.SZ,buy,9.587377799999999,500,4793.688899999999,5.0,0.0,O001658,2023-08-21
2023-08-22,000031.SZ,buy,8.467158699999999,500,4233.579349999999,5.0,0.0,O001659,2023-08-21
2023-08-22,000034.SZ,buy,9.701692,500,4850.846,5.0,0.0,O001660,2023-08-21
2023-08-22,000037.SZ,buy,8.267559299999999,600,4960.535579999999,5.0,0.0,O001661,2023-08-21
2023-08-22,000042.SZ,buy,8.572564,500,4286.282,5.0,0.0,O001662,2023-08-21
2023-08-22,000043.SZ,buy,9.969859899999998,500,4984.929949999999,5.0,0.0,O001663,2023-08-21
2023-08-22,000049.SZ,buy,10.7859752,400,4314.39008,5.0,0.0,O001664,2023-08-21
2023-08-23,000025.SZ,sell,13.9207653,5000,69603.8265,17.400956625,69.6038265,O001665,2023-08-22
2023-08-23,000005.SZ,buy,13.220707499999998,500,6610.353749999999,5.0,0.0,O001666,2023-08-22
2023-08-23,000007.SZ,buy,15.486671199999998,400,6194.668479999999,5.0,0.0,O001667,2023-08-22
2023-08-23,000016.SZ,buy,9.610300699999998,700,6727.210489999999,5.0,0.0,O001668,2023-08-22
2023-08-23,000018.SZ,buy,11.282771499999999,600,6769.662899999999,5.0,0.0,O001669,2023-08-22
2023-08-23,000023.SZ,buy,8.984475499999999,800,7187.580399999999,5.0,0.0,O001670,2023-08-22
2023-08-23,000030.SZ,buy,7.9374294999999995,900,7143.686549999999,5.0,0.0,O001671,2023-08-22
2023-08-23,000032.SZ,buy,8.7024938,800,6961.99504,5.0,0.0,O001672,2023-08-22
2023-08-23,000037.SZ,buy,8.178470299999999,900,7360.623269999999,5.0,0.0,O001673,2023-08-22
2023-08-23,000042.SZ,buy,8.877868999999999,800,7102.295199999999,5.0,0.0,O001674,2023-08-22
2023-08-23,000049.SZ,buy,11.0587477,600,6635.248619999999,5.0,0.0,O001675,2023-08-22
2023-08-24,000006.SZ,sell,8.099892,5600,45359.395200000006,11.339848800000002,45.35939520000001,O001676,2023-08-23
2023-08-24,000048.SZ,sell,6.8606324999999995,3100,21267.96075,5.3169901875,21.26796075,O001677,2023-08-23
2023-08-24,000005.SZ,buy,13.692378699999997,500,6846.189349999999,5.0,0.0,O001678,2023-08-23
2023-08-24,000007.SZ,buy,15.698783099999998,400,6279.513239999999,5.0,0.0,O001679,2023-08-23
2023-08-24,000018.SZ,buy,11.387375999999998,600,6832.425599999999,5.0,0.0,O001680,2023-08-23
2023-08-24,000023.SZ,buy,8.835526699999999,800,7068.421359999999,5.0,0.0,O001681,2023-08-23
2023-08-24,000026.SZ,buy,12.641028399999998,500,6320.514199999999,5.0,0.0,O001682,2023-08-23
2023-08-24,000030.SZ,buy,7.8287208999999995,900,7045.8488099999995,5.0,0.0,O001683,2023-08-23
2023-08-24,000035.SZ,buy,9.044735699999999,800,7235.788559999999,5.0,0.0,O001684,2023-08-23
2023-08-24,000036.SZ,buy,12.783771,500,6391.8855,5.0,0.0,O001685,2023-08-23
2023-08-24,000044.SZ,buy,11.253742499999998,600,6752.245499999999,5.0,0.0,O001686,2023-08-23
2023-08-24,000045.SZ,buy,12.869856999999998,500,6434.928499999999,5.0,0.0,O001687,2023-08-23
2023-08-25,000029.SZ,sell,10.1642256,14600,148397.69376,37.09942344,148.39769376,O001688,2023-08-24
2023-08-25,000004.SZ,buy,11.022511499999998,600,6613.506899999999,5.0,0.0,O001689,2023-08-24
2023-08-25,000005.SZ,buy,14.225210999999998,500,7112.605499999999,5.0,0.0,O001690,2023-08-24
2023-08-25,000007.SZ,buy,15.395880499999999,400,6158.352199999999,5.0,0.0,O001691,2023-08-24
2023-08-25,000023.SZ,buy,8.9210121,800,7136.80968,5.0,0.0,O001692,2023-08-24
2023-08-25,000026.SZ,buy,12.505993499999997,500,6252.996749999998,5.0,0.0,O001693,2023-08-24
2023-08-25,000028.SZ,buy,9.469560099999999,700,6628.692069999999,5.0,0.0,O001694,2023-08-24
2023-08-25,000030.SZ,buy,8.322514199999999,800,6658.011359999999,5.0,0.0,O001695,2023-08-24
2023-08-25,000036.SZ,buy,12.701688999999998,500,6350.844499999999,5.0,0.0,O001696,2023-08-24
2023-08-25,000042.SZ,buy,8.8175087,800,7054.00696,5.0,0.0,O001697,2023-08-24
2023-08-25,000044.SZ,buy,11.182771599999999,600,6709.66296,5.0,0.0,O001698,2023-08-24
2023-08-28,000002.SZ,buy,5.8723665,2500,14680.91625,5.0,0.0,O001699,2023-08-25
2023-08-28,000004.SZ,buy,10.9644535,1300,14253.78955,5.0,0.0,O001700,2023-08-25
2023-08-28,000005.SZ,buy,13.859846,1000,13859.846,5.0,0.0,O001701,2023-08-25
2023-08-28,000007.SZ,buy,15.906490599999998,900,14315.841539999998,5.0,0.0,O001702,2023-08-25
2023-08-28,000020.SZ,buy,7.032525499999999,2100,14768.303549999999,5.0,0.0,O001703,2023-08-25
2023-08-28,000021.SZ,buy,13.0889759,1100,14397.87349,5.0,0.0,O001704,2023-08-25
2023-08-28,000026.SZ,buy,11.839727899999998,1200,14207.673479999998,5.0,0.0,O001705,2023-08-25
2023-08-28,000030.SZ,buy,8.485577099999999,1700,14425.481069999998,5.0,0.0,O001706,2023-08-25
2023-08-28,000036.SZ,buy,12.9424295,1100,14236.67245,5.0,0.0,O001707,2023-08-25
2023-08-28,000044.SZ,buy,11.104293199999999,1300,14435.581159999998,5.0,0.0,O001708,2023-08-25
2023-08-29,000031.SZ,sell,7.7474448,500,3873.7224,5.0,3.8737224,O001709,2023-08-28
2023-08-29,000002.SZ,buy,5.823918099999999,200,1164.78362,5.0,0.0,O001710,2023-08-28
2023-08-29,000004.SZ,buy,11.113202099999999,100,1111.3202099999999,5.0,0.0,O001711,2023-08-28
2023-08-29,000005.SZ,buy,13.8129992,100,1381.29992,5.0,0.0,O001712,2023-08-28
2023-08-29,000021.SZ,buy,12.943330399999999,100,1294.33304,5.0,0.0,O001713,2023-08-28
2023-08-29,000026.SZ,buy,12.330317999999998,100,1233.0317999999997,5.0,0.0,O001714,2023-08-28
2023-08-29,000030.SZ,buy,8.3885802,100,838.85802,5.0,0.0,O001715,2023-08-28
2023-08-29,000039.SZ,buy,8.9370281,100,893.7028099999999,5.0,0.0,O001716,2023-08-28
2023-08-29,000045.SZ,buy,13.553539999999998,100,1355.3539999999998,5.0,0.0,O001717,2023-08-28
2023-08-29,000047.SZ,buy,13.024711699999997,100,1302.4711699999998,5.0,0.0,O001718,2023-08-28
2023-08-30,000002.SZ,buy,5.9596537,100,595.96537,5.0,0.0,O001719,2023-08-29
2023-08-31,000001.SZ,sell,10.929759299999999,800,8743.807439999999,5.0,8.74380744,O001720,2023-08-30
2023-08-31,000017.SZ,sell,11.6933949,2200,25725.46878,6.431367195,25.72546878,O001721,2023-08-30
2023-08-31,000018.SZ,sell,10.9315575,1200,13117.869,5.0,13.117869,O001722,2023-08-30
2023-08-31,000036.SZ,sell,12.0900978,4500,54405.4401,13.601360025,54.4054401,O001723,2023-08-30
2023-08-31,000002.SZ,buy,6.1809747999999995,100,618.0974799999999,5.0,0.0,O001724,2023-08-30
2023-08-31,000008.SZ,buy,7.673565899999999,100,767.3565899999999,5.0,0.0,O001725,2023-08-30
2023-09-01,000005.SZ,sell,13.2018849,3100,40925.84319,10.2314607975,40.92584319,O001726,2023-08-31
2023-09-01,000023.SZ,sell,8.569322099999999,2400,20566.37304,5.14159326,20.56637304,O001727,2023-08-31
2023-09-01,000042.SZ,sell,8.3999916,6000,50399.9496,12.5999874,50.3999496,O001728,2023-08-31
2023-09-01,000002.SZ,buy,6.2785722999999996,1600,10045.71568,5.0,0.0,O001729,2023-08-31
2023-09-01,000003.SZ,buy,13.277964699999998,700,9294.575289999999,5.0,0.0,O001730,2023-08-31
2023-09-01,000007.SZ,buy,16.161545399999998,600,9696.927239999999,5.0,0.0,O001731,2023-08-31
2023-09-01,000008.SZ,buy,7.696889199999998,1300,10005.955959999998,5.0,0.0,O001732,2023-08-31
2023-09-01,000013.SZ,buy,10.034524499999998,1000,10034.524499999998,5.0,0.0,O001733,2023-08-31
2023-09-01,000025.SZ,buy,13.544130599999999,700,9480.89142,5.0,0.0,O001734,2023-08-31
2023-09-01,000030.SZ,buy,8.7166079,1100,9588.268689999999,5.0,0.0,O001735,2023-08-31
2023-09-01,000037.SZ,buy,8.790982199999998,1100,9670.080419999998,5.0,0.0,O001736,2023-08-31
2023-09-01,000039.SZ,buy,9.043434399999999,1100,9947.777839999999,5.0,0.0,O001737,2023-08-31
2023-09-01,000045.SZ,buy,13.218104899999998,700,9252.673429999999,5.0,0.0,O001738,2023-08-31
2023-09-04,000021.SZ,sell,12.438249299999999,1200,14925.899159999999,5.0,14.92589916,O001739,2023-09-01
2023-09-04,000049.SZ,sell,10.5688206,7300,77152.39038,19.288097595,77.15239038,O001740,2023-09-01
2023-09-04,000002.SZ,buy,6.186179999999999,1800,11135.123999999998,5.0,0.0,O001741,2023-09-01
2023-09-04,000006.SZ,buy,8.1022942,1400,11343.211879999999,5.0,0.0,O001742,2023-09-01
2023-09-04,000008.SZ,buy,7.956648699999999,1400,11139.308179999998,5.0,0.0,O001743,2023-09-01
2023-09-04,000010.SZ,buy,9.039029999999999,1200,10846.835999999998,5.0,0.0,O001744,2023-09-01
2023-09-04,000013.SZ,buy,9.826216399999998,1100,10808.838039999999,5.0,0.0,O001745,2023-09-01
2023-09-04,000019.SZ,buy,12.612599999999999,900,11351.339999999998,5.0,0.0,O001746,2023-09-01
2023-09-04,000025.SZ,buy,13.7796659,800,11023.73272,5.0,0.0,O001747,2023-09-01
2023-09-04,000026.SZ,buy,12.356343999999998,900,11120.709599999998,5.0,0.0,O001748,2023-09-01
2023-09-04,000037.SZ,buy,8.8724636,1300,11534.20268,5.0,0.0,O001749,2023-09-01
2023-09-04,000047.SZ,buy,13.202589399999997,800,10562.071519999998,5.0,0.0,O001750,2023-09-01
2023-09-05,000044.SZ,sell,10.4895,5200,54545.4,13.63635,54.5454,O001751,2023-09-04
2023-09-05,000047.SZ,sell,12.4189686,6600,81965.19275999999,20.49129819,81.96519276,O001752,2023-09-04
2023-09-05,000002.SZ,buy,6.1923862,1600,9907.81792,5.0,0.0,O001753,2023-09-04
2023-09-05,000007.SZ,buy,16.459543099999998,600,9875.725859999999,5.0,0.0,O001754,2023-09-04
2023-09-05,000008.SZ,buy,7.916308399999999,1200,9499.57008,5.0,0.0,O001755,2023-09-04
2023-09-05,000009.SZ,buy,11.770158399999998,800,9416.126719999998,5.0,0.0,O001756,2023-09-04
2023-09-05,000016.SZ,buy,9.9478379,900,8953.05411,5.0,0.0,O001757,2023-09-04
2023-09-05,000019.SZ,buy,12.834721899999998,700,8984.30533,5.0,0.0,O001758,2023-09-04
2023-09-05,000020.SZ,buy,7.0649579,1400,9890.94106,5.0,0.0,O001759,2023-09-04
2023-09-05,000030.SZ,buy,8.666357699999999,1100,9532.99347,5.0,0.0,O001760,2023-09-04
2023-09-05,000042.SZ,buy,8.6013928,1100,9461.532079999999,5.0,0.0,O001761,2023-09-04
2023-09-05,000043.SZ,buy,10.344934599999998,900,9310.441139999999,5.0,0.0,O001762,2023-09-04
2023-09-06,000003.SZ,sell,12.7648224,700,8935.37568,5.0,8.93537568,O001763,2023-09-05
2023-09-06,000028.SZ,sell,9.046344600000001,1200,10855.61352,5.0,10.85561352,O001764,2023-09-05
2023-09-06,000035.SZ,sell,8.876115,800,7100.892000000001,5.0,7.100892000000001,O001765,2023-09-05
2023-09-06,000002.SZ,buy,6.5117052,2100,13674.58092,5.0,0.0,O001766,2023-09-05
2023-09-06,000008.SZ,buy,7.974466499999999,1700,13556.59305,5.0,0.0,O001767,2023-09-05
2023-09-06,000013.SZ,buy,10.4020917,1300,13522.71921,5.0,0.0,O001768,2023-09-05
2023-09-06,000014.SZ,buy,13.068155099999998,1000,13068.155099999998,5.0,0.0,O001769,2023-09-05
2023-09-06,000016.SZ,buy,10.0407307,1300,13052.94991,5.0,0.0,O001770,2023-09-05
2023-09-06,000020.SZ,buy,7.1048978,1900,13499.30582,5.0,0.0,O001771,2023-09-05
2023-09-06,000022.SZ,buy,6.665759099999999,2000,13331.518199999999,5.0,0.0,O001772,2023-09-05
2023-09-06,000037.SZ,buy,8.8397309,1500,13259.59635,5.0,0.0,O001773,2023-09-05
2023-09-06,000040.SZ,buy,12.707394699999998,1000,12707.394699999999,5.0,0.0,O001774,2023-09-05
2023-09-06,000043.SZ,buy,10.3636533,1300,13472.74929,5.0,0.0,O001775,2023-09-05
2023-09-07,000025.SZ,sell,12.6120753,1500,18918.112950000002,5.0,18.91811295,O001776,2023-09-06
2023-09-07,000026.SZ,sell,11.1892995,6200,69373.6569,17.343414225,69.3736569,O001777,2023-09-06
2023-09-07,000030.SZ,sell,8.1992925,6600,54115.330500000004,13.528832625000001,54.115330500000006,O001778,2023-09-06
2023-09-07,000034.SZ,sell,9.4297608,4300,40547.97144,10.136992860000001,40.547971440000005,O001779,2023-09-06
2023-09-07,000008.SZ,buy,8.080972899999999,400,3232.3891599999997,5.0,0.0,O001780,2023-09-06
2023-09-07,000013.SZ,buy,10.270259999999999,300,3081.0779999999995,5.0,0.0,O001781,2023-09-06
2023-09-07,000014.SZ,buy,13.239426199999999,200,2647.8852399999996,5.0,0.0,O001782,2023-09-06
2023-09-07,000016.SZ,buy,10.174264099999998,300,3052.2792299999996,5.0,0.0,O001783,2023-09-06
2023-09-07,000020.SZ,buy,7.192885699999999,500,3596.4428499999995,5.0,0.0,O001784,2023-09-06
2023-09-07,000022.SZ,buy,6.911004099999999,500,3455.502049999999,5.0,0.0,O001785,2023-09-06
2023-09-07,000040.SZ,buy,12.595182599999998,200,2519.0365199999997,5.0,0.0,O001786,2023-09-06
2023-09-07,000042.SZ,buy,8.865856999999998,400,3546.3427999999994,5.0,0.0,O001787,2023-09-06
2023-09-07,000046.SZ,buy,14.471256799999997,200,2894.2513599999993,5.0,0.0,O001788,2023-09-06
2023-09-07,000048.SZ,buy,6.618712099999999,500,3309.3560499999994,5.0,0.0,O001789,2023-09-06
2023-09-08,000046.SZ,sell,13.759726500000001,200,2751.9453000000003,5.0,2.7519453000000005,O001790,2023-09-07
2023-09-08,000006.SZ,buy,8.253845599999998,2100,17333.075759999996,5.0,0.0,O001791,2023-09-07
2023-09-08,000008.SZ,buy,8.120512399999999,2200,17865.127279999997,5.0,0.0,O001792,2023-09-07
2023-09-08,000009.SZ,buy,11.7786669,1500,17668.00035,5.0,0.0,O001793,2023-09-07
2023-09-08,000013.SZ,buy,10.910199299999999,1600,17456.31888,5.0,0.0,O001794,2023-09-07
2023-09-08,000014.SZ,buy,13.1860729,1300,17141.89477,5.0,0.0,O001795,2023-09-07
2023-09-08,000016.SZ,buy,10.4471367,1700,17760.13239,5.0,0.0,O001796,2023-09-07
2023-09-08,000020.SZ,buy,7.336629299999999,2400,17607.91032,5.0,0.0,O001797,2023-09-07
2023-09-08,000022.SZ,buy,6.993286299999999,2500,17483.21575,5.0,0.0,O001798,2023-09-07
2023-09-08,000041.SZ,buy,11.579968399999998,1500,17369.952599999997,5.0,0.0,O001799,2023-09-07
2023-09-08,000042.SZ,buy,8.8714626,2000,17742.925199999998,5.0,0.0,O001800,2023-09-07
2023-09-11,000048.SZ,sell,6.16383,500,3081.915,5.0,3.081915,O001801,2023-09-08
2023-09-11,000004.SZ,buy,11.599187599999999,100,1159.9187599999998,5.0,0.0,O001802,2023-09-08
2023-09-11,000006.SZ,buy,8.5427342,200,1708.54684,5.0,0.0,O001803,2023-09-08
2023-09-11,000013.SZ,buy,10.5864759,100,1058.64759,5.0,0.0,O001804,2023-09-08
2023-09-11,000016.SZ,buy,10.525815299999998,100,1052.5815299999997,5.0,0.0,O001805,2023-09-08
2023-09-11,000020.SZ,buy,7.258150899999999,200,1451.6301799999997,5.0,0.0,O001806,2023-09-08
2023-09-11,000022.SZ,buy,7.043636599999999,200,1408.72732,5.0,0.0,O001807,2023-09-08
2023-09-11,000035.SZ,buy,9.6270174,100,962.70174,5.0,0.0,O001808,2023-09-08
2023-09-11,000040.SZ,buy,12.584571999999998,100,1258.4571999999998,5.0,0.0,O001809,2023-09-08
2023-09-11,000041.SZ,buy,11.819107299999999,100,1181.9107299999998,5.0,0.0,O001810,2023-09-08
2023-09-11,000042.SZ,buy,8.723014299999999,100,872.3014299999999,5.0,0.0,O001811,2023-09-08
2023-09-12,000033.SZ,sell,11.935952100000002,2400,28646.285040000002,7.1615712600000005,28.646285040000002,O001812,2023-09-11
2023-09-12,000006.SZ,buy,8.6067982,100,860.6798200000001,5.0,0.0,O001813,2023-09-11
2023-09-12,000008.SZ,buy,8.4277193,100,842.77193,5.0,0.0,O001814,2023-09-11
2023-09-12,000022.SZ,buy,7.0092022,100,700.92022,5.0,0.0,O001815,2023-09-11
2023-09-12,000024.SZ,buy,6.4648584,100,646.4858399999999,5.0,0.0,O001816,2023-09-11
2023-09-13,000014.SZ,sell,12.2741136,2500,30685.284,7.671321,30.685284,O001817,2023-09-12
2023-09-13,000040.SZ,sell,11.8502379,1300,15405.30927,5.0,15.40530927,O001818,2023-09-12
2023-09-13,000003.SZ,buy,13.544230699999998,200,2708.8461399999997,5.0,0.0,O001819,2023-09-12
2023-09-13,000005.SZ,buy,13.991277299999998,200,2798.25546,5.0,0.0,O001820,2023-09-12
2023-09-13,000006.SZ,buy,8.516207699999999,300,2554.8623099999995,5.0,0.0,O001821,2023-09-12
2023-09-13,000008.SZ,buy,8.218009799999999,400,3287.2039199999995,5.0,0.0,O001822,2023-09-12
2023-09-13,000016.SZ,buy,10.537727199999999,300,3161.31816,5.0,0.0,O001823,2023-09-12
2023-09-13,000018.SZ,buy,11.231820599999997,200,2246.3641199999993,5.0,0.0,O001824,2023-09-12
2023-09-13,000022.SZ,buy,7.195788599999999,400,2878.31544,5.0,0.0,O001825,2023-09-12
2023-09-13,000024.SZ,buy,6.6261195,400,2650.4478,5.0,0.0,O001826,2023-09-12
2023-09-13,000035.SZ,buy,9.6991895,300,2909.7568499999998,5.0,0.0,O001827,2023-09-12
2023-09-13,000041.SZ,buy,11.939427499999999,200,2387.8855,5.0,0.0,O001828,2023-09-12
2023-09-14,000003.SZ,buy,13.277664399999999,300,3983.2993199999996,5.0,0.0,O001829,2023-09-13
2023-09-14,000005.SZ,buy,14.4707563,300,4341.22689,5.0,0.0,O001830,2023-09-13
2023-09-14,000006.SZ,buy,8.400492099999997,600,5040.295259999998,5.0,0.0,O001831,2023-09-13
2023-09-14,000013.SZ,buy,10.929418499999999,400,4371.7674,5.0,0.0,O001832,2023-09-13
2023-09-14,000016.SZ,buy,10.653542899999998,400,4261.417159999999,5.0,0.0,O001833,2023-09-13
2023-09-14,000022.SZ,buy,7.353145799999999,600,4411.887479999999,5.0,0.0,O001834,2023-09-13
2023-09-14,000024.SZ,buy,6.633626999999999,700,4643.5389,5.0,0.0,O001835,2023-09-13
2023-09-14,000027.SZ,buy,8.551142599999999,500,4275.5713,5.0,0.0,O001836,2023-09-13
2023-09-14,000029.SZ,buy,9.9494395,500,4974.71975,5.0,0.0,O001837,2023-09-13
2023-09-14,000041.SZ,buy,12.226414199999999,400,4890.56568,5.0,0.0,O001838,2023-09-13
2023-09-15,000009.SZ,sell,11.2633254,2300,25905.648419999998,6.476412105,25.90564842,O001839,2023-09-14
2023-09-15,000037.SZ,sell,8.7059853,7000,60941.8971,15.235474275000001,60.941897100000006,O001840,2023-09-14
2023-09-15,000022.SZ,buy,7.287380099999999,100,728.7380099999999,5.0,0.0,O001841,2023-09-14
2023-09-15,000024.SZ,buy,6.521014499999999,100,652.1014499999999,5.0,0.0,O001842,2023-09-14
2023-09-18,000006.SZ,sell,7.9555365,4700,37391.02155,9.3477553875,37.39102155,O001843,2023-09-15
2023-09-18,000022.SZ,sell,6.7575357,6400,43248.22848,10.81205712,43.24822848,O001844,2023-09-15
2023-09-18,000035.SZ,sell,9.0137772,400,3605.51088,5.0,3.6055108799999998,O001845,2023-09-15
2023-09-18,000005.SZ,buy,14.700585899999998,600,8820.35154,5.0,0.0,O001846,2023-09-15
2023-09-18,000010.SZ,buy,9.444635199999999,900,8500.17168,5.0,0.0,O001847,2023-09-15
2023-09-18,000015.SZ,buy,11.992380399999998,700,8394.66628,5.0,0.0,O001848,2023-09-15
2023-09-18,000019.SZ,buy,12.8783655,600,7727.0193,5.0,0.0,O001849,2023-09-15
2023-09-18,000034.SZ,buy,9.9778679,800,7982.29432,5.0,0.0,O001850,2023-09-15
2023-09-18,000038.SZ,buy,12.979366399999998,600,7787.6198399999985,5.0,0.0,O001851,2023-09-15
2023-09-18,000039.SZ,buy,9.3409316,900,8406.83844,5.0,0.0,O001852,2023-09-15
2023-09-18,000044.SZ,buy,10.973162199999997,800,8778.529759999998,5.0,0.0,O001853,2023-09-15
2023-09-18,000045.SZ,buy,13.939425499999999,600,8363.655299999999,5.0,0.0,O001854,2023-09-15
2023-09-18,000047.SZ,buy,13.306893599999999,600,7984.136159999999,5.0,0.0,O001855,2023-09-15
2023-09-19,000024.SZ,sell,6.2483454,1300,8122.84902,5.0,8.12284902,O001856,2023-09-18
2023-09-19,000027.SZ,sell,7.8452469,500,3922.62345,5.0,3.92262345,O001857,2023-09-18
2023-09-19,000005.SZ,buy,14.593879299999998,600,8756.32758,5.0,0.0,O001858,2023-09-18
2023-09-19,000007.SZ,buy,16.5301136,500,8265.0568,5.0,0.0,O001859,2023-09-18
2023-09-19,000010.SZ,buy,9.390381,900,8451.3429,5.0,0.0,O001860,2023-09-18
2023-09-19,000014.SZ,buy,13.128215099999998,600,7876.9290599999995,5.0,0.0,O001861,2023-09-18
2023-09-19,000026.SZ,buy,11.4928814,700,8045.01698,5.0,0.0,O001862,2023-09-18
2023-09-19,000029.SZ,buy,10.259749499999998,800,8207.799599999998,5.0,0.0,O001863,2023-09-18
2023-09-19,000038.SZ,buy,12.970958,600,7782.574799999999,5.0,0.0,O001864,2023-09-18
2023-09-19,000041.SZ,buy,12.2848726,700,8599.41082,5.0,0.0,O001865,2023-09-18
2023-09-19,000044.SZ,buy,11.038627599999998,800,8830.902079999998,5.0,0.0,O001866,2023-09-18
2023-09-19,000045.SZ,buy,14.294079799999999,600,8576.44788,5.0,0.0,O001867,2023-09-18
2023-09-20,000019.SZ,sell,12.1671207,2200,26767.665539999998,6.691916385,26.76766554,O001868,2023-09-19
2023-09-20,000047.SZ,sell,12.833253899999999,600,7699.95234,5.0,7.69995234,O001869,2023-09-19
2023-09-20,000003.SZ,buy,14.102788699999998,100,1410.2788699999999,5.0,0.0,O001870,2023-09-19
2023-09-20,000004.SZ,buy,12.150438299999998,100,1215.0438299999998,5.0,0.0,O001871,2023-09-19
2023-09-20,000005.SZ,buy,14.933518599999998,100,1493.3518599999998,5.0,0.0,O001872,2023-09-19
2023-09-20,000007.SZ,buy,16.5142978,100,1651.4297800000002,5.0,0.0,O001873,2023-09-19
2023-09-20,000010.SZ,buy,9.421011599999998,200,1884.2023199999996,5.0,0.0,O001874,2023-09-19
2023-09-20,000014.SZ,buy,13.599986399999997,100,1359.9986399999998,5.0,0.0,O001875,2023-09-19
2023-09-20,000034.SZ,buy,9.7860763,200,1957.21526,5.0,0.0,O001876,2023-09-19
2023-09-20,000038.SZ,buy,13.466252799999998,100,1346.6252799999997,5.0,0.0,O001877,2023-09-19
2023-09-20,000044.SZ,buy,11.192281099999999,100,1119.2281099999998,5.0,0.0,O001878,2023-09-19
2023-09-20,000045.SZ,buy,14.593378799999998,100,1459.3378799999998,5.0,0.0,O001879,2023-09-19
2023-09-21,000018.SZ,sell,10.2364533,200,2047.2906600000001,5.0,2.0472906600000003,O001880,2023-09-20
2023-09-21,000032.SZ,sell,8.3843073,3900,32698.798469999998,8.1746996175,32.69879847,O001881,2023-09-20
2023-09-21,000003.SZ,buy,14.151136999999999,200,2830.2273999999998,5.0,0.0,O001882,2023-09-20
2023-09-21,000004.SZ,buy,12.483671199999998,300,3745.101359999999,5.0,0.0,O001883,2023-09-20
2023-09-21,000005.SZ,buy,14.840325499999999,200,2968.0651,5.0,0.0,O001884,2023-09-20
2023-09-21,000010.SZ,buy,9.540931399999998,400,3816.3725599999993,5.0,0.0,O001885,2023-09-20
2023-09-21,000012.SZ,buy,13.940226299999997,200,2788.0452599999994,5.0,0.0,O001886,2023-09-20
2023-09-21,000014.SZ,buy,13.7612475,200,2752.2495,5.0,0.0,O001887,2023-09-20
2023-09-21,000023.SZ,buy,8.094085999999999,500,4047.0429999999997,5.0,0.0,O001888,2023-09-20
2023-09-21,000044.SZ,buy,11.1001891,300,3330.05673,5.0,0.0,O001889,2023-09-20
2023-09-21,000045.SZ,buy,14.329915599999998,200,2865.9831199999994,5.0,0.0,O001890,2023-09-20
2023-09-21,000050.SZ,buy,8.5769684,400,3430.7873600000003,5.0,0.0,O001891,2023-09-20
2023-09-22,000013.SZ,sell,10.2230667,6300,64405.320210000005,16.101330052500003,64.40532021000001,O001892,2023-09-21
2023-09-22,000003.SZ,buy,13.831017199999998,300,4149.305159999999,5.0,0.0,O001893,2023-09-21
2023-09-22,000004.SZ,buy,12.513601099999997,300,3754.0803299999993,5.0,0.0,O001894,2023-09-21
2023-09-22,000005.SZ,buy,15.336220899999999,200,3067.2441799999997,5.0,0.0,O001895,2023-09-21
2023-09-22,000010.SZ,buy,9.488879399999998,400,3795.5517599999994,5.0,0.0,O001896,2023-09-21
2023-09-22,000012.SZ,buy,13.982368399999999,300,4194.71052,5.0,0.0,O001897,2023-09-21
2023-09-22,000014.SZ,buy,13.422809399999998,300,4026.8428199999994,5.0,0.0,O001898,2023-09-21
2023-09-22,000030.SZ,buy,8.63863,400,3455.4519999999998,5.0,0.0,O001899,2023-09-21
2023-09-22,000035.SZ,buy,9.763753999999999,400,3905.5015999999996,5.0,0.0,O001900,2023-09-21
2023-09-22,000042.SZ,buy,9.3588495,400,3743.5398,5.0,0.0,O001901,2023-09-21
2023-09-22,000044.SZ,buy,11.1566455,300,3346.99365,5.0,0.0,O001902,2023-09-21
2023-09-25,000020.SZ,sell,7.1122806,8500,60454.3851,15.113596275,60.4543851,O001903,2023-09-22
2023-09-25,000043.SZ,sell,9.6065838,3500,33623.0433,8.405760825,33.6230433,O001904,2023-09-22
2023-09-25,000003.SZ,buy,14.089175099999999,400,5635.670039999999,5.0,0.0,O001905,2023-09-22
2023-09-25,000005.SZ,buy,15.452336899999997,400,6180.934759999999,5.0,0.0,O001906,2023-09-22
2023-09-25,000012.SZ,buy,13.746732999999999,400,5498.6932,5.0,0.0,O001907,2023-09-22
2023-09-25,000014.SZ,buy,13.550937399999999,500,6775.468699999999,5.0,0.0,O001908,2023-09-22
2023-09-25,000026.SZ,buy,11.7710593,500,5885.5296499999995,5.0,0.0,O001909,2023-09-22
2023-09-25,000028.SZ,buy,8.827018199999998,700,6178.912739999998,5.0,0.0,O001910,2023-09-22
2023-09-25,000030.SZ,buy,8.7472385,700,6123.06695,5.0,0.0,O001911,2023-09-22
2023-09-25,000035.SZ,buy,9.833123299999999,600,5899.873979999999,5.0,0.0,O001912,2023-09-22
2023-09-25,000039.SZ,buy,9.8555457,600,5913.3274200000005,5.0,0.0,O001913,2023-09-22
2023-09-25,000042.SZ,buy,9.384975599999999,700,6569.4829199999995,5.0,0.0,O001914,2023-09-22
2023-09-26,000007.SZ,sell,15.4724121,5800,89739.99018,22.434997544999998,89.73999017999999,O001915,2023-09-25
2023-09-26,000045.SZ,sell,13.448138400000001,7000,94136.9688,23.5342422,94.1369688,O001916,2023-09-25
2023-09-26,000005.SZ,buy,15.686871199999999,600,9412.12272,5.0,0.0,O001917,2023-09-25
2023-09-26,000006.SZ,buy,8.182974799999998,1200,9819.569759999998,5.0,0.0,O001918,2023-09-25
2023-09-26,000008.SZ,buy,8.635526899999999,1100,9499.079589999998,5.0,0.0,O001919,2023-09-25
2023-09-26,000010.SZ,buy,9.8959861,1000,9895.9861,5.0,0.0,O001920,2023-09-25
2023-09-26,000029.SZ,buy,10.726615899999999,900,9653.95431,5.0,0.0,O001921,2023-09-25
2023-09-26,000030.SZ,buy,8.8731643,1100,9760.48073,5.0,0.0,O001922,2023-09-25
2023-09-26,000035.SZ,buy,9.818608799999998,1000,9818.608799999998,5.0,0.0,O001923,2023-09-25
2023-09-26,000039.SZ,buy,9.9457358,1000,9945.7358,5.0,0.0,O001924,2023-09-25
2023-09-26,000042.SZ,buy,9.321111799999999,1000,9321.111799999999,5.0,0.0,O001925,2023-09-25
2023-09-26,000050.SZ,buy,9.008399399999998,1100,9909.239339999998,5.0,0.0,O001926,2023-09-25
2023-09-27,000038.SZ,sell,12.8693178,1300,16730.113139999998,5.0,16.730113139999997,O001927,2023-09-26
2023-09-27,000005.SZ,buy,15.724909199999997,1100,17297.40012,5.0,0.0,O001928,2023-09-26
2023-09-27,000006.SZ,buy,8.341733399999999,2100,17517.64014,5.0,0.0,O001929,2023-09-26
2023-09-27,000010.SZ,buy,10.298288,1700,17507.0896,5.0,0.0,O001930,2023-09-26
2023-09-27,000026.SZ,buy,11.874762899999999,1500,17812.14435,5.0,0.0,O001931,2023-09-26
2023-09-27,000029.SZ,buy,10.664453799999999,1700,18129.57146,5.0,0.0,O001932,2023-09-26
2023-09-27,000030.SZ,buy,8.933824899999998,2000,17867.649799999996,5.0,0.0,O001933,2023-09-26
2023-09-27,000035.SZ,buy,10.141030899999999,1700,17239.752529999998,5.0,0.0,O001934,2023-09-26
2023-09-27,000037.SZ,buy,9.346537199999998,1900,17758.420679999996,5.0,0.0,O001935,2023-09-26
2023-09-27,000039.SZ,buy,10.2807705,1700,17477.309849999998,5.0,0.0,O001936,2023-09-26
2023-09-27,000040.SZ,buy,11.7866749,1500,17680.01235,5.0,0.0,O001937,2023-09-26
2023-09-28,000004.SZ,sell,11.7014868,2800,32764.16304,8.19104076,32.76416304,O001938,2023-09-27
2023-09-28,000005.SZ,buy,15.678262599999998,100,1567.8262599999998,5.0,0.0,O001939,2023-09-27
2023-09-28,000006.SZ,buy,8.334626299999998,300,2500.3878899999995,5.0,0.0,O001940,2023-09-27
2023-09-28,000008.SZ,buy,8.916907999999998,300,2675.072399999999,5.0,0.0,O001941,2023-09-27
2023-09-28,000010.SZ,buy,10.484173699999998,200,2096.8347399999993,5.0,0.0,O001942,2023-09-27
2023-09-28,000018.SZ,buy,10.814203399999998,200,2162.84068,5.0,0.0,O001943,2023-09-27
2023-09-28,000029.SZ,buy,10.9382273,200,2187.6454599999997,5.0,0.0,O001944,2023-09-27
2023-09-28,000030.SZ,buy,9.311802499999999,300,2793.5407499999997,5.0,0.0,O001945,2023-09-27
2023-09-28,000039.SZ,buy,10.246035799999998,200,2049.2071599999995,5.0,0.0,O001946,2023-09-27
2023-09-28,000040.SZ,buy,11.821609799999997,200,2364.3219599999993,5.0,0.0,O001947,2023-09-27
2023-09-28,000047.SZ,buy,13.686472799999999,200,2737.29456,5.0,0.0,O001948,2023-09-27
2023-09-29,000028.SZ,sell,7.9324596000000005,700,5552.7217200000005,5.0,5.552721720000001,O001949,2023-09-28
2023-09-29,000042.SZ,sell,8.6588325,5700,49355.345250000006,12.338836312500002,49.355345250000006,O001950,2023-09-28
2023-09-29,000006.SZ,buy,8.255246999999999,400,3302.0987999999998,5.0,0.0,O001951,2023-09-28
2023-09-29,000010.SZ,buy,10.5586481,300,3167.5944299999996,5.0,0.0,O001952,2023-09-28
2023-09-29,000013.SZ,buy,11.026115099999998,300,3307.8345299999996,5.0,0.0,O001953,2023-09-28
2023-09-29,000023.SZ,buy,8.3335252,400,3333.41008,5.0,0.0,O001954,2023-09-28
2023-09-29,000030.SZ,buy,9.198189,400,3679.2756,5.0,0.0,O001955,2023-09-28
2023-09-29,000032.SZ,buy,8.605697099999999,400,3442.2788399999995,5.0,0.0,O001956,2023-09-28
2023-09-29,000035.SZ,buy,10.0635535,300,3019.06605,5.0,0.0,O001957,2023-09-28
2023-09-29,000037.SZ,buy,9.374064699999998,400,3749.625879999999,5.0,0.0,O001958,2023-09-28
2023-09-29,000039.SZ,buy,10.103593499999999,300,3031.0780499999996,5.0,0.0,O001959,2023-09-28
2023-09-29,000047.SZ,buy,13.568354799999998,200,2713.6709599999995,5.0,0.0,O001960,2023-09-28
2023-10-02,000008.SZ,buy,9.0095005,600,5405.7002999999995,5.0,0.0,O001961,2023-09-29
2023-10-02,000010.SZ,buy,10.693182499999999,500,5346.5912499999995,5.0,0.0,O001962,2023-09-29
2023-10-02,000013.SZ,buy,11.156245099999998,500,5578.122549999999,5.0,0.0,O001963,2023-09-29
2023-10-02,000023.SZ,buy,8.4025942,700,5881.8159399999995,5.0,0.0,O001964,2023-09-29
2023-10-02,000029.SZ,buy,10.8032925,500,5401.64625,5.0,0.0,O001965,2023-09-29
2023-10-02,000030.SZ,buy,9.264455199999999,600,5558.6731199999995,5.0,0.0,O001966,2023-09-29
2023-10-02,000035.SZ,buy,10.5323218,500,5266.1609,5.0,0.0,O001967,2023-09-29
2023-10-02,000040.SZ,buy,12.036124099999999,400,4814.44964,5.0,0.0,O001968,2023-09-29
2023-10-02,000043.SZ,buy,10.030620599999999,500,5015.310299999999,5.0,0.0,O001969,2023-09-29
2023-10-02,000047.SZ,buy,13.7840703,400,5513.62812,5.0,0.0,O001970,2023-09-29
2023-10-03,000026.SZ,sell,11.2653234,2700,30416.37318,7.604093295,30.41637318,O001971,2023-10-02
2023-10-03,000022.SZ,buy,7.027120099999999,100,702.71201,5.0,0.0,O001972,2023-10-02
2023-10-03,000023.SZ,buy,8.603795199999999,100,860.3795199999998,5.0,0.0,O001973,2023-10-02
2023-10-04,000041.SZ,sell,11.5667217,2900,33543.49293,8.3858732325,33.54349293,O001974,2023-10-03
2023-10-04,000001.SZ,buy,10.492481999999999,300,3147.7445999999995,5.0,0.0,O001975,2023-10-03
2023-10-04,000013.SZ,buy,11.439227799999998,300,3431.768339999999,5.0,0.0,O001976,2023-10-03
2023-10-04,000016.SZ,buy,11.260349099999999,300,3378.1047299999996,5.0,0.0,O001977,2023-10-03
2023-10-04,000021.SZ,buy,11.584272699999998,300,3475.2818099999995,5.0,0.0,O001978,2023-10-03
2023-10-04,000023.SZ,buy,8.578069499999998,400,3431.227799999999,5.0,0.0,O001979,2023-10-03
2023-10-04,000030.SZ,buy,9.4308214,300,2829.24642,5.0,0.0,O001980,2023-10-03
2023-10-04,000038.SZ,buy,13.270256999999999,200,2654.0514,5.0,0.0,O001981,2023-10-03
2023-10-04,000040.SZ,buy,12.419507099999999,200,2483.9014199999997,5.0,0.0,O001982,2023-10-03
2023-10-04,000047.SZ,buy,13.6185049,200,2723.70098,5.0,0.0,O001983,2023-10-03
2023-10-04,000050.SZ,buy,9.3947854,300,2818.43562,5.0,0.0,O001984,2023-10-03
2023-10-05,000014.SZ,sell,13.661125199999999,1700,23223.912839999997,5.805978209999999,23.223912839999997,O001985,2023-10-04
2023-10-05,000029.SZ,sell,10.4631264,4600,48130.38144,12.03259536,48.13038144,O001986,2023-10-04
2023-10-05,000013.SZ,buy,11.603091499999998,300,3480.927449999999,5.0,0.0,O001987,2023-10-04
2023-10-05,000021.SZ,buy,11.6695579,300,3500.86737,5.0,0.0,O001988,2023-10-04
2023-10-05,000022.SZ,buy,6.972065099999999,500,3486.0325499999994,5.0,0.0,O001989,2023-10-04
2023-10-05,000023.SZ,buy,8.8145057,400,3525.80228,5.0,0.0,O001990,2023-10-04
2023-10-05,000024.SZ,buy,6.761855099999999,500,3380.9275499999994,5.0,0.0,O001991,2023-10-04
2023-10-05,000027.SZ,buy,7.892584699999999,400,3157.0338799999995,5.0,0.0,O001992,2023-10-04
2023-10-05,000030.SZ,buy,9.6399303,400,3855.97212,5.0,0.0,O001993,2023-10-04
2023-10-05,000033.SZ,buy,12.327815499999998,300,3698.3446499999995,5.0,0.0,O001994,2023-10-04
2023-10-05,000035.SZ,buy,10.5209104,300,3156.27312,5.0,0.0,O001995,2023-10-04
2023-10-05,000050.SZ,buy,9.456246799999999,400,3782.4987199999996,5.0,0.0,O001996,2023-10-04
2023-10-06,000008.SZ,sell,8.4816099,11700,99234.83583000001,24.808708957500002,99.23483583000001,O001997,2023-10-05
2023-10-06,000015.SZ,sell,11.382606000000001,700,7967.824200000001,5.0,7.967824200000001,O001998,2023-10-05
2023-10-06,000009.SZ,buy,11.617706099999998,600,6970.623659999998,5.0,0.0,O001999,2023-10-05
2023-10-06,000013.SZ,buy,11.601589999999998,600,6960.953999999999,5.0,0.0,O002000,2023-10-05
2023-10-06,000016.SZ,buy,11.0405295,600,6624.3177,5.0,0.0,O002001,2023-10-05
2023-10-06,000019.SZ,buy,12.233421199999999,600,7340.052719999999,5.0,0.0,O002002,2023-10-05
2023-10-06,000023.SZ,buy,9.011302299999999,800,7209.041839999999,5.0,0.0,O002003,2023-10-05
2023-10-06,000024.SZ,buy,6.8383315,1000,6838.3315,5.0,0.0,O002004,2023-10-05
2023-10-06,000027.SZ,buy,7.811403599999999,900,7030.263239999999,5.0,0.0,O002005,2023-10-05
2023-10-06,000031.SZ,buy,6.299092799999999,1100,6929.002079999998,5.0,0.0,O002006,2023-10-05
2023-10-06,000033.SZ,buy,12.127515399999998,600,7276.509239999999,5.0,0.0,O002007,2023-10-05
2023-10-06,000050.SZ,buy,9.798188399999999,700,6858.731879999999,5.0,0.0,O002008,2023-10-05
2023-10-09,000038.SZ,sell,12.275312399999999,200,2455.0624799999996,5.0,2.4550624799999996,O002009,2023-10-06
2023-10-09,000005.SZ,buy,16.1450289,600,9687.01734,5.0,0.0,O002010,2023-10-06
2023-10-09,000013.SZ,buy,12.000388399999999,900,10800.349559999999,5.0,0.0,O002011,2023-10-06
2023-10-09,000019.SZ,buy,11.7655538,900,10588.99842,5.0,0.0,O002012,2023-10-06
2023-10-09,000023.SZ,buy,8.8797709,1200,10655.72508,5.0,0.0,O002013,2023-10-06
2023-10-09,000024.SZ,buy,6.754247499999999,1600,10806.795999999998,5.0,0.0,O002014,2023-10-06
2023-10-09,000027.SZ,buy,7.7199122,1400,10807.87708,5.0,0.0,O002015,2023-10-06
2023-10-09,000033.SZ,buy,12.3849726,800,9907.978079999999,5.0,0.0,O002016,2023-10-06
2023-10-09,000035.SZ,buy,10.9428319,900,9848.54871,5.0,0.0,O002017,2023-10-06
2023-10-09,000037.SZ,buy,9.692082399999999,1100,10661.29064,5.0,0.0,O002018,2023-10-06
2023-10-09,000050.SZ,buy,9.537027499999999,1100,10490.730249999999,5.0,0.0,O002019,2023-10-06
2023-10-10,000019.SZ,buy,11.404993599999997,100,1140.4993599999998,5.0,0.0,O002020,2023-10-09
2023-10-10,000024.SZ,buy,6.769562799999999,100,676.9562799999999,5.0,0.0,O002021,2023-10-09
2023-10-10,000027.SZ,buy,7.834826999999999,100,783.4826999999999,5.0,0.0,O002022,2023-10-09
2023-10-10,000032.SZ,buy,8.6890804,100,868.90804,5.0,0.0,O002023,2023-10-09
2023-10-10,000034.SZ,buy,10.162852699999998,100,1016.2852699999999,5.0,0.0,O002024,2023-10-09
2023-10-10,000037.SZ,buy,9.755445699999997,100,975.5445699999998,5.0,0.0,O002025,2023-10-09
2023-10-10,000039.SZ,buy,10.3714611,100,1037.14611,5.0,0.0,O002026,2023-10-09
2023-10-10,000050.SZ,buy,9.6054959,100,960.54959,5.0,0.0,O002027,2023-10-09
2023-10-11,000001.SZ,sell,10.047442499999999,300,3014.2327499999997,5.0,3.0142327499999997,O002028,2023-10-10
2023-10-12,000019.SZ,sell,11.0398491,1600,17663.75856,5.0,17.663758559999998,O002029,2023-10-11
2023-10-13,000037.SZ,sell,9.1974933,3500,32191.22655,8.0478066375,32.19122655,O002030,2023-10-12
2023-10-13,000010.SZ,buy,11.0098989,200,2201.97978,5.0,0.0,O002031,2023-10-12
2023-10-13,000013.SZ,buy,12.9364235,100,1293.64235,5.0,0.0,O002032,2023-10-12
2023-10-13,000014.SZ,buy,13.232319099999998,100,1323.2319099999997,5.0,0.0,O002033,2023-10-12
2023-10-13,000022.SZ,buy,7.116809699999999,300,2135.0429099999997,5.0,0.0,O002034,2023-10-12
2023-10-13,000030.SZ,buy,9.794885099999998,200,1958.9770199999996,5.0,0.0,O002035,2023-10-12
2023-10-13,000036.SZ,buy,10.620009399999999,200,2124.00188,5.0,0.0,O002036,2023-10-12
2023-10-13,000039.SZ,buy,10.8139031,200,2162.78062,5.0,0.0,O002037,2023-10-12
2023-10-13,000040.SZ,buy,13.083970899999999,100,1308.39709,5.0,0.0,O002038,2023-10-12
2023-10-13,000044.SZ,buy,11.7690573,200,2353.81146,5.0,0.0,O002039,2023-10-12
2023-10-13,000047.SZ,buy,13.9742603,100,1397.4260299999999,5.0,0.0,O002040,2023-10-12
2023-10-16,000035.SZ,sell,10.0466433,5700,57265.86681,14.3164667025,57.26586681,O002041,2023-10-13
2023-10-16,000004.SZ,buy,11.972961,300,3591.8883,5.0,0.0,O002042,2023-10-13
2023-10-16,000010.SZ,buy,11.1473362,300,3344.20086,5.0,0.0,O002043,2023-10-13
2023-10-16,000013.SZ,buy,13.179165999999999,200,2635.8331999999996,5.0,0.0,O002044,2023-10-13
2023-10-16,000022.SZ,buy,7.2677605,500,3633.8802499999997,5.0,0.0,O002045,2023-10-13
2023-10-16,000024.SZ,buy,7.101494399999999,500,3550.7471999999993,5.0,0.0,O002046,2023-10-13
2023-10-16,000027.SZ,buy,7.845337499999999,400,3138.1349999999998,5.0,0.0,O002047,2023-10-13
2023-10-16,000030.SZ,buy,10.0548448,300,3016.45344,5.0,0.0,O002048,2023-10-13
2023-10-16,000032.SZ,buy,9.1419328,400,3656.77312,5.0,0.0,O002049,2023-10-13
2023-10-16,000039.SZ,buy,10.984373399999999,300,3295.31202,5.0,0.0,O002050,2023-10-13
2023-10-16,000044.SZ,buy,11.7769652,300,3533.08956,5.0,0.0,O002051,2023-10-13
2023-10-17,000006.SZ,sell,8.180411399999999,4000,32721.645599999996,8.180411399999999,32.721645599999995,O002052,2023-10-16
2023-10-17,000018.SZ,sell,10.3332564,200,2066.65128,5.0,2.06665128,O002053,2023-10-16
2023-10-17,000023.SZ,sell,8.4129786,4500,37858.4037,9.464600925000001,37.858403700000004,O002054,2023-10-16
2023-10-17,000002.SZ,buy,6.7760693,800,5420.855439999999,5.0,0.0,O002055,2023-10-16
2023-10-17,000004.SZ,buy,12.046434399999999,500,6023.217199999999,5.0,0.0,O002056,2023-10-16
2023-10-17,000010.SZ,buy,10.840029199999998,500,5420.0145999999995,5.0,0.0,O002057,2023-10-16
2023-10-17,000024.SZ,buy,7.030022999999999,800,5624.018399999999,5.0,0.0,O002058,2023-10-16
2023-10-17,000030.SZ,buy,9.892782899999998,600,5935.669739999999,5.0,0.0,O002059,2023-10-16
2023-10-17,000032.SZ,buy,9.025316299999998,600,5415.189779999999,5.0,0.0,O002060,2023-10-16
2023-10-17,000039.SZ,buy,10.8836728,500,5441.8364,5.0,0.0,O002061,2023-10-16
2023-10-17,000044.SZ,buy,11.890278399999998,500,5945.139199999999,5.0,0.0,O002062,2023-10-16
2023-10-17,000045.SZ,buy,13.480066599999999,400,5392.026639999999,5.0,0.0,O002063,2023-10-16
2023-10-17,000046.SZ,buy,14.254440199999998,400,5701.776079999999,5.0,0.0,O002064,2023-10-16
2023-10-18,000009.SZ,sell,10.7486406,600,6449.18436,5.0,6.44918436,O002065,2023-10-17
2023-10-18,000036.SZ,sell,10.0711188,200,2014.22376,5.0,2.01422376,O002066,2023-10-17
2023-10-18,000050.SZ,sell,9.2424483,4100,37894.038029999996,9.4735095075,37.89403803,O002067,2023-10-17
2023-10-18,000002.SZ,buy,6.6905839,1100,7359.64229,5.0,0.0,O002068,2023-10-17
2023-10-18,000004.SZ,buy,11.743731999999998,600,7046.239199999999,5.0,0.0,O002069,2023-10-17
2023-10-18,000008.SZ,buy,8.411002599999998,800,6728.802079999999,5.0,0.0,O002070,2023-10-17
2023-10-18,000011.SZ,buy,9.522412899999999,700,6665.68903,5.0,0.0,O002071,2023-10-17
2023-10-18,000016.SZ,buy,11.087276199999998,600,6652.365719999999,5.0,0.0,O002072,2023-10-17
2023-10-18,000024.SZ,buy,7.3689616,1000,7368.9616,5.0,0.0,O002073,2023-10-17
2023-10-18,000039.SZ,buy,10.904493599999999,600,6542.6961599999995,5.0,0.0,O002074,2023-10-17
2023-10-18,000040.SZ,buy,12.795883099999998,500,6397.941549999999,5.0,0.0,O002075,2023-10-17
2023-10-18,000044.SZ,buy,11.9522403,600,7171.34418,5.0,0.0,O002076,2023-10-17
2023-10-18,000045.SZ,buy,13.530516999999998,500,6765.258499999999,5.0,0.0,O002077,2023-10-17
2023-10-19,000005.SZ,sell,15.5897946,5000,77948.973,19.48724325,77.948973,O002078,2023-10-18
2023-10-19,000014.SZ,sell,12.5535339,100,1255.35339,5.0,1.25535339,O002079,2023-10-18
2023-10-19,000016.SZ,sell,10.7581311,23800,256043.52018,64.010880045,256.04352018,O002080,2023-10-18
2023-10-19,000032.SZ,sell,8.598393,1500,12897.5895,5.0,12.8975895,O002081,2023-10-18
2023-10-19,000002.SZ,buy,6.601294699999999,800,5281.035759999999,5.0,0.0,O002082,2023-10-18
2023-10-19,000011.SZ,buy,9.5032938,500,4751.6469,5.0,0.0,O002083,2023-10-18
2023-10-19,000017.SZ,buy,10.1709608,500,5085.4803999999995,5.0,0.0,O002084,2023-10-18
2023-10-19,000020.SZ,buy,6.475268799999999,800,5180.215039999999,5.0,0.0,O002085,2023-10-18
2023-10-19,000024.SZ,buy,7.3110037,700,5117.70259,5.0,0.0,O002086,2023-10-18
2023-10-19,000031.SZ,buy,6.3541478,800,5083.31824,5.0,0.0,O002087,2023-10-18
2023-10-19,000042.SZ,buy,8.248940699999999,600,4949.364419999999,5.0,0.0,O002088,2023-10-18
2023-10-19,000044.SZ,buy,11.977765799999998,400,4791.106319999999,5.0,0.0,O002089,2023-10-18
2023-10-19,000045.SZ,buy,13.3171038,400,5326.84152,5.0,0.0,O002090,2023-10-18
2023-10-19,000046.SZ,buy,14.460045599999999,300,4338.01368,5.0,0.0,O002091,2023-10-18
2023-10-20,000047.SZ,sell,13.317768899999999,1100,14649.545789999998,5.0,14.64954579,O002092,2023-10-19
2023-10-20,000002.SZ,buy,6.849842999999999,4900,33564.23069999999,8.391057674999999,0.0,O002093,2023-10-19
2023-10-20,000006.SZ,buy,8.593585,3900,33514.981499999994,8.378745375,0.0,O002094,2023-10-19
2023-10-20,000024.SZ,buy,7.302495199999999,4600,33591.47792,8.397869479999999,0.0,O002095,2023-10-19
2023-10-20,000025.SZ,buy,10.443833399999999,3200,33420.266879999996,8.35506672,0.0,O002096,2023-10-19
2023-10-20,000028.SZ,buy,7.904296399999999,4200,33198.044879999994,8.29951122,0.0,O002097,2023-10-19
2023-10-20,000031.SZ,buy,6.592586,5100,33622.1886,8.40554715,0.0,O002098,2023-10-19
2023-10-20,000034.SZ,buy,10.3675572,3200,33176.18304,8.294045760000001,0.0,O002099,2023-10-19
2023-10-20,000041.SZ,buy,11.9267148,2800,33394.801439999996,8.348700359999999,0.0,O002100,2023-10-19
2023-10-20,000042.SZ,buy,8.409601199999999,4000,33638.4048,8.409601199999999,0.0,O002101,2023-10-19
2023-10-20,000046.SZ,buy,14.701186499999999,2200,32342.610299999997,8.085652575,0.0,O002102,2023-10-19
2023-10-23,000001.SZ,buy,10.2990888,300,3089.72664,5.0,0.0,O002103,2023-10-20
2023-10-23,000002.SZ,buy,6.915808899999999,400,2766.32356,5.0,0.0,O002104,2023-10-20
2023-10-23,000008.SZ,buy,8.356147799999999,400,3342.4591199999995,5.0,0.0,O002105,2023-10-20
2023-10-23,000020.SZ,buy,6.559753199999999,500,3279.8765999999996,5.0,0.0,O002106,2023-10-20
2023-10-23,000028.SZ,buy,7.8099020999999995,400,3123.9608399999997,5.0,0.0,O002107,2023-10-20
2023-10-23,000031.SZ,buy,6.5380315,500,3269.01575,5.0,0.0,O002108,2023-10-20
2023-10-23,000041.SZ,buy,12.2240118,200,2444.8023599999997,5.0,0.0,O002109,2023-10-20
2023-10-23,000042.SZ,buy,8.523915399999998,400,3409.5661599999994,5.0,0.0,O002110,2023-10-20
2023-10-23,000046.SZ,buy,14.808393599999999,200,2961.67872,5.0,0.0,O002111,2023-10-20
2023-10-23,000050.SZ,buy,9.839129299999998,300,2951.7387899999994,5.0,0.0,O002112,2023-10-20
2023-10-24,000004.SZ,sell,11.2534353,1400,15754.80942,5.0,15.754809419999999,O002113,2023-10-23
2023-10-25,000043.SZ,sell,9.124366499999999,500,4562.183249999999,5.0,4.5621832499999995,O002114,2023-10-24
2023-10-25,000001.SZ,buy,10.643132499999998,100,1064.31325,5.0,0.0,O002115,2023-10-24
2023-10-25,000006.SZ,buy,8.924916,200,1784.9832,5.0,0.0,O002116,2023-10-24
2023-10-25,000017.SZ,buy,10.740329599999999,100,1074.03296,5.0,0.0,O002117,2023-10-24
2023-10-25,000022.SZ,buy,7.269962699999999,200,1453.9925399999997,5.0,0.0,O002118,2023-10-24
2023-10-25,000029.SZ,buy,10.234224,100,1023.4223999999999,5.0,0.0,O002119,2023-10-24
2023-10-25,000031.SZ,buy,6.632025399999999,300,1989.6076199999998,5.0,0.0,O002120,2023-10-24
2023-10-25,000038.SZ,buy,12.017905899999999,100,1201.7905899999998,5.0,0.0,O002121,2023-10-24
2023-10-25,000041.SZ,buy,12.532519999999998,100,1253.2519999999997,5.0,0.0,O002122,2023-10-24
2023-10-25,000042.SZ,buy,8.7890803,200,1757.81606,5.0,0.0,O002123,2023-10-24
2023-10-25,000050.SZ,buy,9.7771674,200,1955.43348,5.0,0.0,O002124,2023-10-24
2023-10-26,000011.SZ,sell,9.0467442,1200,10856.09304,5.0,10.85609304,O002125,2023-10-25
2023-10-26,000027.SZ,sell,7.391601,3200,23653.123199999998,5.9132808,23.6531232,O002126,2023-10-25
2023-10-26,000002.SZ,buy,7.1214143,100,712.14143,5.0,0.0,O002127,2023-10-25
2023-10-26,000022.SZ,buy,7.3185112,100,731.8511199999999,5.0,0.0,O002128,2023-10-25
2023-10-26,000042.SZ,buy,8.9623534,100,896.23534,5.0,0.0,O002129,2023-10-25
2023-10-26,000048.SZ,buy,5.462156699999999,100,546.2156699999998,5.0,0.0,O002130,2023-10-25
2023-10-26,000050.SZ,buy,10.1388287,100,1013.8828699999999,5.0,0.0,O002131,2023-10-25
2023-10-27,000003.SZ,sell,13.0631238,1500,19594.685699999998,5.0,19.5946857,O002132,2023-10-26
2023-10-27,000028.SZ,sell,7.190002799999999,4600,33074.012879999995,8.26850322,33.07401288,O002133,2023-10-26
2023-10-27,000033.SZ,sell,11.661526799999999,1700,19824.595559999998,5.0,19.82459556,O002134,2023-10-26
2023-10-27,000001.SZ,buy,10.643733099999999,300,3193.1199299999994,5.0,0.0,O002135,2023-10-26
2023-10-27,000002.SZ,buy,7.216208999999999,500,3608.1044999999995,5.0,0.0,O002136,2023-10-26
2023-10-27,000012.SZ,buy,14.154740599999998,200,2830.9481199999996,5.0,0.0,O002137,2023-10-26
2023-10-27,000017.SZ,buy,11.419007599999999,300,3425.7022799999995,5.0,0.0,O002138,2023-10-26
2023-10-27,000022.SZ,buy,7.415107699999999,500,3707.55385,5.0,0.0,O002139,2023-10-26
2023-10-27,000038.SZ,buy,11.502290799999999,300,3450.6872399999997,5.0,0.0,O002140,2023-10-26
2023-10-27,000041.SZ,buy,12.889476599999998,300,3866.8429799999994,5.0,0.0,O002141,2023-10-26
2023-10-27,000042.SZ,buy,9.1229138,400,3649.1655199999996,5.0,0.0,O002142,2023-10-26
2023-10-27,000048.SZ,buy,5.512106599999999,700,3858.4746199999995,5.0,0.0,O002143,2023-10-26
2023-10-27,000049.SZ,buy,9.609700099999998,400,3843.880039999999,5.0,0.0,O002144,2023-10-26
2023-10-30,000008.SZ,sell,7.9852068,1200,9582.248160000001,5.0,9.58224816,O002145,2023-10-27
2023-10-30,000020.SZ,sell,6.199694099999999,1300,8059.60233,5.0,8.05960233,O002146,2023-10-27
2023-10-30,000001.SZ,buy,10.573262699999999,700,7401.28389,5.0,0.0,O002147,2023-10-27
2023-10-30,000002.SZ,buy,7.5943868,900,6834.94812,5.0,0.0,O002148,2023-10-27
2023-10-30,000012.SZ,buy,14.183469299999999,500,7091.734649999999,5.0,0.0,O002149,2023-10-27
2023-10-30,000017.SZ,buy,11.5183068,600,6910.984079999999,5.0,0.0,O002150,2023-10-27
2023-10-30,000018.SZ,buy,10.426916499999997,700,7298.841549999998,5.0,0.0,O002151,2023-10-27
2023-10-30,000021.SZ,buy,11.767755999999999,600,7060.653599999999,5.0,0.0,O002152,2023-10-27
2023-10-30,000022.SZ,buy,7.623515899999999,900,6861.164309999999,5.0,0.0,O002153,2023-10-27
2023-10-30,000042.SZ,buy,9.208399199999999,800,7366.719359999999,5.0,0.0,O002154,2023-10-27
2023-10-30,000047.SZ,buy,13.819005199999998,500,6909.502599999999,5.0,0.0,O002155,2023-10-27
2023-10-30,000049.SZ,buy,9.460751299999998,700,6622.5259099999985,5.0,0.0,O002156,2023-10-27
2023-10-31,000029.SZ,sell,9.8132769,100,981.32769,5.0,0.98132769,O002157,2023-10-30
2023-10-31,000034.SZ,sell,9.5995908,4300,41278.24044,10.319560110000001,41.278240440000005,O002158,2023-10-30
2023-10-31,000002.SZ,buy,7.453746299999999,300,2236.12389,5.0,0.0,O002159,2023-10-30
2023-10-31,000005.SZ,buy,15.892076199999998,100,1589.20762,5.0,0.0,O002160,2023-10-30
2023-10-31,000012.SZ,buy,14.306992699999999,100,1430.6992699999998,5.0,0.0,O002161,2023-10-30
2023-10-31,000017.SZ,buy,11.6007892,200,2320.15784,5.0,0.0,O002162,2023-10-30
2023-10-31,000018.SZ,buy,10.4239135,200,2084.7826999999997,5.0,0.0,O002163,2023-10-30
2023-10-31,000022.SZ,buy,7.3810737,300,2214.32211,5.0,0.0,O002164,2023-10-30
2023-10-31,000035.SZ,buy,9.710300599999998,200,1942.0601199999996,5.0,0.0,O002165,2023-10-30
2023-10-31,000042.SZ,buy,9.397688299999999,200,1879.5376599999997,5.0,0.0,O002166,2023-10-30
2023-10-31,000047.SZ,buy,13.750736999999999,100,1375.0737,5.0,0.0,O002167,2023-10-30
2023-10-31,000049.SZ,buy,9.5572477,200,1911.4495399999998,5.0,0.0,O002168,2023-10-30
2023-11-01,000001.SZ,sell,10.205084699999999,1400,14287.118579999998,5.0,14.28711858,O002169,2023-10-31
2023-11-01,000030.SZ,sell,9.6504399,7300,70448.21127,17.6120528175,70.44821127,O002170,2023-10-31
2023-11-01,000038.SZ,sell,11.2923963,400,4516.95852,5.0,4.51695852,O002171,2023-10-31
2023-11-01,000002.SZ,buy,7.507900399999999,600,4504.740239999999,5.0,0.0,O002172,2023-10-31
2023-11-01,000010.SZ,buy,11.996784799999999,300,3599.0354399999997,5.0,0.0,O002173,2023-10-31
2023-11-01,000013.SZ,buy,13.116102999999999,300,3934.8308999999995,5.0,0.0,O002174,2023-10-31
2023-11-01,000015.SZ,buy,11.009398399999998,400,4403.759359999999,5.0,0.0,O002175,2023-10-31
2023-11-01,000017.SZ,buy,11.6891775,300,3506.7532499999998,5.0,0.0,O002176,2023-10-31
2023-11-01,000018.SZ,buy,10.456946499999999,400,4182.7786,5.0,0.0,O002177,2023-10-31
2023-11-01,000042.SZ,buy,9.355345999999999,400,3742.1384,5.0,0.0,O002178,2023-10-31
2023-11-01,000047.SZ,buy,14.228614399999998,300,4268.584319999999,5.0,0.0,O002179,2023-10-31
2023-11-01,000049.SZ,buy,9.6861765,400,3874.4706,5.0,0.0,O002180,2023-10-31
2023-11-01,000050.SZ,buy,10.205195,400,4082.078,5.0,0.0,O002181,2023-10-31
2023-11-02,000021.SZ,sell,11.1636252,1200,13396.35024,5.0,13.39635024,O002182,2023-11-01
2023-11-02,000044.SZ,sell,11.0078811,4300,47333.88873,11.8334721825,47.33388873,O002183,2023-11-01
2023-11-02,000006.SZ,buy,9.153544399999998,1000,9153.544399999997,5.0,0.0,O002184,2023-11-01
2023-11-02,000009.SZ,buy,10.377467099999999,800,8301.97368,5.0,0.0,O002185,2023-11-01
2023-11-02,000010.SZ,buy,11.937725799999999,700,8356.40806,5.0,0.0,O002186,2023-11-01
2023-11-02,000013.SZ,buy,13.172158999999999,700,9220.511299999998,5.0,0.0,O002187,2023-11-01
2023-11-02,000015.SZ,buy,11.439528099999999,800,9151.622479999998,5.0,0.0,O002188,2023-11-01
2023-11-02,000017.SZ,buy,11.725413699999997,700,8207.789589999998,5.0,0.0,O002189,2023-11-01
2023-11-02,000018.SZ,buy,10.432221799999999,800,8345.77744,5.0,0.0,O002190,2023-11-01
2023-11-02,000042.SZ,buy,9.4849755,900,8536.477949999999,5.0,0.0,O002191,2023-11-01
2023-11-02,000047.SZ,buy,14.385571199999998,600,8631.342719999999,5.0,0.0,O002192,2023-11-01
2023-11-02,000049.SZ,buy,9.854845,900,8869.360499999999,5.0,0.0,O002193,2023-11-01
2023-11-03,000025.SZ,sell,10.241548199999999,3200,32772.95424,8.19323856,32.77295424,O002194,2023-11-02
2023-11-03,000045.SZ,sell,12.790197000000001,1300,16627.256100000002,5.0,16.627256100000004,O002195,2023-11-02
2023-11-03,000006.SZ,buy,9.221712499999999,700,6455.19875,5.0,0.0,O002196,2023-11-02
2023-11-03,000010.SZ,buy,12.145032899999999,500,6072.516449999999,5.0,0.0,O002197,2023-11-02
2023-11-03,000013.SZ,buy,13.782969199999998,400,5513.187679999999,5.0,0.0,O002198,2023-11-02
2023-11-03,000015.SZ,buy,11.371460099999998,500,5685.730049999999,5.0,0.0,O002199,2023-11-02
2023-11-03,000018.SZ,buy,10.594684099999998,600,6356.810459999999,5.0,0.0,O002200,2023-11-02
2023-11-03,000036.SZ,buy,10.0548448,600,6032.90688,5.0,0.0,O002201,2023-11-02
2023-11-03,000042.SZ,buy,9.8197099,600,5891.82594,5.0,0.0,O002202,2023-11-02
2023-11-03,000043.SZ,buy,9.703493799999999,700,6792.445659999999,5.0,0.0,O002203,2023-11-02
2023-11-03,000048.SZ,buy,5.7420363,1100,6316.23993,5.0,0.0,O002204,2023-11-02
2023-11-03,000049.SZ,buy,10.1686585,600,6101.1951,5.0,0.0,O002205,2023-11-02
2023-11-06,000002.SZ,sell,7.2805121999999995,20400,148522.44887999998,37.130612219999996,148.52244887999998,O002206,2023-11-03
2023-11-06,000005.SZ,sell,14.411773799999999,100,1441.1773799999999,5.0,1.4411773799999998,O002207,2023-11-03
2023-11-06,000022.SZ,sell,7.216276499999999,3400,24535.340099999998,6.133835025,24.5353401,O002208,2023-11-03
2023-11-06,000010.SZ,buy,12.249136899999998,400,4899.654759999999,5.0,0.0,O002209,2023-11-03
2023-11-06,000013.SZ,buy,13.5040906,400,5401.63624,5.0,0.0,O002210,2023-11-03
2023-11-06,000015.SZ,buy,11.210299099999999,500,5605.149549999999,5.0,0.0,O002211,2023-11-03
2023-11-06,000018.SZ,buy,11.0022913,500,5501.1456499999995,5.0,0.0,O002212,2023-11-03
2023-11-06,000036.SZ,buy,10.079569499999998,500,5039.784749999999,5.0,0.0,O002213,2023-11-03
2023-11-06,000042.SZ,buy,10.0525425,500,5026.27125,5.0,0.0,O002214,2023-11-03
2023-11-06,000043.SZ,buy,9.753744,500,4876.871999999999,5.0,0.0,O002215,2023-11-03
2023-11-06,000048.SZ,buy,5.771465699999999,900,5194.31913,5.0,0.0,O002216,2023-11-03
2023-11-06,000049.SZ,buy,10.178067899999999,500,5089.033949999999,5.0,0.0,O002217,2023-11-03
2023-11-06,000050.SZ,buy,10.325615299999999,500,5162.80765,5.0,0.0,O002218,2023-11-03
2023-11-07,000012.SZ,sell,13.7090772,1700,23305.431239999998,5.826357809999999,23.305431239999997,O002219,2023-11-06
2023-11-07,000017.SZ,sell,11.325363300000001,2700,30578.480910000002,7.644620227500001,30.578480910000003,O002220,2023-11-06
2023-11-07,000003.SZ,buy,13.666352699999997,1200,16399.623239999997,5.0,0.0,O002221,2023-11-06
2023-11-07,000010.SZ,buy,12.3416293,1400,17278.28102,5.0,0.0,O002222,2023-11-06
2023-11-07,000026.SZ,buy,9.8174076,1700,16689.59292,5.0,0.0,O002223,2023-11-06
2023-11-07,000030.SZ,buy,10.4173069,1600,16667.691039999998,5.0,0.0,O002224,2023-11-06
2023-11-07,000032.SZ,buy,8.505496999999998,2000,17010.993999999995,5.0,0.0,O002225,2023-11-06
2023-11-07,000035.SZ,buy,10.275365099999998,1600,16440.58416,5.0,0.0,O002226,2023-11-06
2023-11-07,000042.SZ,buy,9.978968999999998,1700,16964.247299999995,5.0,0.0,O002227,2023-11-06
2023-11-07,000043.SZ,buy,9.822112299999999,1700,16697.59091,5.0,0.0,O002228,2023-11-06
2023-11-07,000046.SZ,buy,15.689373699999999,1100,17258.31107,5.0,0.0,O002229,2023-11-06
2023-11-07,000049.SZ,buy,10.3819716,1600,16611.15456,5.0,0.0,O002230,2023-11-06
2023-11-08,000039.SZ,sell,10.2874023,7600,78184.25748,19.54606437,78.18425748,O002231,2023-11-07
2023-11-08,000003.SZ,buy,13.958544599999998,400,5583.417839999999,5.0,0.0,O002232,2023-11-07
2023-11-08,000018.SZ,buy,11.157146,500,5578.572999999999,5.0,0.0,O002233,2023-11-07
2023-11-08,000026.SZ,buy,9.9600501,600,5976.03006,5.0,0.0,O002234,2023-11-07
2023-11-08,000030.SZ,buy,10.4521417,600,6271.28502,5.0,0.0,O002235,2023-11-07
2023-11-08,000032.SZ,buy,8.758850099999998,700,6131.195069999999,5.0,0.0,O002236,2023-11-07
2023-11-08,000035.SZ,buy,10.1768667,600,6106.120019999999,5.0,0.0,O002237,2023-11-07
2023-11-08,000040.SZ,buy,13.630516899999998,400,5452.206759999999,5.0,0.0,O002238,2023-11-07
2023-11-08,000043.SZ,buy,9.9243144,600,5954.58864,5.0,0.0,O002239,2023-11-07
2023-11-08,000047.SZ,buy,15.0939789,400,6037.59156,5.0,0.0,O002240,2023-11-07
2023-11-08,000049.SZ,buy,10.7979872,500,5398.9936,5.0,0.0,O002241,2023-11-07
2023-11-09,000041.SZ,sell,12.414572999999999,3400,42209.5482,10.55238705,42.2095482,O002242,2023-11-08
2023-11-09,000003.SZ,buy,13.460246799999998,600,8076.148079999999,5.0,0.0,O002243,2023-11-08
2023-11-09,000016.SZ,buy,11.0389279,700,7727.249529999999,5.0,0.0,O002244,2023-11-08
2023-11-09,000018.SZ,buy,10.952341399999998,700,7666.638979999999,5.0,0.0,O002245,2023-11-08
2023-11-09,000026.SZ,buy,9.428018599999998,800,7542.414879999998,5.0,0.0,O002246,2023-11-08
2023-11-09,000027.SZ,buy,7.974866899999999,1000,7974.866899999999,5.0,0.0,O002247,2023-11-08
2023-11-09,000030.SZ,buy,10.5088984,700,7356.22888,5.0,0.0,O002248,2023-11-08
2023-11-09,000032.SZ,buy,8.4829745,900,7634.677049999999,5.0,0.0,O002249,2023-11-08
2023-11-09,000040.SZ,buy,13.722208499999999,600,8233.3251,5.0,0.0,O002250,2023-11-08
2023-11-09,000048.SZ,buy,5.908902999999999,1400,8272.464199999999,5.0,0.0,O002251,2023-11-08
2023-11-09,000049.SZ,buy,10.775865099999999,700,7543.10557,5.0,0.0,O002252,2023-11-08
2023-11-10,000013.SZ,sell,12.954432599999999,5000,64772.16299999999,16.193040749999998,64.77216299999999,O002253,2023-11-09
2023-11-10,000036.SZ,sell,9.3457449,1100,10280.31939,5.0,10.28031939,O002254,2023-11-09
2023-11-10,000042.SZ,sell,9.2765142,10800,100186.35336,25.04658834,100.18635336,O002255,2023-11-09
2023-11-10,000002.SZ,buy,7.599391799999999,600,4559.63508,5.0,0.0,O002256,2023-11-09
2023-11-10,000003.SZ,buy,13.159346199999998,300,3947.8038599999995,5.0,0.0,O002257,2023-11-09
2023-11-10,000010.SZ,buy,12.5268143,300,3758.04429,5.0,0.0,O002258,2023-11-09
2023-11-10,000016.SZ,buy,11.2799687,400,4511.98748,5.0,0.0,O002259,2023-11-09
2023-11-10,000027.SZ,buy,8.0646566,600,4838.79396,5.0,0.0,O002260,2023-11-09
2023-11-10,000030.SZ,buy,10.552041499999998,400,4220.816599999999,5.0,0.0,O002261,2023-11-09
2023-11-10,000032.SZ,buy,8.672764099999998,500,4336.382049999999,5.0,0.0,O002262,2023-11-09
2023-11-10,000046.SZ,buy,15.674658999999998,300,4702.3976999999995,5.0,0.0,O002263,2023-11-09
2023-11-10,000048.SZ,buy,6.120013899999999,700,4284.00973,5.0,0.0,O002264,2023-11-09
2023-11-10,000049.SZ,buy,10.667056399999998,400,4266.82256,5.0,0.0,O002265,2023-11-09
2023-11-13,000001.SZ,buy,9.5337242,1800,17160.70356,5.0,0.0,O002266,2023-11-10
2023-11-13,000002.SZ,buy,7.584076499999999,2200,16684.968299999997,5.0,0.0,O002267,2023-11-10
2023-11-13,000003.SZ,buy,13.692278599999998,1200,16430.734319999996,5.0,0.0,O002268,2023-11-10
2023-11-13,000015.SZ,buy,11.625213599999999,1400,16275.299039999998,5.0,0.0,O002269,2023-11-10
2023-11-13,000016.SZ,buy,11.191680499999999,1500,16787.52075,5.0,0.0,O002270,2023-11-10
2023-11-13,000022.SZ,buy,7.604296699999999,2200,16729.452739999997,5.0,0.0,O002271,2023-11-10
2023-11-13,000030.SZ,buy,10.3520417,1600,16563.26672,5.0,0.0,O002272,2023-11-10
2023-11-13,000033.SZ,buy,12.330718399999999,1400,17263.005759999996,5.0,0.0,O002273,2023-11-10
2023-11-13,000048.SZ,buy,6.406600199999999,2700,17297.820539999997,5.0,0.0,O002274,2023-11-10
2023-11-13,000049.SZ,buy,11.092781699999998,1500,16639.172549999996,5.0,0.0,O002275,2023-11-10
2023-11-14,000018.SZ,sell,10.3952943,4400,45739.29492,11.43482373,45.73929492,O002276,2023-11-13
2023-11-14,000001.SZ,buy,9.6382286,100,963.82286,5.0,0.0,O002277,2023-11-13
2023-11-14,000002.SZ,buy,7.758250499999999,100,775.8250499999999,5.0,0.0,O002278,2023-11-13
2023-11-14,000004.SZ,buy,11.667255599999999,100,1166.7255599999999,5.0,0.0,O002279,2023-11-13
2023-11-14,000006.SZ,buy,9.5940845,100,959.4084499999999,5.0,0.0,O002280,2023-11-13
2023-11-14,000016.SZ,buy,11.207996799999998,100,1120.7996799999999,5.0,0.0,O002281,2023-11-13
2023-11-14,000027.SZ,buy,7.7930852999999995,100,779.3085299999999,5.0,0.0,O002282,2023-11-13
2023-11-14,000033.SZ,buy,12.482269799999997,100,1248.2269799999997,5.0,0.0,O002283,2023-11-13
2023-11-14,000040.SZ,buy,14.033119099999999,100,1403.31191,5.0,0.0,O002284,2023-11-13
2023-11-14,000048.SZ,buy,6.588581999999999,200,1317.7163999999998,5.0,0.0,O002285,2023-11-13
2023-11-14,000049.SZ,buy,11.2624512,100,1126.2451199999998,5.0,0.0,O002286,2023-11-13
2023-11-15,000047.SZ,sell,14.2940916,1900,27158.77404,6.78969351,27.15877404,O002287,2023-11-14
2023-11-15,000002.SZ,buy,7.600592999999999,600,4560.355799999999,5.0,0.0,O002288,2023-11-14
2023-11-15,000004.SZ,buy,11.726214499999998,400,4690.485799999999,5.0,0.0,O002289,2023-11-14
2023-11-15,000006.SZ,buy,9.668358699999999,400,3867.3434799999995,5.0,0.0,O002290,2023-11-14
2023-11-15,000013.SZ,buy,13.382368999999999,300,4014.7106999999996,5.0,0.0,O002291,2023-11-14
2023-11-15,000014.SZ,buy,11.188176999999998,400,4475.270799999999,5.0,0.0,O002292,2023-11-14
2023-11-15,000016.SZ,buy,11.485073599999998,400,4594.029439999999,5.0,0.0,O002293,2023-11-14
2023-11-15,000028.SZ,buy,7.745337599999999,600,4647.20256,5.0,0.0,O002294,2023-11-14
2023-11-15,000031.SZ,buy,6.7720652999999995,700,4740.44571,5.0,0.0,O002295,2023-11-14
2023-11-15,000033.SZ,buy,12.736824099999998,300,3821.047229999999,5.0,0.0,O002296,2023-11-14
2023-11-15,000048.SZ,buy,6.558752199999999,700,4591.126539999999,5.0,0.0,O002297,2023-11-14
2023-11-16,000022.SZ,sell,7.1910017999999996,2200,15820.203959999999,5.0,15.820203959999999,O002298,2023-11-15
2023-11-16,000030.SZ,sell,9.8114787,4900,48076.245630000005,12.0190614075,48.07624563,O002299,2023-11-15
2023-11-16,000001.SZ,buy,9.5023929,300,2850.71787,5.0,0.0,O002300,2023-11-15
2023-11-16,000002.SZ,buy,7.6128051999999995,400,3045.1220799999996,5.0,0.0,O002301,2023-11-15
2023-11-16,000006.SZ,buy,9.4009916,300,2820.2974799999997,5.0,0.0,O002302,2023-11-15
2023-11-16,000016.SZ,buy,11.777365599999998,200,2355.4731199999997,5.0,0.0,O002303,2023-11-15
2023-11-16,000026.SZ,buy,9.8275177,300,2948.25531,5.0,0.0,O002304,2023-11-15
2023-11-16,000028.SZ,buy,7.852744899999999,300,2355.82347,5.0,0.0,O002305,2023-11-15
2023-11-16,000031.SZ,buy,6.600293699999999,400,2640.1174799999994,5.0,0.0,O002306,2023-11-15
2023-11-16,000048.SZ,buy,6.376970599999999,400,2550.7882399999994,5.0,0.0,O002307,2023-11-15
2023-11-16,000049.SZ,buy,11.267356099999999,200,2253.47122,5.0,0.0,O002308,2023-11-15
2023-11-16,000050.SZ,buy,10.6677571,200,2133.55142,5.0,0.0,O002309,2023-11-15
2023-11-17,000001.SZ,buy,9.4187093,700,6593.096509999999,5.0,0.0,O002310,2023-11-16
2023-11-17,000009.SZ,buy,10.4279175,600,6256.7505,5.0,0.0,O002311,2023-11-16
2023-11-17,000013.SZ,buy,13.524310799999999,400,5409.724319999999,5.0,0.0,O002312,2023-11-16
2023-11-17,000026.SZ,buy,9.814704899999999,600,5888.822939999999,5.0,0.0,O002313,2023-11-16
2023-11-17,000028.SZ,buy,7.862054199999998,800,6289.643359999999,5.0,0.0,O002314,2023-11-16
2023-11-17,000035.SZ,buy,10.079269199999999,600,6047.561519999999,5.0,0.0,O002315,2023-11-16
2023-11-17,000037.SZ,buy,8.4425341,700,5909.77387,5.0,0.0,O002316,2023-11-16
2023-11-17,000042.SZ,buy,10.0145045,600,6008.7027,5.0,0.0,O002317,2023-11-16
2023-11-17,000048.SZ,buy,6.411104699999999,1000,6411.104699999999,5.0,0.0,O002318,2023-11-16
2023-11-17,000049.SZ,buy,11.469057599999998,500,5734.528799999999,5.0,0.0,O002319,2023-11-16
2023-11-20,000015.SZ,sell,10.6296597,3600,38266.774919999996,9.566693729999999,38.266774919999996,O002320,2023-11-17
2023-11-20,000033.SZ,sell,11.863524600000002,1800,21354.34428,5.338586070000001,21.354344280000003,O002321,2023-11-17
2023-11-20,000040.SZ,sell,13.1482386,4000,52592.9544,13.1482386,52.5929544,O002322,2023-11-17
2023-11-20,000028.SZ,buy,7.6622546,100,766.22546,5.0,0.0,O002323,2023-11-17
2023-11-20,000029.SZ,buy,9.2899807,100,928.9980699999999,5.0,0.0,O002324,2023-11-17
2023-11-20,000037.SZ,buy,8.3862779,100,838.62779,5.0,0.0,O002325,2023-11-17
2023-11-21,000002.SZ,sell,7.1991936,3900,28076.85504,7.0192137599999995,28.076855039999998,O002326,2023-11-20
2023-11-21,000031.SZ,sell,6.389604,8900,56867.475600000005,14.216868900000001,56.867475600000006,O002327,2023-11-20
2023-11-21,000048.SZ,sell,6.3214722,9900,62582.574779999995,15.645643694999999,62.582574779999995,O002328,2023-11-20
2023-11-21,000004.SZ,buy,12.284672399999998,900,11056.205159999998,5.0,0.0,O002329,2023-11-20
2023-11-21,000009.SZ,buy,10.7634527,1000,10763.4527,5.0,0.0,O002330,2023-11-20
2023-11-21,000013.SZ,buy,13.948434499999998,800,11158.747599999999,5.0,0.0,O002331,2023-11-20
2023-11-21,000018.SZ,buy,11.1792681,1000,11179.2681,5.0,0.0,O002332,2023-11-20
2023-11-21,000024.SZ,buy,7.543235699999999,1500,11314.85355,5.0,0.0,O002333,2023-11-20
2023-11-21,000026.SZ,buy,10.008398399999999,1100,11009.238239999999,5.0,0.0,O002334,2023-11-20
2023-11-21,000027.SZ,buy,8.328620299999999,1300,10827.20639,5.0,0.0,O002335,2023-11-20
2023-11-21,000042.SZ,buy,10.104794699999998,1100,11115.274169999997,5.0,0.0,O002336,2023-11-20
2023-11-21,000047.SZ,buy,14.664149499999999,700,10264.904649999999,5.0,0.0,O002337,2023-11-20
2023-11-21,000050.SZ,buy,10.824914099999999,1000,10824.9141,5.0,0.0,O002338,2023-11-20
2023-11-22,000004.SZ,buy,12.263050799999998,1200,14715.660959999997,5.0,0.0,O002339,2023-11-21
2023-11-22,000009.SZ,buy,10.937426499999999,1300,14218.654449999998,5.0,0.0,O002340,2023-11-21
2023-11-22,000018.SZ,buy,11.356445099999998,1300,14763.378629999997,5.0,0.0,O002341,2023-11-21
2023-11-22,000023.SZ,buy,8.2786704,1800,14901.606719999998,5.0,0.0,O002342,2023-11-21
2023-11-22,000024.SZ,buy,7.8246167999999985,1900,14866.771919999997,5.0,0.0,O002343,2023-11-21
2023-11-22,000035.SZ,buy,10.199789599999999,1400,14279.705439999998,5.0,0.0,O002344,2023-11-21
2023-11-22,000039.SZ,buy,10.7092986,1300,13922.08818,5.0,0.0,O002345,2023-11-21
2023-11-22,000042.SZ,buy,10.284974699999998,1400,14398.964579999996,5.0,0.0,O002346,2023-11-21
2023-11-22,000047.SZ,buy,15.406691299999997,900,13866.022169999997,5.0,0.0,O002347,2023-11-21
2023-11-22,000050.SZ,buy,10.875564699999998,1300,14138.234109999998,5.0,0.0,O002348,2023-11-21
2023-11-23,000004.SZ,buy,12.320508199999997,100,1232.0508199999997,5.0,0.0,O002349,2023-11-22
2023-11-23,000014.SZ,buy,11.48147,100,1148.147,5.0,0.0,O002350,2023-11-22
2023-11-23,000023.SZ,buy,8.396988599999998,100,839.6988599999999,5.0,0.0,O002351,2023-11-22
2023-11-23,000024.SZ,buy,8.276868599999998,100,827.6868599999998,5.0,0.0,O002352,2023-11-22
2023-11-23,000036.SZ,buy,9.4231137,100,942.31137,5.0,0.0,O002353,2023-11-22
2023-11-23,000039.SZ,buy,11.202791599999998,100,1120.2791599999998,5.0,0.0,O002354,2023-11-22
2023-11-23,000042.SZ,buy,10.2116014,100,1021.16014,5.0,0.0,O002355,2023-11-22
2023-11-24,000029.SZ,sell,8.541849599999999,100,854.1849599999999,5.0,0.85418496,O002356,2023-11-23
2023-11-24,000043.SZ,sell,9.1706202,3500,32097.1707,8.024292675,32.0971707,O002357,2023-11-23
2023-11-27,000018.SZ,sell,10.5827067,2300,24340.22541,6.0850563525,24.34022541,O002358,2023-11-24
2023-11-27,000032.SZ,sell,8.159132699999999,4100,33452.44407,8.3631110175,33.45244407,O002359,2023-11-24
2023-11-27,000046.SZ,sell,14.1442416,4500,63649.0872,15.912271800000001,63.649087200000004,O002360,2023-11-24
2023-11-27,000001.SZ,buy,9.8710612,300,2961.3183599999998,5.0,0.0,O002361,2023-11-24
2023-11-27,000005.SZ,buy,14.341427099999999,200,2868.2854199999997,5.0,0.0,O002362,2023-11-24
2023-11-27,000023.SZ,buy,8.573364799999998,400,3429.3459199999993,5.0,0.0,O002363,2023-11-24
2023-11-27,000024.SZ,buy,8.745736999999998,400,3498.294799999999,5.0,0.0,O002364,2023-11-24
2023-11-27,000030.SZ,buy,10.164153999999998,300,3049.2461999999996,5.0,0.0,O002365,2023-11-24
2023-11-27,000041.SZ,buy,11.260048799999998,300,3378.0146399999994,5.0,0.0,O002366,2023-11-24
2023-11-27,000042.SZ,buy,10.8931823,300,3267.95469,5.0,0.0,O002367,2023-11-24
2023-11-27,000044.SZ,buy,11.323912599999998,300,3397.1737799999996,5.0,0.0,O002368,2023-11-24
2023-11-27,000045.SZ,buy,11.7805688,300,3534.17064,5.0,0.0,O002369,2023-11-24
2023-11-27,000047.SZ,buy,14.782467699999998,200,2956.4935399999995,5.0,0.0,O002370,2023-11-24
2023-11-28,000006.SZ,sell,9.0160749,6600,59506.094339999996,14.876523585,59.50609434,O002371,2023-11-27
2023-11-28,000050.SZ,sell,10.2060837,4000,40824.334800000004,10.2060837,40.8243348,O002372,2023-11-27
2023-11-28,000016.SZ,buy,11.751139399999998,1000,11751.139399999998,5.0,0.0,O002373,2023-11-27
2023-11-28,000022.SZ,buy,7.356449099999999,1600,11770.318559999998,5.0,0.0,O002374,2023-11-27
2023-11-28,000024.SZ,buy,8.403394999999998,1400,11764.752999999997,5.0,0.0,O002375,2023-11-27
2023-11-28,000028.SZ,buy,7.939831899999999,1500,11909.747849999998,5.0,0.0,O002376,2023-11-27
2023-11-28,000030.SZ,buy,9.9844745,1200,11981.3694,5.0,0.0,O002377,2023-11-27
2023-11-28,000035.SZ,buy,10.429519099999998,1100,11472.471009999997,5.0,0.0,O002378,2023-11-27
2023-11-28,000036.SZ,buy,9.6389293,1200,11566.71516,5.0,0.0,O002379,2023-11-27
2023-11-28,000042.SZ,buy,10.900489599999998,1100,11990.538559999999,5.0,0.0,O002380,2023-11-27
2023-11-28,000044.SZ,buy,11.667455799999997,1000,11667.455799999998,5.0,0.0,O002381,2023-11-27
2023-11-28,000049.SZ,buy,11.135124,1000,11135.124,5.0,0.0,O002382,2023-11-27
2023-11-29,000045.SZ,sell,11.0072817,300,3302.18451,5.0,3.30218451,O002383,2023-11-28
2023-11-29,000047.SZ,sell,14.0484375,1800,25287.1875,6.321796875,25.2871875,O002384,2023-11-28
2023-11-29,000004.SZ,buy,12.8197069,800,10255.76552,5.0,0.0,O002385,2023-11-28
2023-11-29,000016.SZ,buy,11.7699582,800,9415.966559999999,5.0,0.0,O002386,2023-11-28
2023-11-29,000024.SZ,buy,8.482674199999998,1200,10179.209039999998,5.0,0.0,O002387,2023-11-28
2023-11-29,000028.SZ,buy,8.0403323,1300,10452.43199,5.0,0.0,O002388,2023-11-28
2023-11-29,000030.SZ,buy,10.167257099999999,1000,10167.257099999999,5.0,0.0,O002389,2023-11-28
2023-11-29,000035.SZ,buy,10.576966399999998,900,9519.269759999997,5.0,0.0,O002390,2023-11-28
2023-11-29,000036.SZ,buy,9.4656562,1100,10412.221819999999,5.0,0.0,O002391,2023-11-28
2023-11-29,000037.SZ,buy,8.7929842,1200,10551.58104,5.0,0.0,O002392,2023-11-28
2023-11-29,000039.SZ,buy,11.060349299999999,900,9954.314369999998,5.0,0.0,O002393,2023-11-28
2023-11-29,000042.SZ,buy,10.780169399999998,900,9702.15246,5.0,0.0,O002394,2023-11-28
2023-11-30,000014.SZ,sell,10.7286606,500,5364.3303,5.0,5.3643303,O002395,2023-11-29
2023-11-30,000001.SZ,buy,10.184774599999999,300,3055.4323799999997,5.0,0.0,O002396,2023-11-29
2023-11-30,000004.SZ,buy,12.8861733,200,2577.23466,5.0,0.0,O002397,2023-11-29
2023-11-30,000009.SZ,buy,11.298287,300,3389.4861,5.0,0.0,O002398,2023-11-29
2023-11-30,000015.SZ,buy,10.474964499999999,300,3142.48935,5.0,0.0,O002399,2023-11-29
2023-11-30,000023.SZ,buy,8.7164077,400,3486.56308,5.0,0.0,O002400,2023-11-29
2023-11-30,000024.SZ,buy,8.720111399999999,400,3488.0445599999994,5.0,0.0,O002401,2023-11-29
2023-11-30,000028.SZ,buy,8.1788707,400,3271.5482799999995,5.0,0.0,O002402,2023-11-29
2023-11-30,000030.SZ,buy,10.2456354,300,3073.69062,5.0,0.0,O002403,2023-11-29
2023-11-30,000035.SZ,buy,11.040729699999998,300,3312.2189099999996,5.0,0.0,O002404,2023-11-29
2023-11-30,000037.SZ,buy,8.692583899999999,400,3477.0335599999994,5.0,0.0,O002405,2023-11-29
2023-12-01,000010.SZ,sell,11.4079806,12300,140318.16138,35.079540345000005,140.31816138000002,O002406,2023-11-30
2023-12-01,000022.SZ,sell,6.7781151,1600,10844.98416,5.0,10.844984160000001,O002407,2023-11-30
2023-12-01,000036.SZ,sell,8.867323800000001,2400,21281.57712,5.32039428,21.28157712,O002408,2023-11-30
2023-12-01,000001.SZ,buy,10.243633399999998,100,1024.3633399999999,5.0,0.0,O002409,2023-11-30
2023-12-01,000015.SZ,buy,10.3325222,100,1033.2522199999999,5.0,0.0,O002410,2023-11-30
2023-12-01,000017.SZ,buy,9.947637699999998,100,994.7637699999998,5.0,0.0,O002411,2023-11-30
2023-12-01,000023.SZ,buy,8.4715631,100,847.15631,5.0,0.0,O002412,2023-11-30
2023-12-01,000027.SZ,buy,8.234726499999999,100,823.4726499999999,5.0,0.0,O002413,2023-11-30
2023-12-01,000029.SZ,buy,8.8075988,100,880.75988,5.0,0.0,O002414,2023-11-30
2023-12-01,000031.SZ,buy,6.4309245,100,643.09245,5.0,0.0,O002415,2023-11-30
2023-12-01,000035.SZ,buy,10.833422599999999,100,1083.34226,5.0,0.0,O002416,2023-11-30
2023-12-04,000004.SZ,buy,13.788074299999998,1200,16545.689159999998,5.0,0.0,O002417,2023-12-01
2023-12-04,000005.SZ,buy,14.867152299999997,1100,16353.867529999998,5.0,0.0,O002418,2023-12-01
2023-12-04,000009.SZ,buy,11.312301,1400,15837.2214,5.0,0.0,O002419,2023-12-01
2023-12-04,000013.SZ,buy,13.690576899999998,1200,16428.69228,5.0,0.0,O002420,2023-12-01
2023-12-04,000017.SZ,buy,10.187977799999999,1600,16300.764479999998,5.0,0.0,O002421,2023-12-01
2023-12-04,000028.SZ,buy,7.916208299999999,2100,16624.037429999997,5.0,0.0,O002422,2023-12-01
2023-12-04,000031.SZ,buy,6.6274207999999994,2500,16568.552,5.0,0.0,O002423,2023-12-01
2023-12-04,000035.SZ,buy,11.3687574,1400,15916.26036,5.0,0.0,O002424,2023-12-01
2023-12-04,000046.SZ,buy,14.905991099999998,1100,16396.59021,5.0,0.0,O002425,2023-12-01
2023-12-04,000050.SZ,buy,10.7619512,1500,16142.926800000001,5.0,0.0,O002426,2023-12-01
2023-12-05,000017.SZ,buy,10.288478199999998,100,1028.8478199999997,5.0,0.0,O002427,2023-12-04
2023-12-05,000029.SZ,buy,9.184575399999998,100,918.4575399999998,5.0,0.0,O002428,2023-12-04
2023-12-05,000031.SZ,buy,6.7196128999999996,100,671.96129,5.0,0.0,O002429,2023-12-04
2023-12-05,000035.SZ,buy,11.366555199999999,100,1136.6555199999998,5.0,0.0,O002430,2023-12-04
2023-12-05,000039.SZ,buy,11.125114,100,1112.5114,5.0,0.0,O002431,2023-12-04
2023-12-05,000048.SZ,buy,6.389783399999999,200,1277.9566799999998,5.0,0.0,O002432,2023-12-04
2023-12-05,000049.SZ,buy,11.780168399999999,100,1178.01684,5.0,0.0,O002433,2023-12-04
2023-12-05,000050.SZ,buy,10.994383399999998,100,1099.43834,5.0,0.0,O002434,2023-12-04
2023-12-06,000001.SZ,sell,9.223367399999999,3600,33204.122639999994,8.301030659999999,33.204122639999994,O002435,2023-12-05
2023-12-06,000044.SZ,sell,10.851537599999999,1300,14106.998879999997,5.0,14.106998879999997,O002436,2023-12-05
2023-12-07,000009.SZ,sell,10.7103789,5400,57836.04606,14.459011515,57.83604606,O002437,2023-12-06
2023-12-07,000002.SZ,buy,7.0728658,700,4951.00606,5.0,0.0,O002438,2023-12-06
2023-12-07,000004.SZ,buy,14.628914299999998,300,4388.674289999999,5.0,0.0,O002439,2023-12-06
2023-12-07,000005.SZ,buy,15.353938599999998,300,4606.1815799999995,5.0,0.0,O002440,2023-12-06
2023-12-07,000006.SZ,buy,9.453143699999998,500,4726.571849999999,5.0,0.0,O002441,2023-12-06
2023-12-07,000013.SZ,buy,13.946832899999999,300,4184.04987,5.0,0.0,O002442,2023-12-06
2023-12-07,000017.SZ,buy,10.688577899999999,400,4275.431159999999,5.0,0.0,O002443,2023-12-06
2023-12-07,000029.SZ,buy,9.182573399999999,500,4591.2867,5.0,0.0,O002444,2023-12-06
2023-12-07,000031.SZ,buy,6.702095399999999,700,4691.46678,5.0,0.0,O002445,2023-12-06
2023-12-07,000048.SZ,buy,6.3050988,700,4413.56916,5.0,0.0,O002446,2023-12-06
2023-12-07,000049.SZ,buy,12.3229106,400,4929.16424,5.0,0.0,O002447,2023-12-06
2023-12-08,000039.SZ,sell,10.319370300000001,2400,24766.48872,6.19162218,24.76648872,O002448,2023-12-07
2023-12-08,000002.SZ,buy,7.3001929,800,5840.15432,5.0,0.0,O002449,2023-12-07
2023-12-08,000004.SZ,buy,14.142528399999998,400,5657.0113599999995,5.0,0.0,O002450,2023-12-07
2023-12-08,000005.SZ,buy,15.056541499999998,400,6022.616599999999,5.0,0.0,O002451,2023-12-07
2023-12-08,000006.SZ,buy,9.4796702,600,5687.802119999999,5.0,0.0,O002452,2023-12-07
2023-12-08,000013.SZ,buy,14.068053999999998,400,5627.221599999999,5.0,0.0,O002453,2023-12-07
2023-12-08,000017.SZ,buy,10.699789099999998,500,5349.894549999999,5.0,0.0,O002454,2023-12-07
2023-12-08,000018.SZ,buy,11.275163899999999,500,5637.58195,5.0,0.0,O002455,2023-12-07
2023-12-08,000023.SZ,buy,9.101392299999999,600,5460.8353799999995,5.0,0.0,O002456,2023-12-07
2023-12-08,000029.SZ,buy,9.216707499999998,600,5530.024499999999,5.0,0.0,O002457,2023-12-07
2023-12-08,000049.SZ,buy,12.3445322,400,4937.8128799999995,5.0,0.0,O002458,2023-12-07
2023-12-11,000016.SZ,sell,10.9199691,5100,55691.84241,13.9229606025,55.69184241,O002459,2023-12-08
2023-12-11,000035.SZ,sell,10.3459437,8300,85871.33270999999,21.467833177499998,85.87133270999999,O002460,2023-12-08
2023-12-11,000002.SZ,buy,7.143436299999999,400,2857.37452,5.0,0.0,O002461,2023-12-08
2023-12-11,000006.SZ,buy,9.730821099999998,300,2919.2463299999995,5.0,0.0,O002462,2023-12-08
2023-12-11,000013.SZ,buy,14.4401257,200,2888.0251399999997,5.0,0.0,O002463,2023-12-08
2023-12-11,000018.SZ,buy,11.579768199999998,200,2315.9536399999997,5.0,0.0,O002464,2023-12-08
2023-12-11,000023.SZ,buy,9.609800199999999,300,2882.9400599999994,5.0,0.0,O002465,2023-12-08
2023-12-11,000029.SZ,buy,9.3702609,300,2811.07827,5.0,0.0,O002466,2023-12-08
2023-12-11,000030.SZ,buy,10.674363699999999,200,2134.87274,5.0,0.0,O002467,2023-12-08
2023-12-11,000031.SZ,buy,6.898591699999999,400,2759.43668,5.0,0.0,O002468,2023-12-08
2023-12-11,000033.SZ,buy,11.5724609,200,2314.4921799999997,5.0,0.0,O002469,2023-12-08
2023-12-11,000049.SZ,buy,12.8510382,200,2570.20764,5.0,0.0,O002470,2023-12-08
2023-12-12,000041.SZ,sell,9.9654246,300,2989.62738,5.0,2.98962738,O002471,2023-12-11
2023-12-12,000013.SZ,buy,14.493178699999998,900,13043.860829999998,5.0,0.0,O002472,2023-12-11
2023-12-12,000017.SZ,buy,10.710399699999998,1300,13923.519609999998,5.0,0.0,O002473,2023-12-11
2023-12-12,000018.SZ,buy,11.5280165,1200,13833.6198,5.0,0.0,O002474,2023-12-11
2023-12-12,000023.SZ,buy,9.360751399999998,1500,14041.127099999998,5.0,0.0,O002475,2023-12-11
2023-12-12,000029.SZ,buy,9.7007911,1400,13581.10754,5.0,0.0,O002476,2023-12-11
2023-12-12,000030.SZ,buy,10.377767399999998,1300,13491.097619999997,5.0,0.0,O002477,2023-12-11
2023-12-12,000033.SZ,buy,11.7790673,1100,12956.97403,5.0,0.0,O002478,2023-12-11
2023-12-12,000044.SZ,buy,11.661149499999999,1200,13993.379399999998,5.0,0.0,O002479,2023-12-11
2023-12-12,000046.SZ,buy,15.359744399999999,900,13823.769959999998,5.0,0.0,O002480,2023-12-11
2023-12-12,000049.SZ,buy,12.636223599999997,1100,13899.845959999997,5.0,0.0,O002481,2023-12-11
2023-12-13,000004.SZ,sell,13.507179299999999,5600,75640.20408,18.91005102,75.64020408,O002482,2023-12-12
2023-12-13,000006.SZ,sell,8.851939199999999,1400,12392.714879999998,5.0,12.392714879999998,O002483,2023-12-12
2023-12-13,000027.SZ,sell,7.797294900000001,3100,24171.614190000004,6.042903547500001,24.171614190000003,O002484,2023-12-12
2023-12-13,000028.SZ,sell,7.3645281,7100,52288.14951,13.072037377500001,52.288149510000004,O002485,2023-12-12
2023-12-13,000048.SZ,sell,6.051042900000001,900,5445.93861,5.0,5.445938610000001,O002486,2023-12-12
2023-12-13,000009.SZ,buy,11.265354099999998,100,1126.5354099999997,5.0,0.0,O002487,2023-12-12
2023-12-13,000010.SZ,buy,12.078366299999999,100,1207.8366299999998,5.0,0.0,O002488,2023-12-12
2023-12-13,000018.SZ,buy,11.551539999999997,100,1155.1539999999998,5.0,0.0,O002489,2023-12-12
2023-12-13,000023.SZ,buy,9.043834799999999,100,904.38348,5.0,0.0,O002490,2023-12-12
2023-12-13,000029.SZ,buy,9.495986499999999,100,949.5986499999999,5.0,0.0,O002491,2023-12-12
2023-12-13,000031.SZ,buy,7.0183113,100,701.8311299999999,5.0,0.0,O002492,2023-12-12
2023-12-13,000042.SZ,buy,10.889878999999999,100,1088.9878999999999,5.0,0.0,O002493,2023-12-12
2023-12-13,000044.SZ,buy,11.492380899999999,100,1149.2380899999998,5.0,0.0,O002494,2023-12-12
2023-12-13,000049.SZ,buy,12.447034599999999,100,1244.70346,5.0,0.0,O002495,2023-12-12
2023-12-14,000026.SZ,sell,9.0505404,5100,46157.75603999999,11.539439009999999,46.157756039999995,O002496,2023-12-13
2023-12-14,000037.SZ,sell,7.9868052,2400,19168.33248,5.0,19.16833248,O002497,2023-12-13
2023-12-14,000003.SZ,buy,14.103189099999998,1100,15513.508009999998,5.0,0.0,O002498,2023-12-13
2023-12-14,000007.SZ,buy,13.989075099999997,1100,15387.982609999997,5.0,0.0,O002499,2023-12-13
2023-12-14,000009.SZ,buy,11.4806692,1400,16072.93688,5.0,0.0,O002500,2023-12-13
2023-12-14,000010.SZ,buy,12.4671547,1300,16207.30111,5.0,0.0,O002501,2023-12-13
2023-12-14,000018.SZ,buy,11.664753099999999,1400,16330.654339999997,5.0,0.0,O002502,2023-12-13
2023-12-14,000021.SZ,buy,9.135826699999999,1800,16444.48806,5.0,0.0,O002503,2023-12-13
2023-12-14,000025.SZ,buy,10.023213199999999,1600,16037.141119999998,5.0,0.0,O002504,2023-12-13
2023-12-14,000040.SZ,buy,12.479667199999998,1300,16223.567359999997,5.0,0.0,O002505,2023-12-13
2023-12-14,000042.SZ,buy,11.249638399999998,1400,15749.493759999998,5.0,0.0,O002506,2023-12-13
2023-12-14,000046.SZ,buy,15.797381599999998,1000,15797.381599999997,5.0,0.0,O002507,2023-12-13
2023-12-15,000023.SZ,sell,8.5848066,5300,45499.47498,11.374868745,45.49947498,O002508,2023-12-14
2023-12-15,000009.SZ,buy,11.825313499999998,600,7095.188099999999,5.0,0.0,O002509,2023-12-14
2023-12-15,000010.SZ,buy,12.3635512,600,7418.13072,5.0,0.0,O002510,2023-12-14
2023-12-15,000016.SZ,buy,11.4639525,600,6878.371499999999,5.0,0.0,O002511,2023-12-14
2023-12-15,000021.SZ,buy,9.2727635,800,7418.2108,5.0,0.0,O002512,2023-12-14
2023-12-15,000035.SZ,buy,10.735724999999999,700,7515.007499999999,5.0,0.0,O002513,2023-12-14
2023-12-15,000038.SZ,buy,10.0214114,700,7014.98798,5.0,0.0,O002514,2023-12-14
2023-12-15,000042.SZ,buy,11.0526416,600,6631.584959999999,5.0,0.0,O002515,2023-12-14
2023-12-15,000043.SZ,buy,9.3125032,800,7450.00256,5.0,0.0,O002516,2023-12-14
2023-12-15,000046.SZ,buy,15.801986199999998,400,6320.79448,5.0,0.0,O002517,2023-12-14
2023-12-15,000050.SZ,buy,10.8825717,700,7617.80019,5.0,0.0,O002518,2023-12-14
